component,year,quarter,month,freq,value,source_file,sheet,series_code,column,entry,variant,vintage,cbk_prelim,provisional,provisional_reason,sub_annual_discrepancy,discrepancy_reason
remittances,2009,1,NA,quarterly,121.83601289383704,29 Secondary Income.xls,BiP - Të ardhurat dytësore,967.1DF00Z.c.O.A.6,9,credit,baseline,2026-09,FALSE,FALSE,NA,FALSE,NA
remittances,2009,2,NA,quarterly,142.22061619902257,29 Secondary Income.xls,BiP - Të ardhurat dytësore,967.1DF00Z.c.O.A.6,9,credit,baseline,2026-09,FALSE,FALSE,NA,FALSE,NA
remittances,2009,3,NA,quarterly,174.74441655848076,29 Secondary Income.xls,BiP - Të ardhurat dytësore,967.1DF00Z.c.O.A.6,9,credit,baseline,2026-09,FALSE,FALSE,NA,FALSE,NA
remittances,2009,4,NA,quarterly,146.89403543202772,29 Secondary Income.xls,BiP - Të ardhurat dytësore,967.1DF00Z.c.O.A.6,9,credit,baseline,2026-09,FALSE,FALSE,NA,FALSE,NA
remittances,2010,1,NA,quarterly,120.68922608204092,29 Secondary Income.xls,BiP - Të ardhurat dytësore,967.1DF00Z.c.O.A.6,9,credit,baseline,2026-09,FALSE,FALSE,NA,FALSE,NA
remittances,2010,2,NA,quarterly,145,29 Secondary Income.xls,BiP - Të ardhurat dytësore,967.1DF00Z.c.O.A.6,9,credit,baseline,2026-09,FALSE,FALSE,NA,FALSE,NA
remittances,2010,3,NA,quarterly,165,29 Secondary Income.xls,BiP - Të ardhurat dytësore,967.1DF00Z.c.O.A.6,9,credit,baseline,2026-09,FALSE,FALSE,NA,FALSE,NA
remittances,2010,4,NA,quarterly,153.63780289455906,29 Secondary Income.xls,BiP - Të ardhurat dytësore,967.1DF00Z.c.O.A.6,9,credit,baseline,2026-09,FALSE,FALSE,NA,FALSE,NA
remittances,2011,1,NA,quarterly,117.57374796049193,29 Secondary Income.xls,BiP - Të ardhurat dytësore,967.1DF00Z.c.O.A.6,9,credit,baseline,2026-09,FALSE,FALSE,NA,FALSE,NA
remittances,2011,2,NA,quarterly,115.34074799972439,29 Secondary Income.xls,BiP - Të ardhurat dytësore,967.1DF00Z.c.O.A.6,9,credit,baseline,2026-09,FALSE,FALSE,NA,FALSE,NA
remittances,2011,3,NA,quarterly,128.24612213178827,29 Secondary Income.xls,BiP - Të ardhurat dytësore,967.1DF00Z.c.O.A.6,9,credit,baseline,2026-09,FALSE,FALSE,NA,FALSE,NA
remittances,2011,4,NA,quarterly,131.36277098427396,29 Secondary Income.xls,BiP - Të ardhurat dytësore,967.1DF00Z.c.O.A.6,9,credit,baseline,2026-09,FALSE,FALSE,NA,FALSE,NA
remittances,2012,1,NA,quarterly,108.74158839658892,29 Secondary Income.xls,BiP - Të ardhurat dytësore,967.1DF00Z.c.O.A.6,9,credit,baseline,2026-09,FALSE,FALSE,NA,FALSE,NA
remittances,2012,2,NA,quarterly,124.24706892773796,29 Secondary Income.xls,BiP - Të ardhurat dytësore,967.1DF00Z.c.O.A.6,9,credit,baseline,2026-09,FALSE,FALSE,NA,FALSE,NA
remittances,2012,3,NA,quarterly,132.8407904025281,29 Secondary Income.xls,BiP - Të ardhurat dytësore,967.1DF00Z.c.O.A.6,9,credit,baseline,2026-09,FALSE,FALSE,NA,FALSE,NA
remittances,2012,4,NA,quarterly,150.52605835988444,29 Secondary Income.xls,BiP - Të ardhurat dytësore,967.1DF00Z.c.O.A.6,9,credit,baseline,2026-09,FALSE,FALSE,NA,FALSE,NA
remittances,2013,1,NA,quarterly,125.82419190958638,29 Secondary Income.xls,BiP - Të ardhurat dytësore,967.1DF00Z.c.O.A.6,9,credit,baseline,2026-09,FALSE,FALSE,NA,FALSE,NA
remittances,2013,2,NA,quarterly,148.57652378337372,29 Secondary Income.xls,BiP - Të ardhurat dytësore,967.1DF00Z.c.O.A.6,9,credit,baseline,2026-09,FALSE,FALSE,NA,FALSE,NA
remittances,2013,3,NA,quarterly,145.46080984178008,29 Secondary Income.xls,BiP - Të ardhurat dytësore,967.1DF00Z.c.O.A.6,9,credit,baseline,2026-09,FALSE,FALSE,NA,FALSE,NA
remittances,2013,4,NA,quarterly,153.53089790848614,29 Secondary Income.xls,BiP - Të ardhurat dytësore,967.1DF00Z.c.O.A.6,9,credit,baseline,2026-09,FALSE,FALSE,NA,FALSE,NA
remittances,2014,1,NA,quarterly,134.15701931210398,29 Secondary Income.xls,BiP - Të ardhurat dytësore,967.1DF00Z.c.O.A.6,9,credit,baseline,2026-09,FALSE,FALSE,NA,FALSE,NA
remittances,2014,2,NA,quarterly,156.74945032200463,29 Secondary Income.xls,BiP - Të ardhurat dytësore,967.1DF00Z.c.O.A.6,9,credit,baseline,2026-09,FALSE,FALSE,NA,FALSE,NA
remittances,2014,3,NA,quarterly,157.78909177741167,29 Secondary Income.xls,BiP - Të ardhurat dytësore,967.1DF00Z.c.O.A.6,9,credit,baseline,2026-09,FALSE,FALSE,NA,FALSE,NA
remittances,2014,4,NA,quarterly,173.5833187705823,29 Secondary Income.xls,BiP - Të ardhurat dytësore,967.1DF00Z.c.O.A.6,9,credit,baseline,2026-09,FALSE,FALSE,NA,FALSE,NA
remittances,2015,1,NA,quarterly,147.13980335923162,29 Secondary Income.xls,BiP - Të ardhurat dytësore,967.1DF00Z.c.O.A.6,9,credit,baseline,2026-09,FALSE,FALSE,NA,FALSE,NA
remittances,2015,2,NA,quarterly,169.76069051139484,29 Secondary Income.xls,BiP - Të ardhurat dytësore,967.1DF00Z.c.O.A.6,9,credit,baseline,2026-09,FALSE,FALSE,NA,FALSE,NA
remittances,2015,3,NA,quarterly,176.86525329534402,29 Secondary Income.xls,BiP - Të ardhurat dytësore,967.1DF00Z.c.O.A.6,9,credit,baseline,2026-09,FALSE,FALSE,NA,FALSE,NA
remittances,2015,4,NA,quarterly,171.72115954288017,29 Secondary Income.xls,BiP - Të ardhurat dytësore,967.1DF00Z.c.O.A.6,9,credit,baseline,2026-09,FALSE,FALSE,NA,FALSE,NA
remittances,2016,1,NA,quarterly,144.2707430646547,29 Secondary Income.xls,BiP - Të ardhurat dytësore,967.1DF00Z.c.O.A.6,9,credit,baseline,2026-09,FALSE,FALSE,NA,FALSE,NA
remittances,2016,2,NA,quarterly,177.55474963029496,29 Secondary Income.xls,BiP - Të ardhurat dytësore,967.1DF00Z.c.O.A.6,9,credit,baseline,2026-09,FALSE,FALSE,NA,FALSE,NA
remittances,2016,3,NA,quarterly,182.70330627857354,29 Secondary Income.xls,BiP - Të ardhurat dytësore,967.1DF00Z.c.O.A.6,9,credit,baseline,2026-09,FALSE,FALSE,NA,FALSE,NA
remittances,2016,4,NA,quarterly,186.42825698532945,29 Secondary Income.xls,BiP - Të ardhurat dytësore,967.1DF00Z.c.O.A.6,9,credit,baseline,2026-09,FALSE,FALSE,NA,FALSE,NA
remittances,2017,1,NA,quarterly,163.38884052218373,29 Secondary Income.xls,BiP - Të ardhurat dytësore,967.1DF00Z.c.O.A.6,9,credit,baseline,2026-09,FALSE,FALSE,NA,FALSE,NA
remittances,2017,2,NA,quarterly,196.5374577780259,29 Secondary Income.xls,BiP - Të ardhurat dytësore,967.1DF00Z.c.O.A.6,9,credit,baseline,2026-09,FALSE,FALSE,NA,FALSE,NA
remittances,2017,3,NA,quarterly,194.07160714004576,29 Secondary Income.xls,BiP - Të ardhurat dytësore,967.1DF00Z.c.O.A.6,9,credit,baseline,2026-09,FALSE,FALSE,NA,FALSE,NA
remittances,2017,4,NA,quarterly,205.19063731014495,29 Secondary Income.xls,BiP - Të ardhurat dytësore,967.1DF00Z.c.O.A.6,9,credit,baseline,2026-09,FALSE,FALSE,NA,FALSE,NA
remittances,2018,1,NA,quarterly,170.33753486074949,29 Secondary Income.xls,BiP - Të ardhurat dytësore,967.1DF00Z.c.O.A.6,9,credit,baseline,2026-09,FALSE,FALSE,NA,FALSE,NA
remittances,2018,2,NA,quarterly,214.1793738023363,29 Secondary Income.xls,BiP - Të ardhurat dytësore,967.1DF00Z.c.O.A.6,9,credit,baseline,2026-09,FALSE,FALSE,NA,FALSE,NA
remittances,2018,3,NA,quarterly,203.39830946400525,29 Secondary Income.xls,BiP - Të ardhurat dytësore,967.1DF00Z.c.O.A.6,9,credit,baseline,2026-09,FALSE,FALSE,NA,FALSE,NA
remittances,2018,4,NA,quarterly,212.5402025709207,29 Secondary Income.xls,BiP - Të ardhurat dytësore,967.1DF00Z.c.O.A.6,9,credit,baseline,2026-09,FALSE,FALSE,NA,FALSE,NA
remittances,2019,1,NA,quarterly,184.8634363015201,29 Secondary Income.xls,BiP - Të ardhurat dytësore,967.1DF00Z.c.O.A.6,9,credit,baseline,2026-09,FALSE,FALSE,NA,FALSE,NA
remittances,2019,2,NA,quarterly,220.71963399866456,29 Secondary Income.xls,BiP - Të ardhurat dytësore,967.1DF00Z.c.O.A.6,9,credit,baseline,2026-09,FALSE,FALSE,NA,FALSE,NA
remittances,2019,3,NA,quarterly,222.02031323743822,29 Secondary Income.xls,BiP - Të ardhurat dytësore,967.1DF00Z.c.O.A.6,9,credit,baseline,2026-09,FALSE,FALSE,NA,FALSE,NA
remittances,2019,4,NA,quarterly,224.14418850871755,29 Secondary Income.xls,BiP - Të ardhurat dytësore,967.1DF00Z.c.O.A.6,9,credit,baseline,2026-09,FALSE,FALSE,NA,FALSE,NA
remittances,2020,1,NA,quarterly,187.30857653593546,29 Secondary Income.xls,BiP - Të ardhurat dytësore,967.1DF00Z.c.O.A.6,9,credit,baseline,2026-09,FALSE,FALSE,NA,FALSE,NA
remittances,2020,2,NA,quarterly,247.54966992560514,29 Secondary Income.xls,BiP - Të ardhurat dytësore,967.1DF00Z.c.O.A.6,9,credit,baseline,2026-09,FALSE,FALSE,NA,FALSE,NA
remittances,2020,3,NA,quarterly,262.1743599816986,29 Secondary Income.xls,BiP - Të ardhurat dytësore,967.1DF00Z.c.O.A.6,9,credit,baseline,2026-09,FALSE,FALSE,NA,FALSE,NA
remittances,2020,4,NA,quarterly,283.0794079891195,29 Secondary Income.xls,BiP - Të ardhurat dytësore,967.1DF00Z.c.O.A.6,9,credit,baseline,2026-09,FALSE,FALSE,NA,FALSE,NA
remittances,2021,1,NA,quarterly,242.92612101808385,29 Secondary Income.xls,BiP - Të ardhurat dytësore,967.1DF00Z.c.O.A.6,9,credit,baseline,2026-09,FALSE,FALSE,NA,FALSE,NA
remittances,2021,2,NA,quarterly,311.5496831080625,29 Secondary Income.xls,BiP - Të ardhurat dytësore,967.1DF00Z.c.O.A.6,9,credit,baseline,2026-09,FALSE,FALSE,NA,FALSE,NA
remittances,2021,3,NA,quarterly,307.3806475188068,29 Secondary Income.xls,BiP - Të ardhurat dytësore,967.1DF00Z.c.O.A.6,9,credit,baseline,2026-09,FALSE,FALSE,NA,FALSE,NA
remittances,2021,4,NA,quarterly,291.5855515768713,29 Secondary Income.xls,BiP - Të ardhurat dytësore,967.1DF00Z.c.O.A.6,9,credit,baseline,2026-09,FALSE,FALSE,NA,FALSE,NA
remittances,2022,1,NA,quarterly,241.43411347847086,29 Secondary Income.xls,BiP - Të ardhurat dytësore,967.1DF00Z.c.O.A.6,9,credit,baseline,2026-09,FALSE,FALSE,NA,FALSE,NA
remittances,2022,2,NA,quarterly,314.1077417408421,29 Secondary Income.xls,BiP - Të ardhurat dytësore,967.1DF00Z.c.O.A.6,9,credit,baseline,2026-09,FALSE,FALSE,NA,FALSE,NA
remittances,2022,3,NA,quarterly,349.1243359184584,29 Secondary Income.xls,BiP - Të ardhurat dytësore,967.1DF00Z.c.O.A.6,9,credit,baseline,2026-09,FALSE,FALSE,NA,FALSE,NA
remittances,2022,4,NA,quarterly,318.2935476499547,29 Secondary Income.xls,BiP - Të ardhurat dytësore,967.1DF00Z.c.O.A.6,9,credit,baseline,2026-09,FALSE,FALSE,NA,FALSE,NA
remittances,2023,1,NA,quarterly,271.25877806094957,29 Secondary Income.xls,BiP - Të ardhurat dytësore,967.1DF00Z.c.O.A.6,9,credit,baseline,2026-09,FALSE,FALSE,NA,FALSE,NA
remittances,2023,2,NA,quarterly,356.1988166498473,29 Secondary Income.xls,BiP - Të ardhurat dytësore,967.1DF00Z.c.O.A.6,9,credit,baseline,2026-09,FALSE,FALSE,NA,FALSE,NA
remittances,2023,3,NA,quarterly,374.176769265303,29 Secondary Income.xls,BiP - Të ardhurat dytësore,967.1DF00Z.c.O.A.6,9,credit,baseline,2026-09,FALSE,FALSE,NA,FALSE,NA
remittances,2023,4,NA,quarterly,334.1273707932521,29 Secondary Income.xls,BiP - Të ardhurat dytësore,967.1DF00Z.c.O.A.6,9,credit,baseline,2026-09,FALSE,FALSE,NA,FALSE,NA
remittances,2024,1,NA,quarterly,281.02289813320647,29 Secondary Income.xls,BiP - Të ardhurat dytësore,967.1DF00Z.c.O.A.6,9,credit,baseline,2026-09,FALSE,FALSE,NA,FALSE,NA
remittances,2024,2,NA,quarterly,349.04430250982836,29 Secondary Income.xls,BiP - Të ardhurat dytësore,967.1DF00Z.c.O.A.6,9,credit,baseline,2026-09,FALSE,FALSE,NA,FALSE,NA
remittances,2024,3,NA,quarterly,380.74204671380755,29 Secondary Income.xls,BiP - Të ardhurat dytësore,967.1DF00Z.c.O.A.6,9,credit,baseline,2026-09,FALSE,FALSE,NA,FALSE,NA
remittances,2024,4,NA,quarterly,344.2017268397219,29 Secondary Income.xls,BiP - Të ardhurat dytësore,967.1DF00Z.c.O.A.6,9,credit,baseline,2026-09,FALSE,FALSE,NA,FALSE,NA
remittances,2025,1,NA,quarterly,291.27139782655945,29 Secondary Income.xls,BiP - Të ardhurat dytësore,967.1DF00Z.c.O.A.6,9,credit,baseline,2026-09,FALSE,FALSE,NA,FALSE,NA
remittances,2025,2,NA,quarterly,363.4240952647999,29 Secondary Income.xls,BiP - Të ardhurat dytësore,967.1DF00Z.c.O.A.6,9,credit,baseline,2026-09,FALSE,FALSE,NA,FALSE,NA
remittances,2025,3,NA,quarterly,393.70294541283477,29 Secondary Income.xls,BiP - Të ardhurat dytësore,967.1DF00Z.c.O.A.6,9,credit,baseline,2026-09,FALSE,FALSE,NA,FALSE,NA
remittances,2025,4,NA,quarterly,365.2954042068234,29 Secondary Income.xls,BiP - Të ardhurat dytësore,967.1DF00Z.c.O.A.6,9,credit,baseline,2026-09,FALSE,FALSE,NA,FALSE,NA
remittances,2026,1,NA,quarterly,313.4560030905404,29 Secondary Income.xls,BiP - Të ardhurat dytësore,967.1DF00Z.c.O.A.6,9,credit,baseline,2026-09,FALSE,FALSE,NA,FALSE,NA
remittances,2026,2,NA,quarterly,378.6530918310811,29 Secondary Income.xls,BiP - Të ardhurat dytësore,967.1DF00Z.c.O.A.6,9,credit,baseline,2026-09,FALSE,FALSE,NA,FALSE,NA
remittances,2014,NA,1,monthly,41.57225687121175,29 Secondary Income.xls,BiP - Të ardhurat dytësore,967.1DF00Z.c.O.A.6,9,credit,baseline,2026-09,FALSE,FALSE,NA,FALSE,NA
remittances,2014,NA,2,monthly,42.85951549084295,29 Secondary Income.xls,BiP - Të ardhurat dytësore,967.1DF00Z.c.O.A.6,9,credit,baseline,2026-09,FALSE,FALSE,NA,FALSE,NA
remittances,2014,NA,3,monthly,49.72524695004928,29 Secondary Income.xls,BiP - Të ardhurat dytësore,967.1DF00Z.c.O.A.6,9,credit,baseline,2026-09,FALSE,FALSE,NA,FALSE,NA
remittances,2014,NA,4,monthly,49.08085970204808,29 Secondary Income.xls,BiP - Të ardhurat dytësore,967.1DF00Z.c.O.A.6,9,credit,baseline,2026-09,FALSE,FALSE,NA,FALSE,NA
remittances,2014,NA,5,monthly,53.940862556013464,29 Secondary Income.xls,BiP - Të ardhurat dytësore,967.1DF00Z.c.O.A.6,9,credit,baseline,2026-09,FALSE,FALSE,NA,FALSE,NA
remittances,2014,NA,6,monthly,53.727728063943104,29 Secondary Income.xls,BiP - Të ardhurat dytësore,967.1DF00Z.c.O.A.6,9,credit,baseline,2026-09,FALSE,FALSE,NA,FALSE,NA
remittances,2014,NA,7,monthly,51.495124101416174,29 Secondary Income.xls,BiP - Të ardhurat dytësore,967.1DF00Z.c.O.A.6,9,credit,baseline,2026-09,FALSE,FALSE,NA,FALSE,NA
remittances,2014,NA,8,monthly,49.51702584829083,29 Secondary Income.xls,BiP - Të ardhurat dytësore,967.1DF00Z.c.O.A.6,9,credit,baseline,2026-09,FALSE,FALSE,NA,FALSE,NA
remittances,2014,NA,9,monthly,56.776941827704675,29 Secondary Income.xls,BiP - Të ardhurat dytësore,967.1DF00Z.c.O.A.6,9,credit,baseline,2026-09,FALSE,FALSE,NA,FALSE,NA
remittances,2014,NA,10,monthly,64.82730767894341,29 Secondary Income.xls,BiP - Të ardhurat dytësore,967.1DF00Z.c.O.A.6,9,credit,baseline,2026-09,FALSE,FALSE,NA,FALSE,NA
remittances,2014,NA,11,monthly,50.258272307594154,29 Secondary Income.xls,BiP - Të ardhurat dytësore,967.1DF00Z.c.O.A.6,9,credit,baseline,2026-09,FALSE,FALSE,NA,FALSE,NA
remittances,2014,NA,12,monthly,58.49773878404474,29 Secondary Income.xls,BiP - Të ardhurat dytësore,967.1DF00Z.c.O.A.6,9,credit,baseline,2026-09,FALSE,FALSE,NA,FALSE,NA
remittances,2015,NA,1,monthly,47.15005904470747,29 Secondary Income.xls,BiP - Të ardhurat dytësore,967.1DF00Z.c.O.A.6,9,credit,baseline,2026-09,FALSE,FALSE,NA,FALSE,NA
remittances,2015,NA,2,monthly,47.03749620727463,29 Secondary Income.xls,BiP - Të ardhurat dytësore,967.1DF00Z.c.O.A.6,9,credit,baseline,2026-09,FALSE,FALSE,NA,FALSE,NA
remittances,2015,NA,3,monthly,52.952248107249524,29 Secondary Income.xls,BiP - Të ardhurat dytësore,967.1DF00Z.c.O.A.6,9,credit,baseline,2026-09,FALSE,FALSE,NA,FALSE,NA
remittances,2015,NA,4,monthly,52.82734005560052,29 Secondary Income.xls,BiP - Të ardhurat dytësore,967.1DF00Z.c.O.A.6,9,credit,baseline,2026-09,FALSE,FALSE,NA,FALSE,NA
remittances,2015,NA,5,monthly,58.30322712107423,29 Secondary Income.xls,BiP - Të ardhurat dytësore,967.1DF00Z.c.O.A.6,9,credit,baseline,2026-09,FALSE,FALSE,NA,FALSE,NA
remittances,2015,NA,6,monthly,58.630123334720075,29 Secondary Income.xls,BiP - Të ardhurat dytësore,967.1DF00Z.c.O.A.6,9,credit,baseline,2026-09,FALSE,FALSE,NA,FALSE,NA
remittances,2015,NA,7,monthly,59.536020194085964,29 Secondary Income.xls,BiP - Të ardhurat dytësore,967.1DF00Z.c.O.A.6,9,credit,baseline,2026-09,FALSE,FALSE,NA,FALSE,NA
remittances,2015,NA,8,monthly,55.57446225426189,29 Secondary Income.xls,BiP - Të ardhurat dytësore,967.1DF00Z.c.O.A.6,9,credit,baseline,2026-09,FALSE,FALSE,NA,FALSE,NA
remittances,2015,NA,9,monthly,61.75477084699616,29 Secondary Income.xls,BiP - Të ardhurat dytësore,967.1DF00Z.c.O.A.6,9,credit,baseline,2026-09,FALSE,FALSE,NA,FALSE,NA
remittances,2015,NA,10,monthly,58.04319670536061,29 Secondary Income.xls,BiP - Të ardhurat dytësore,967.1DF00Z.c.O.A.6,9,credit,baseline,2026-09,FALSE,FALSE,NA,FALSE,NA
remittances,2015,NA,11,monthly,54.26163939426575,29 Secondary Income.xls,BiP - Të ardhurat dytësore,967.1DF00Z.c.O.A.6,9,credit,baseline,2026-09,FALSE,FALSE,NA,FALSE,NA
remittances,2015,NA,12,monthly,59.416323443253816,29 Secondary Income.xls,BiP - Të ardhurat dytësore,967.1DF00Z.c.O.A.6,9,credit,baseline,2026-09,FALSE,FALSE,NA,FALSE,NA
remittances,2016,NA,1,monthly,42.621325906893425,29 Secondary Income.xls,BiP - Të ardhurat dytësore,967.1DF00Z.c.O.A.6,9,credit,baseline,2026-09,FALSE,FALSE,NA,FALSE,NA
remittances,2016,NA,2,monthly,47.989455028858984,29 Secondary Income.xls,BiP - Të ardhurat dytësore,967.1DF00Z.c.O.A.6,9,credit,baseline,2026-09,FALSE,FALSE,NA,FALSE,NA
remittances,2016,NA,3,monthly,53.6599621289023,29 Secondary Income.xls,BiP - Të ardhurat dytësore,967.1DF00Z.c.O.A.6,9,credit,baseline,2026-09,FALSE,FALSE,NA,FALSE,NA
remittances,2016,NA,4,monthly,58.056011581084384,29 Secondary Income.xls,BiP - Të ardhurat dytësore,967.1DF00Z.c.O.A.6,9,credit,baseline,2026-09,FALSE,FALSE,NA,FALSE,NA
remittances,2016,NA,5,monthly,57.33141663283829,29 Secondary Income.xls,BiP - Të ardhurat dytësore,967.1DF00Z.c.O.A.6,9,credit,baseline,2026-09,FALSE,FALSE,NA,FALSE,NA
remittances,2016,NA,6,monthly,62.16732141637228,29 Secondary Income.xls,BiP - Të ardhurat dytësore,967.1DF00Z.c.O.A.6,9,credit,baseline,2026-09,FALSE,FALSE,NA,FALSE,NA
remittances,2016,NA,7,monthly,58.32128460897576,29 Secondary Income.xls,BiP - Të ardhurat dytësore,967.1DF00Z.c.O.A.6,9,credit,baseline,2026-09,FALSE,FALSE,NA,FALSE,NA
remittances,2016,NA,8,monthly,60.39829865684921,29 Secondary Income.xls,BiP - Të ardhurat dytësore,967.1DF00Z.c.O.A.6,9,credit,baseline,2026-09,FALSE,FALSE,NA,FALSE,NA
remittances,2016,NA,9,monthly,63.98372301274857,29 Secondary Income.xls,BiP - Të ardhurat dytësore,967.1DF00Z.c.O.A.6,9,credit,baseline,2026-09,FALSE,FALSE,NA,FALSE,NA
remittances,2016,NA,10,monthly,62.065888020459845,29 Secondary Income.xls,BiP - Të ardhurat dytësore,967.1DF00Z.c.O.A.6,9,credit,baseline,2026-09,FALSE,FALSE,NA,FALSE,NA
remittances,2016,NA,11,monthly,59.364296030791124,29 Secondary Income.xls,BiP - Të ardhurat dytësore,967.1DF00Z.c.O.A.6,9,credit,baseline,2026-09,FALSE,FALSE,NA,FALSE,NA
remittances,2016,NA,12,monthly,64.9980729340785,29 Secondary Income.xls,BiP - Të ardhurat dytësore,967.1DF00Z.c.O.A.6,9,credit,baseline,2026-09,FALSE,FALSE,NA,FALSE,NA
remittances,2017,NA,1,monthly,48.04875645845821,29 Secondary Income.xls,BiP - Të ardhurat dytësore,967.1DF00Z.c.O.A.6,9,credit,baseline,2026-09,FALSE,FALSE,NA,FALSE,NA
remittances,2017,NA,2,monthly,50.682254268880456,29 Secondary Income.xls,BiP - Të ardhurat dytësore,967.1DF00Z.c.O.A.6,9,credit,baseline,2026-09,FALSE,FALSE,NA,FALSE,NA
remittances,2017,NA,3,monthly,64.65782979484509,29 Secondary Income.xls,BiP - Të ardhurat dytësore,967.1DF00Z.c.O.A.6,9,credit,baseline,2026-09,FALSE,FALSE,NA,FALSE,NA
remittances,2017,NA,4,monthly,57.91635528458788,29 Secondary Income.xls,BiP - Të ardhurat dytësore,967.1DF00Z.c.O.A.6,9,credit,baseline,2026-09,FALSE,FALSE,NA,FALSE,NA
remittances,2017,NA,5,monthly,67.5512554383126,29 Secondary Income.xls,BiP - Të ardhurat dytësore,967.1DF00Z.c.O.A.6,9,credit,baseline,2026-09,FALSE,FALSE,NA,FALSE,NA
remittances,2017,NA,6,monthly,71.06984705512542,29 Secondary Income.xls,BiP - Të ardhurat dytësore,967.1DF00Z.c.O.A.6,9,credit,baseline,2026-09,FALSE,FALSE,NA,FALSE,NA
remittances,2017,NA,7,monthly,59.95117604356825,29 Secondary Income.xls,BiP - Të ardhurat dytësore,967.1DF00Z.c.O.A.6,9,credit,baseline,2026-09,FALSE,FALSE,NA,FALSE,NA
remittances,2017,NA,8,monthly,71.04530623804732,29 Secondary Income.xls,BiP - Të ardhurat dytësore,967.1DF00Z.c.O.A.6,9,credit,baseline,2026-09,FALSE,FALSE,NA,FALSE,NA
remittances,2017,NA,9,monthly,63.07512485843019,29 Secondary Income.xls,BiP - Të ardhurat dytësore,967.1DF00Z.c.O.A.6,9,credit,baseline,2026-09,FALSE,FALSE,NA,FALSE,NA
remittances,2017,NA,10,monthly,69.67450944288328,29 Secondary Income.xls,BiP - Të ardhurat dytësore,967.1DF00Z.c.O.A.6,9,credit,baseline,2026-09,FALSE,FALSE,NA,FALSE,NA
remittances,2017,NA,11,monthly,66.13186711423923,29 Secondary Income.xls,BiP - Të ardhurat dytësore,967.1DF00Z.c.O.A.6,9,credit,baseline,2026-09,FALSE,FALSE,NA,FALSE,NA
remittances,2017,NA,12,monthly,69.38426075302242,29 Secondary Income.xls,BiP - Të ardhurat dytësore,967.1DF00Z.c.O.A.6,9,credit,baseline,2026-09,FALSE,FALSE,NA,FALSE,NA
remittances,2018,NA,1,monthly,55.298586360930784,29 Secondary Income.xls,BiP - Të ardhurat dytësore,967.1DF00Z.c.O.A.6,9,credit,baseline,2026-09,FALSE,FALSE,NA,FALSE,NA
remittances,2018,NA,2,monthly,52.85608101934289,29 Secondary Income.xls,BiP - Të ardhurat dytësore,967.1DF00Z.c.O.A.6,9,credit,baseline,2026-09,FALSE,FALSE,NA,FALSE,NA
remittances,2018,NA,3,monthly,62.1828674804758,29 Secondary Income.xls,BiP - Të ardhurat dytësore,967.1DF00Z.c.O.A.6,9,credit,baseline,2026-09,FALSE,FALSE,NA,FALSE,NA
remittances,2018,NA,4,monthly,64.3306437747688,29 Secondary Income.xls,BiP - Të ardhurat dytësore,967.1DF00Z.c.O.A.6,9,credit,baseline,2026-09,FALSE,FALSE,NA,FALSE,NA
remittances,2018,NA,5,monthly,73.66928645306137,29 Secondary Income.xls,BiP - Të ardhurat dytësore,967.1DF00Z.c.O.A.6,9,credit,baseline,2026-09,FALSE,FALSE,NA,FALSE,NA
remittances,2018,NA,6,monthly,76.17944357450611,29 Secondary Income.xls,BiP - Të ardhurat dytësore,967.1DF00Z.c.O.A.6,9,credit,baseline,2026-09,FALSE,FALSE,NA,FALSE,NA
remittances,2018,NA,7,monthly,64.77690874321308,29 Secondary Income.xls,BiP - Të ardhurat dytësore,967.1DF00Z.c.O.A.6,9,credit,baseline,2026-09,FALSE,FALSE,NA,FALSE,NA
remittances,2018,NA,8,monthly,71.05583896608148,29 Secondary Income.xls,BiP - Të ardhurat dytësore,967.1DF00Z.c.O.A.6,9,credit,baseline,2026-09,FALSE,FALSE,NA,FALSE,NA
remittances,2018,NA,9,monthly,67.56556175471071,29 Secondary Income.xls,BiP - Të ardhurat dytësore,967.1DF00Z.c.O.A.6,9,credit,baseline,2026-09,FALSE,FALSE,NA,FALSE,NA
remittances,2018,NA,10,monthly,74.70134197241124,29 Secondary Income.xls,BiP - Të ardhurat dytësore,967.1DF00Z.c.O.A.6,9,credit,baseline,2026-09,FALSE,FALSE,NA,FALSE,NA
remittances,2018,NA,11,monthly,68.77502521366407,29 Secondary Income.xls,BiP - Të ardhurat dytësore,967.1DF00Z.c.O.A.6,9,credit,baseline,2026-09,FALSE,FALSE,NA,FALSE,NA
remittances,2018,NA,12,monthly,69.06383538484538,29 Secondary Income.xls,BiP - Të ardhurat dytësore,967.1DF00Z.c.O.A.6,9,credit,baseline,2026-09,FALSE,FALSE,NA,FALSE,NA
remittances,2019,NA,1,monthly,56.5699130070302,29 Secondary Income.xls,BiP - Të ardhurat dytësore,967.1DF00Z.c.O.A.6,9,credit,baseline,2026-09,FALSE,FALSE,NA,FALSE,NA
remittances,2019,NA,2,monthly,56.626461973113244,29 Secondary Income.xls,BiP - Të ardhurat dytësore,967.1DF00Z.c.O.A.6,9,credit,baseline,2026-09,FALSE,FALSE,NA,FALSE,NA
remittances,2019,NA,3,monthly,71.66706132137665,29 Secondary Income.xls,BiP - Të ardhurat dytësore,967.1DF00Z.c.O.A.6,9,credit,baseline,2026-09,FALSE,FALSE,NA,FALSE,NA
remittances,2019,NA,4,monthly,68.81950045620161,29 Secondary Income.xls,BiP - Të ardhurat dytësore,967.1DF00Z.c.O.A.6,9,credit,baseline,2026-09,FALSE,FALSE,NA,FALSE,NA
remittances,2019,NA,5,monthly,78.39608086404823,29 Secondary Income.xls,BiP - Të ardhurat dytësore,967.1DF00Z.c.O.A.6,9,credit,baseline,2026-09,FALSE,FALSE,NA,FALSE,NA
remittances,2019,NA,6,monthly,73.50405267841472,29 Secondary Income.xls,BiP - Të ardhurat dytësore,967.1DF00Z.c.O.A.6,9,credit,baseline,2026-09,FALSE,FALSE,NA,FALSE,NA
remittances,2019,NA,7,monthly,73.91895589068262,29 Secondary Income.xls,BiP - Të ardhurat dytësore,967.1DF00Z.c.O.A.6,9,credit,baseline,2026-09,FALSE,FALSE,NA,FALSE,NA
remittances,2019,NA,8,monthly,73.80305462818599,29 Secondary Income.xls,BiP - Të ardhurat dytësore,967.1DF00Z.c.O.A.6,9,credit,baseline,2026-09,FALSE,FALSE,NA,FALSE,NA
remittances,2019,NA,9,monthly,74.2983027185696,29 Secondary Income.xls,BiP - Të ardhurat dytësore,967.1DF00Z.c.O.A.6,9,credit,baseline,2026-09,FALSE,FALSE,NA,FALSE,NA
remittances,2019,NA,10,monthly,78.1916923003079,29 Secondary Income.xls,BiP - Të ardhurat dytësore,967.1DF00Z.c.O.A.6,9,credit,baseline,2026-09,FALSE,FALSE,NA,FALSE,NA
remittances,2019,NA,11,monthly,73.54094334137854,29 Secondary Income.xls,BiP - Të ardhurat dytësore,967.1DF00Z.c.O.A.6,9,credit,baseline,2026-09,FALSE,FALSE,NA,FALSE,NA
remittances,2019,NA,12,monthly,72.41155286703112,29 Secondary Income.xls,BiP - Të ardhurat dytësore,967.1DF00Z.c.O.A.6,9,credit,baseline,2026-09,FALSE,FALSE,NA,FALSE,NA
remittances,2020,NA,1,monthly,62.285775049131935,29 Secondary Income.xls,BiP - Të ardhurat dytësore,967.1DF00Z.c.O.A.6,9,credit,baseline,2026-09,FALSE,FALSE,NA,FALSE,NA
remittances,2020,NA,2,monthly,63.33383884532998,29 Secondary Income.xls,BiP - Të ardhurat dytësore,967.1DF00Z.c.O.A.6,9,credit,baseline,2026-09,FALSE,FALSE,NA,FALSE,NA
remittances,2020,NA,3,monthly,61.68896264147355,29 Secondary Income.xls,BiP - Të ardhurat dytësore,967.1DF00Z.c.O.A.6,9,credit,baseline,2026-09,FALSE,FALSE,NA,FALSE,NA
remittances,2020,NA,4,monthly,60.63193364866829,29 Secondary Income.xls,BiP - Të ardhurat dytësore,967.1DF00Z.c.O.A.6,9,credit,baseline,2026-09,FALSE,FALSE,NA,FALSE,NA
remittances,2020,NA,5,monthly,103.98317472763821,29 Secondary Income.xls,BiP - Të ardhurat dytësore,967.1DF00Z.c.O.A.6,9,credit,baseline,2026-09,FALSE,FALSE,NA,FALSE,NA
remittances,2020,NA,6,monthly,82.93456154929864,29 Secondary Income.xls,BiP - Të ardhurat dytësore,967.1DF00Z.c.O.A.6,9,credit,baseline,2026-09,FALSE,FALSE,NA,FALSE,NA
remittances,2020,NA,7,monthly,92.33682330387708,29 Secondary Income.xls,BiP - Të ardhurat dytësore,967.1DF00Z.c.O.A.6,9,credit,baseline,2026-09,FALSE,FALSE,NA,FALSE,NA
remittances,2020,NA,8,monthly,81.60677407858014,29 Secondary Income.xls,BiP - Të ardhurat dytësore,967.1DF00Z.c.O.A.6,9,credit,baseline,2026-09,FALSE,FALSE,NA,FALSE,NA
remittances,2020,NA,9,monthly,88.23076259924139,29 Secondary Income.xls,BiP - Të ardhurat dytësore,967.1DF00Z.c.O.A.6,9,credit,baseline,2026-09,FALSE,FALSE,NA,FALSE,NA
remittances,2020,NA,10,monthly,99.44765710689842,29 Secondary Income.xls,BiP - Të ardhurat dytësore,967.1DF00Z.c.O.A.6,9,credit,baseline,2026-09,FALSE,FALSE,NA,FALSE,NA
remittances,2020,NA,11,monthly,88.29664670785513,29 Secondary Income.xls,BiP - Të ardhurat dytësore,967.1DF00Z.c.O.A.6,9,credit,baseline,2026-09,FALSE,FALSE,NA,FALSE,NA
remittances,2020,NA,12,monthly,95.33510417436595,29 Secondary Income.xls,BiP - Të ardhurat dytësore,967.1DF00Z.c.O.A.6,9,credit,baseline,2026-09,FALSE,FALSE,NA,FALSE,NA
remittances,2021,NA,1,monthly,69.29729462938178,29 Secondary Income.xls,BiP - Të ardhurat dytësore,967.1DF00Z.c.O.A.6,9,credit,baseline,2026-09,FALSE,FALSE,NA,FALSE,NA
remittances,2021,NA,2,monthly,76.80407467006918,29 Secondary Income.xls,BiP - Të ardhurat dytësore,967.1DF00Z.c.O.A.6,9,credit,baseline,2026-09,FALSE,FALSE,NA,FALSE,NA
remittances,2021,NA,3,monthly,96.8247517186329,29 Secondary Income.xls,BiP - Të ardhurat dytësore,967.1DF00Z.c.O.A.6,9,credit,baseline,2026-09,FALSE,FALSE,NA,FALSE,NA
remittances,2021,NA,4,monthly,90.52537240888086,29 Secondary Income.xls,BiP - Të ardhurat dytësore,967.1DF00Z.c.O.A.6,9,credit,baseline,2026-09,FALSE,FALSE,NA,FALSE,NA
remittances,2021,NA,5,monthly,113.29703864226731,29 Secondary Income.xls,BiP - Të ardhurat dytësore,967.1DF00Z.c.O.A.6,9,credit,baseline,2026-09,FALSE,FALSE,NA,FALSE,NA
remittances,2021,NA,6,monthly,107.72727205691432,29 Secondary Income.xls,BiP - Të ardhurat dytësore,967.1DF00Z.c.O.A.6,9,credit,baseline,2026-09,FALSE,FALSE,NA,FALSE,NA
remittances,2021,NA,7,monthly,102.55803510075613,29 Secondary Income.xls,BiP - Të ardhurat dytësore,967.1DF00Z.c.O.A.6,9,credit,baseline,2026-09,FALSE,FALSE,NA,FALSE,NA
remittances,2021,NA,8,monthly,110.15645567035301,29 Secondary Income.xls,BiP - Të ardhurat dytësore,967.1DF00Z.c.O.A.6,9,credit,baseline,2026-09,FALSE,FALSE,NA,FALSE,NA
remittances,2021,NA,9,monthly,94.6661567476977,29 Secondary Income.xls,BiP - Të ardhurat dytësore,967.1DF00Z.c.O.A.6,9,credit,baseline,2026-09,FALSE,FALSE,NA,FALSE,NA
remittances,2021,NA,10,monthly,94.75528174755985,29 Secondary Income.xls,BiP - Të ardhurat dytësore,967.1DF00Z.c.O.A.6,9,credit,baseline,2026-09,FALSE,FALSE,NA,FALSE,NA
remittances,2021,NA,11,monthly,89.50533291218157,29 Secondary Income.xls,BiP - Të ardhurat dytësore,967.1DF00Z.c.O.A.6,9,credit,baseline,2026-09,FALSE,FALSE,NA,FALSE,NA
remittances,2021,NA,12,monthly,107.32493691712988,29 Secondary Income.xls,BiP - Të ardhurat dytësore,967.1DF00Z.c.O.A.6,9,credit,baseline,2026-09,FALSE,FALSE,NA,FALSE,NA
remittances,2022,NA,1,monthly,70.49320443798103,29 Secondary Income.xls,BiP - Të ardhurat dytësore,967.1DF00Z.c.O.A.6,9,credit,baseline,2026-09,FALSE,FALSE,NA,FALSE,NA
remittances,2022,NA,2,monthly,76.21057210850051,29 Secondary Income.xls,BiP - Të ardhurat dytësore,967.1DF00Z.c.O.A.6,9,credit,baseline,2026-09,FALSE,FALSE,NA,FALSE,NA
remittances,2022,NA,3,monthly,94.73033693198931,29 Secondary Income.xls,BiP - Të ardhurat dytësore,967.1DF00Z.c.O.A.6,9,credit,baseline,2026-09,FALSE,FALSE,NA,FALSE,NA
remittances,2022,NA,4,monthly,108.11689161860504,29 Secondary Income.xls,BiP - Të ardhurat dytësore,967.1DF00Z.c.O.A.6,9,credit,baseline,2026-09,FALSE,FALSE,NA,FALSE,NA
remittances,2022,NA,5,monthly,101.059758084937,29 Secondary Income.xls,BiP - Të ardhurat dytësore,967.1DF00Z.c.O.A.6,9,credit,baseline,2026-09,FALSE,FALSE,NA,FALSE,NA
remittances,2022,NA,6,monthly,104.93109203730005,29 Secondary Income.xls,BiP - Të ardhurat dytësore,967.1DF00Z.c.O.A.6,9,credit,baseline,2026-09,FALSE,FALSE,NA,FALSE,NA
remittances,2022,NA,7,monthly,114.89156969399652,29 Secondary Income.xls,BiP - Të ardhurat dytësore,967.1DF00Z.c.O.A.6,9,credit,baseline,2026-09,FALSE,FALSE,NA,FALSE,NA
remittances,2022,NA,8,monthly,131.6151000709281,29 Secondary Income.xls,BiP - Të ardhurat dytësore,967.1DF00Z.c.O.A.6,9,credit,baseline,2026-09,FALSE,FALSE,NA,FALSE,NA
remittances,2022,NA,9,monthly,102.61766615353385,29 Secondary Income.xls,BiP - Të ardhurat dytësore,967.1DF00Z.c.O.A.6,9,credit,baseline,2026-09,FALSE,FALSE,NA,FALSE,NA
remittances,2022,NA,10,monthly,105.09487171177605,29 Secondary Income.xls,BiP - Të ardhurat dytësore,967.1DF00Z.c.O.A.6,9,credit,baseline,2026-09,FALSE,FALSE,NA,FALSE,NA
remittances,2022,NA,11,monthly,94.96307952670064,29 Secondary Income.xls,BiP - Të ardhurat dytësore,967.1DF00Z.c.O.A.6,9,credit,baseline,2026-09,FALSE,FALSE,NA,FALSE,NA
remittances,2022,NA,12,monthly,118.23559641147801,29 Secondary Income.xls,BiP - Të ardhurat dytësore,967.1DF00Z.c.O.A.6,9,credit,baseline,2026-09,FALSE,FALSE,NA,FALSE,NA
remittances,2023,NA,1,monthly,84.00002908259886,29 Secondary Income.xls,BiP - Të ardhurat dytësore,967.1DF00Z.c.O.A.6,9,credit,baseline,2026-09,FALSE,FALSE,NA,FALSE,NA
remittances,2023,NA,2,monthly,82.10803105647358,29 Secondary Income.xls,BiP - Të ardhurat dytësore,967.1DF00Z.c.O.A.6,9,credit,baseline,2026-09,FALSE,FALSE,NA,FALSE,NA
remittances,2023,NA,3,monthly,105.15071792187712,29 Secondary Income.xls,BiP - Të ardhurat dytësore,967.1DF00Z.c.O.A.6,9,credit,baseline,2026-09,FALSE,FALSE,NA,FALSE,NA
remittances,2023,NA,4,monthly,113.25708002424301,29 Secondary Income.xls,BiP - Të ardhurat dytësore,967.1DF00Z.c.O.A.6,9,credit,baseline,2026-09,FALSE,FALSE,NA,FALSE,NA
remittances,2023,NA,5,monthly,118.89216360881899,29 Secondary Income.xls,BiP - Të ardhurat dytësore,967.1DF00Z.c.O.A.6,9,credit,baseline,2026-09,FALSE,FALSE,NA,FALSE,NA
remittances,2023,NA,6,monthly,124.04957301678529,29 Secondary Income.xls,BiP - Të ardhurat dytësore,967.1DF00Z.c.O.A.6,9,credit,baseline,2026-09,FALSE,FALSE,NA,FALSE,NA
remittances,2023,NA,7,monthly,118.82148648499664,29 Secondary Income.xls,BiP - Të ardhurat dytësore,967.1DF00Z.c.O.A.6,9,credit,baseline,2026-09,FALSE,FALSE,NA,FALSE,NA
remittances,2023,NA,8,monthly,141.74703095826274,29 Secondary Income.xls,BiP - Të ardhurat dytësore,967.1DF00Z.c.O.A.6,9,credit,baseline,2026-09,FALSE,FALSE,NA,FALSE,NA
remittances,2023,NA,9,monthly,113.60825182204358,29 Secondary Income.xls,BiP - Të ardhurat dytësore,967.1DF00Z.c.O.A.6,9,credit,baseline,2026-09,FALSE,FALSE,NA,FALSE,NA
remittances,2023,NA,10,monthly,107.19008806944447,29 Secondary Income.xls,BiP - Të ardhurat dytësore,967.1DF00Z.c.O.A.6,9,credit,baseline,2026-09,FALSE,FALSE,NA,FALSE,NA
remittances,2023,NA,11,monthly,99.03497228099498,29 Secondary Income.xls,BiP - Të ardhurat dytësore,967.1DF00Z.c.O.A.6,9,credit,baseline,2026-09,FALSE,FALSE,NA,FALSE,NA
remittances,2023,NA,12,monthly,127.90231044281266,29 Secondary Income.xls,BiP - Të ardhurat dytësore,967.1DF00Z.c.O.A.6,9,credit,baseline,2026-09,FALSE,FALSE,NA,FALSE,NA
remittances,2024,NA,1,monthly,86.36345807595131,29 Secondary Income.xls,BiP - Të ardhurat dytësore,967.1DF00Z.c.O.A.6,9,credit,baseline,2026-09,FALSE,FALSE,NA,FALSE,NA
remittances,2024,NA,2,monthly,85.58407099405265,29 Secondary Income.xls,BiP - Të ardhurat dytësore,967.1DF00Z.c.O.A.6,9,credit,baseline,2026-09,FALSE,FALSE,NA,FALSE,NA
remittances,2024,NA,3,monthly,109.07536906320253,29 Secondary Income.xls,BiP - Të ardhurat dytësore,967.1DF00Z.c.O.A.6,9,credit,baseline,2026-09,FALSE,FALSE,NA,FALSE,NA
remittances,2024,NA,4,monthly,113.2195384744305,29 Secondary Income.xls,BiP - Të ardhurat dytësore,967.1DF00Z.c.O.A.6,9,credit,baseline,2026-09,FALSE,FALSE,NA,FALSE,NA
remittances,2024,NA,5,monthly,118.72137254873824,29 Secondary Income.xls,BiP - Të ardhurat dytësore,967.1DF00Z.c.O.A.6,9,credit,baseline,2026-09,FALSE,FALSE,NA,FALSE,NA
remittances,2024,NA,6,monthly,117.10339148665965,29 Secondary Income.xls,BiP - Të ardhurat dytësore,967.1DF00Z.c.O.A.6,9,credit,baseline,2026-09,FALSE,FALSE,NA,FALSE,NA
remittances,2024,NA,7,monthly,123.72286367939246,29 Secondary Income.xls,BiP - Të ardhurat dytësore,967.1DF00Z.c.O.A.6,9,credit,baseline,2026-09,FALSE,FALSE,NA,FALSE,NA
remittances,2024,NA,8,monthly,141.94857442824252,29 Secondary Income.xls,BiP - Të ardhurat dytësore,967.1DF00Z.c.O.A.6,9,credit,baseline,2026-09,FALSE,FALSE,NA,FALSE,NA
remittances,2024,NA,9,monthly,115.07060860617257,29 Secondary Income.xls,BiP - Të ardhurat dytësore,967.1DF00Z.c.O.A.6,9,credit,baseline,2026-09,FALSE,FALSE,NA,FALSE,NA
remittances,2024,NA,10,monthly,111.97582322302999,29 Secondary Income.xls,BiP - Të ardhurat dytësore,967.1DF00Z.c.O.A.6,9,credit,baseline,2026-09,FALSE,FALSE,NA,FALSE,NA
remittances,2024,NA,11,monthly,101.93356721805038,29 Secondary Income.xls,BiP - Të ardhurat dytësore,967.1DF00Z.c.O.A.6,9,credit,baseline,2026-09,FALSE,FALSE,NA,FALSE,NA
remittances,2024,NA,12,monthly,130.29233639864157,29 Secondary Income.xls,BiP - Të ardhurat dytësore,967.1DF00Z.c.O.A.6,9,credit,baseline,2026-09,FALSE,FALSE,NA,FALSE,NA
remittances,2025,NA,1,monthly,86.13529441480549,29 Secondary Income.xls,BiP - Të ardhurat dytësore,967.1DF00Z.c.O.A.6,9,credit,baseline,2026-09,FALSE,FALSE,NA,FALSE,NA
remittances,2025,NA,2,monthly,87.96417343957897,29 Secondary Income.xls,BiP - Të ardhurat dytësore,967.1DF00Z.c.O.A.6,9,credit,baseline,2026-09,FALSE,FALSE,NA,FALSE,NA
remittances,2025,NA,3,monthly,117.17192997217502,29 Secondary Income.xls,BiP - Të ardhurat dytësore,967.1DF00Z.c.O.A.6,9,credit,baseline,2026-09,FALSE,FALSE,NA,FALSE,NA
remittances,2025,NA,4,monthly,112.23578726977442,29 Secondary Income.xls,BiP - Të ardhurat dytësore,967.1DF00Z.c.O.A.6,9,credit,baseline,2026-09,FALSE,FALSE,NA,FALSE,NA
remittances,2025,NA,5,monthly,127.46871441407984,29 Secondary Income.xls,BiP - Të ardhurat dytësore,967.1DF00Z.c.O.A.6,9,credit,baseline,2026-09,FALSE,FALSE,NA,FALSE,NA
remittances,2025,NA,6,monthly,123.71959358094563,29 Secondary Income.xls,BiP - Të ardhurat dytësore,967.1DF00Z.c.O.A.6,9,credit,baseline,2026-09,FALSE,FALSE,NA,FALSE,NA
remittances,2025,NA,7,monthly,130.36367074950095,29 Secondary Income.xls,BiP - Të ardhurat dytësore,967.1DF00Z.c.O.A.6,9,credit,baseline,2026-09,FALSE,FALSE,NA,FALSE,NA
remittances,2025,NA,8,monthly,146.7876449388979,29 Secondary Income.xls,BiP - Të ardhurat dytësore,967.1DF00Z.c.O.A.6,9,credit,baseline,2026-09,FALSE,FALSE,NA,FALSE,NA
remittances,2025,NA,9,monthly,116.55162972443591,29 Secondary Income.xls,BiP - Të ardhurat dytësore,967.1DF00Z.c.O.A.6,9,credit,baseline,2026-09,FALSE,FALSE,NA,FALSE,NA
remittances,2025,NA,10,monthly,122.8972695447283,29 Secondary Income.xls,BiP - Të ardhurat dytësore,967.1DF00Z.c.O.A.6,9,credit,baseline,2026-09,FALSE,FALSE,NA,FALSE,NA
remittances,2025,NA,11,monthly,103.85023936369112,29 Secondary Income.xls,BiP - Të ardhurat dytësore,967.1DF00Z.c.O.A.6,9,credit,baseline,2026-09,FALSE,FALSE,NA,FALSE,NA
remittances,2025,NA,12,monthly,138.54789529840397,29 Secondary Income.xls,BiP - Të ardhurat dytësore,967.1DF00Z.c.O.A.6,9,credit,baseline,2026-09,FALSE,FALSE,NA,FALSE,NA
remittances,2026,NA,1,monthly,93.57811896761694,29 Secondary Income.xls,BiP - Të ardhurat dytësore,967.1DF00Z.c.O.A.6,9,credit,baseline,2026-09,FALSE,FALSE,NA,FALSE,NA
remittances,2026,NA,2,monthly,91.18991232940084,29 Secondary Income.xls,BiP - Të ardhurat dytësore,967.1DF00Z.c.O.A.6,9,credit,baseline,2026-09,FALSE,FALSE,NA,FALSE,NA
remittances,2026,NA,3,monthly,128.6879717935226,29 Secondary Income.xls,BiP - Të ardhurat dytësore,967.1DF00Z.c.O.A.6,9,credit,baseline,2026-09,FALSE,FALSE,NA,FALSE,NA
remittances,2026,NA,4,monthly,118.05593111557579,29 Secondary Income.xls,BiP - Të ardhurat dytësore,967.1DF00Z.c.O.A.6,9,credit,baseline,2026-09,FALSE,FALSE,NA,FALSE,NA
remittances,2026,NA,5,monthly,134.58674533245798,29 Secondary Income.xls,BiP - Të ardhurat dytësore,967.1DF00Z.c.O.A.6,9,credit,baseline,2026-09,FALSE,FALSE,NA,FALSE,NA
remittances,2026,NA,6,monthly,126.01041538304735,29 Secondary Income.xls,BiP - Të ardhurat dytësore,967.1DF00Z.c.O.A.6,9,credit,baseline,2026-09,FALSE,FALSE,NA,FALSE,NA
travel_credits,2009,1,NA,quarterly,55.609705679919394,27 Services.xls,BiP - Services,967.1BD000.C.X.N.6,19,credit,baseline,2026-09,FALSE,FALSE,NA,FALSE,NA
travel_credits,2009,2,NA,quarterly,67.29295316486753,27 Services.xls,BiP - Services,967.1BD000.C.X.N.6,19,credit,baseline,2026-09,FALSE,FALSE,NA,FALSE,NA
travel_credits,2009,3,NA,quarterly,89.68337479449845,27 Services.xls,BiP - Services,967.1BD000.C.X.N.6,19,credit,baseline,2026-09,FALSE,FALSE,NA,FALSE,NA
travel_credits,2009,4,NA,quarterly,65.0392085323344,27 Services.xls,BiP - Services,967.1BD000.C.X.N.6,19,credit,baseline,2026-09,FALSE,FALSE,NA,FALSE,NA
travel_credits,2010,1,NA,quarterly,53.72733738171813,27 Services.xls,BiP - Services,967.1BD000.C.X.N.6,19,credit,baseline,2026-09,FALSE,FALSE,NA,FALSE,NA
travel_credits,2010,2,NA,quarterly,73.20631369518642,27 Services.xls,BiP - Services,967.1BD000.C.X.N.6,19,credit,baseline,2026-09,FALSE,FALSE,NA,FALSE,NA
travel_credits,2010,3,NA,quarterly,128.4636854887425,27 Services.xls,BiP - Services,967.1BD000.C.X.N.6,19,credit,baseline,2026-09,FALSE,FALSE,NA,FALSE,NA
travel_credits,2010,4,NA,quarterly,72.32075535252805,27 Services.xls,BiP - Services,967.1BD000.C.X.N.6,19,credit,baseline,2026-09,FALSE,FALSE,NA,FALSE,NA
travel_credits,2011,1,NA,quarterly,49.096521786953595,27 Services.xls,BiP - Services,967.1BD000.C.X.N.6,19,credit,baseline,2026-09,FALSE,FALSE,NA,FALSE,NA
travel_credits,2011,2,NA,quarterly,89.45445221270974,27 Services.xls,BiP - Services,967.1BD000.C.X.N.6,19,credit,baseline,2026-09,FALSE,FALSE,NA,FALSE,NA
travel_credits,2011,3,NA,quarterly,341.70150055558696,27 Services.xls,BiP - Services,967.1BD000.C.X.N.6,19,credit,baseline,2026-09,FALSE,FALSE,NA,FALSE,NA
travel_credits,2011,4,NA,quarterly,51.38434681133691,27 Services.xls,BiP - Services,967.1BD000.C.X.N.6,19,credit,baseline,2026-09,FALSE,FALSE,NA,FALSE,NA
travel_credits,2012,1,NA,quarterly,73.6024479749655,27 Services.xls,BiP - Services,967.1BD000.C.X.N.6,19,credit,baseline,2026-09,FALSE,FALSE,NA,FALSE,NA
travel_credits,2012,2,NA,quarterly,96.96872857722538,27 Services.xls,BiP - Services,967.1BD000.C.X.N.6,19,credit,baseline,2026-09,FALSE,FALSE,NA,FALSE,NA
travel_credits,2012,3,NA,quarterly,407.1936894440246,27 Services.xls,BiP - Services,967.1BD000.C.X.N.6,19,credit,baseline,2026-09,FALSE,FALSE,NA,FALSE,NA
travel_credits,2012,4,NA,quarterly,59.055553110104555,27 Services.xls,BiP - Services,967.1BD000.C.X.N.6,19,credit,baseline,2026-09,FALSE,FALSE,NA,FALSE,NA
travel_credits,2013,1,NA,quarterly,83.74817929691339,27 Services.xls,BiP - Services,967.1BD000.C.X.N.6,19,credit,baseline,2026-09,FALSE,FALSE,NA,FALSE,NA
travel_credits,2013,2,NA,quarterly,98.66073653958777,27 Services.xls,BiP - Services,967.1BD000.C.X.N.6,19,credit,baseline,2026-09,FALSE,FALSE,NA,FALSE,NA
travel_credits,2013,3,NA,quarterly,410.3877290516603,27 Services.xls,BiP - Services,967.1BD000.C.X.N.6,19,credit,baseline,2026-09,FALSE,FALSE,NA,FALSE,NA
travel_credits,2013,4,NA,quarterly,54.72467348158194,27 Services.xls,BiP - Services,967.1BD000.C.X.N.6,19,credit,baseline,2026-09,FALSE,FALSE,NA,FALSE,NA
travel_credits,2014,1,NA,quarterly,76.14972649448957,27 Services.xls,BiP - Services,967.1BD000.C.X.N.6,19,credit,baseline,2026-09,FALSE,FALSE,NA,FALSE,NA
travel_credits,2014,2,NA,quarterly,101.2613954814033,27 Services.xls,BiP - Services,967.1BD000.C.X.N.6,19,credit,baseline,2026-09,FALSE,FALSE,NA,FALSE,NA
travel_credits,2014,3,NA,quarterly,432.67751966885174,27 Services.xls,BiP - Services,967.1BD000.C.X.N.6,19,credit,baseline,2026-09,FALSE,FALSE,NA,FALSE,NA
travel_credits,2014,4,NA,quarterly,55.49738377224385,27 Services.xls,BiP - Services,967.1BD000.C.X.N.6,19,credit,baseline,2026-09,FALSE,FALSE,NA,FALSE,NA
travel_credits,2015,1,NA,quarterly,83.59318575972365,27 Services.xls,BiP - Services,967.1BD000.C.X.N.6,19,credit,baseline,2026-09,FALSE,FALSE,NA,FALSE,NA
travel_credits,2015,2,NA,quarterly,102.21669978788191,27 Services.xls,BiP - Services,967.1BD000.C.X.N.6,19,credit,baseline,2026-09,FALSE,FALSE,NA,FALSE,NA
travel_credits,2015,3,NA,quarterly,471.3533515213316,27 Services.xls,BiP - Services,967.1BD000.C.X.N.6,19,credit,baseline,2026-09,FALSE,FALSE,NA,FALSE,NA
travel_credits,2015,4,NA,quarterly,62.581659692263884,27 Services.xls,BiP - Services,967.1BD000.C.X.N.6,19,credit,baseline,2026-09,FALSE,FALSE,NA,FALSE,NA
travel_credits,2016,1,NA,quarterly,101.96370957091199,27 Services.xls,BiP - Services,967.1BD000.C.X.N.6,19,credit,baseline,2026-09,FALSE,FALSE,NA,FALSE,NA
travel_credits,2016,2,NA,quarterly,117.1463875459643,27 Services.xls,BiP - Services,967.1BD000.C.X.N.6,19,credit,baseline,2026-09,FALSE,FALSE,NA,FALSE,NA
travel_credits,2016,3,NA,quarterly,578.1145723647462,27 Services.xls,BiP - Services,967.1BD000.C.X.N.6,19,credit,baseline,2026-09,FALSE,FALSE,NA,FALSE,NA
travel_credits,2016,4,NA,quarterly,104.20951258228321,27 Services.xls,BiP - Services,967.1BD000.C.X.N.6,19,credit,baseline,2026-09,FALSE,FALSE,NA,FALSE,NA
travel_credits,2017,1,NA,quarterly,133.33369942377303,27 Services.xls,BiP - Services,967.1BD000.C.X.N.6,19,credit,baseline,2026-09,FALSE,FALSE,NA,FALSE,NA
travel_credits,2017,2,NA,quarterly,170.43026354136748,27 Services.xls,BiP - Services,967.1BD000.C.X.N.6,19,credit,baseline,2026-09,FALSE,FALSE,NA,FALSE,NA
travel_credits,2017,3,NA,quarterly,679.7469495333925,27 Services.xls,BiP - Services,967.1BD000.C.X.N.6,19,credit,baseline,2026-09,FALSE,FALSE,NA,FALSE,NA
travel_credits,2017,4,NA,quarterly,128.5934363367265,27 Services.xls,BiP - Services,967.1BD000.C.X.N.6,19,credit,baseline,2026-09,FALSE,FALSE,NA,FALSE,NA
travel_credits,2018,1,NA,quarterly,182.28350065113835,27 Services.xls,BiP - Services,967.1BD000.C.X.N.6,19,credit,baseline,2026-09,FALSE,FALSE,NA,FALSE,NA
travel_credits,2018,2,NA,quarterly,192.62089725166447,27 Services.xls,BiP - Services,967.1BD000.C.X.N.6,19,credit,baseline,2026-09,FALSE,FALSE,NA,FALSE,NA
travel_credits,2018,3,NA,quarterly,688.6919442663423,27 Services.xls,BiP - Services,967.1BD000.C.X.N.6,19,credit,baseline,2026-09,FALSE,FALSE,NA,FALSE,NA
travel_credits,2018,4,NA,quarterly,164.59290870038618,27 Services.xls,BiP - Services,967.1BD000.C.X.N.6,19,credit,baseline,2026-09,FALSE,FALSE,NA,FALSE,NA
travel_credits,2019,1,NA,quarterly,195.58916531976487,27 Services.xls,BiP - Services,967.1BD000.C.X.N.6,19,credit,baseline,2026-09,FALSE,FALSE,NA,FALSE,NA
travel_credits,2019,2,NA,quarterly,212.99785645543787,27 Services.xls,BiP - Services,967.1BD000.C.X.N.6,19,credit,baseline,2026-09,FALSE,FALSE,NA,FALSE,NA
travel_credits,2019,3,NA,quarterly,733.6655774731588,27 Services.xls,BiP - Services,967.1BD000.C.X.N.6,19,credit,baseline,2026-09,FALSE,FALSE,NA,FALSE,NA
travel_credits,2019,4,NA,quarterly,179.11270912686564,27 Services.xls,BiP - Services,967.1BD000.C.X.N.6,19,credit,baseline,2026-09,FALSE,FALSE,NA,FALSE,NA
travel_credits,2020,1,NA,quarterly,190.09319957280033,27 Services.xls,BiP - Services,967.1BD000.C.X.N.6,19,credit,baseline,2026-09,FALSE,FALSE,NA,FALSE,NA
travel_credits,2020,2,NA,quarterly,33.84613382854591,27 Services.xls,BiP - Services,967.1BD000.C.X.N.6,19,credit,baseline,2026-09,FALSE,FALSE,NA,FALSE,NA
travel_credits,2020,3,NA,quarterly,246.2991107370148,27 Services.xls,BiP - Services,967.1BD000.C.X.N.6,19,credit,baseline,2026-09,FALSE,FALSE,NA,FALSE,NA
travel_credits,2020,4,NA,quarterly,157.77940189604962,27 Services.xls,BiP - Services,967.1BD000.C.X.N.6,19,credit,baseline,2026-09,FALSE,FALSE,NA,FALSE,NA
travel_credits,2021,1,NA,quarterly,181.43968105917912,27 Services.xls,BiP - Services,967.1BD000.C.X.N.6,19,credit,baseline,2026-09,FALSE,TRUE,CBK services revision announced for September 2026 (travel only),FALSE,NA
travel_credits,2021,2,NA,quarterly,220.7982406920595,27 Services.xls,BiP - Services,967.1BD000.C.X.N.6,19,credit,baseline,2026-09,FALSE,TRUE,CBK services revision announced for September 2026 (travel only),FALSE,NA
travel_credits,2021,3,NA,quarterly,864.0125525370294,27 Services.xls,BiP - Services,967.1BD000.C.X.N.6,19,credit,baseline,2026-09,FALSE,TRUE,CBK services revision announced for September 2026 (travel only),FALSE,NA
travel_credits,2021,4,NA,quarterly,223.8440402970624,27 Services.xls,BiP - Services,967.1BD000.C.X.N.6,19,credit,baseline,2026-09,FALSE,TRUE,CBK services revision announced for September 2026 (travel only),FALSE,NA
travel_credits,2022,1,NA,quarterly,258.19443604346645,27 Services.xls,BiP - Services,967.1BD000.C.X.N.6,19,credit,baseline,2026-09,FALSE,TRUE,CBK services revision announced for September 2026 (travel only),FALSE,NA
travel_credits,2022,2,NA,quarterly,346.3321856920119,27 Services.xls,BiP - Services,967.1BD000.C.X.N.6,19,credit,baseline,2026-09,FALSE,TRUE,CBK services revision announced for September 2026 (travel only),FALSE,NA
travel_credits,2022,3,NA,quarterly,991.9271978689893,27 Services.xls,BiP - Services,967.1BD000.C.X.N.6,19,credit,baseline,2026-09,FALSE,TRUE,CBK services revision announced for September 2026 (travel only),FALSE,NA
travel_credits,2022,4,NA,quarterly,278.82001787691667,27 Services.xls,BiP - Services,967.1BD000.C.X.N.6,19,credit,baseline,2026-09,FALSE,TRUE,CBK services revision announced for September 2026 (travel only),FALSE,NA
travel_credits,2023,1,NA,quarterly,329.0616775636997,27 Services.xls,BiP - Services,967.1BD000.C.X.N.6,19,credit,baseline,2026-09,FALSE,TRUE,CBK services revision announced for September 2026 (travel only),FALSE,NA
travel_credits,2023,2,NA,quarterly,377.9535383765949,27 Services.xls,BiP - Services,967.1BD000.C.X.N.6,19,credit,baseline,2026-09,FALSE,TRUE,CBK services revision announced for September 2026 (travel only),FALSE,NA
travel_credits,2023,3,NA,quarterly,1168.2433733809505,27 Services.xls,BiP - Services,967.1BD000.C.X.N.6,19,credit,baseline,2026-09,FALSE,TRUE,CBK services revision announced for September 2026 (travel only),FALSE,NA
travel_credits,2023,4,NA,quarterly,331.72626255452707,27 Services.xls,BiP - Services,967.1BD000.C.X.N.6,19,credit,baseline,2026-09,FALSE,TRUE,CBK services revision announced for September 2026 (travel only),FALSE,NA
travel_credits,2024,1,NA,quarterly,371.4495502107042,27 Services.xls,BiP - Services,967.1BD000.C.X.N.6,19,credit,baseline,2026-09,FALSE,TRUE,CBK services revision announced for September 2026 (travel only),FALSE,NA
travel_credits,2024,2,NA,quarterly,402.70105623021345,27 Services.xls,BiP - Services,967.1BD000.C.X.N.6,19,credit,baseline,2026-09,FALSE,TRUE,CBK services revision announced for September 2026 (travel only),FALSE,NA
travel_credits,2024,3,NA,quarterly,1277.8318802521894,27 Services.xls,BiP - Services,967.1BD000.C.X.N.6,19,credit,baseline,2026-09,FALSE,TRUE,CBK services revision announced for September 2026 (travel only),FALSE,NA
travel_credits,2024,4,NA,quarterly,373.26674646552,27 Services.xls,BiP - Services,967.1BD000.C.X.N.6,19,credit,baseline,2026-09,FALSE,TRUE,CBK services revision announced for September 2026 (travel only),FALSE,NA
travel_credits,2025,1,NA,quarterly,499.0537126512563,27 Services.xls,BiP - Services,967.1BD000.C.X.N.6,19,credit,baseline,2026-09,FALSE,FALSE,NA,FALSE,NA
travel_credits,2025,2,NA,quarterly,624.5874811116095,27 Services.xls,BiP - Services,967.1BD000.C.X.N.6,19,credit,baseline,2026-09,FALSE,FALSE,NA,FALSE,NA
travel_credits,2025,3,NA,quarterly,1548.9210392202317,27 Services.xls,BiP - Services,967.1BD000.C.X.N.6,19,credit,baseline,2026-09,FALSE,FALSE,NA,FALSE,NA
travel_credits,2025,4,NA,quarterly,551.7734389122568,27 Services.xls,BiP - Services,967.1BD000.C.X.N.6,19,credit,baseline,2026-09,FALSE,FALSE,NA,FALSE,NA
travel_credits,2026,1,NA,quarterly,551.7066835077383,27 Services.xls,BiP - Services,967.1BD000.C.X.N.6,19,credit,baseline,2026-09,FALSE,FALSE,NA,FALSE,NA
travel_credits,2026,2,NA,quarterly,584.953264970004,27 Services.xls,BiP - Services,967.1BD000.C.X.N.6,19,credit,baseline,2026-09,FALSE,FALSE,NA,FALSE,NA
travel_credits,2014,NA,1,monthly,43.05683040361928,27 Services.xls,BiP - Services,967.1BD000.C.X.N.6,19,credit,baseline,2026-09,FALSE,FALSE,NA,FALSE,NA
travel_credits,2014,NA,2,monthly,13.64677317563689,27 Services.xls,BiP - Services,967.1BD000.C.X.N.6,19,credit,baseline,2026-09,FALSE,FALSE,NA,FALSE,NA
travel_credits,2014,NA,3,monthly,19.4461229152334,27 Services.xls,BiP - Services,967.1BD000.C.X.N.6,19,credit,baseline,2026-09,FALSE,FALSE,NA,FALSE,NA
travel_credits,2014,NA,4,monthly,33.0681236923428,27 Services.xls,BiP - Services,967.1BD000.C.X.N.6,19,credit,baseline,2026-09,FALSE,FALSE,NA,FALSE,NA
travel_credits,2014,NA,5,monthly,27.64180912204907,27 Services.xls,BiP - Services,967.1BD000.C.X.N.6,19,credit,baseline,2026-09,FALSE,FALSE,NA,FALSE,NA
travel_credits,2014,NA,6,monthly,40.55146266701143,27 Services.xls,BiP - Services,967.1BD000.C.X.N.6,19,credit,baseline,2026-09,FALSE,FALSE,NA,FALSE,NA
travel_credits,2014,NA,7,monthly,169.22867655282084,27 Services.xls,BiP - Services,967.1BD000.C.X.N.6,19,credit,baseline,2026-09,FALSE,FALSE,NA,FALSE,NA
travel_credits,2014,NA,8,monthly,235.73423830455624,27 Services.xls,BiP - Services,967.1BD000.C.X.N.6,19,credit,baseline,2026-09,FALSE,FALSE,NA,FALSE,NA
travel_credits,2014,NA,9,monthly,27.714604811474672,27 Services.xls,BiP - Services,967.1BD000.C.X.N.6,19,credit,baseline,2026-09,FALSE,FALSE,NA,FALSE,NA
travel_credits,2014,NA,10,monthly,24.572549375620575,27 Services.xls,BiP - Services,967.1BD000.C.X.N.6,19,credit,baseline,2026-09,FALSE,FALSE,NA,FALSE,NA
travel_credits,2014,NA,11,monthly,14.432879863831847,27 Services.xls,BiP - Services,967.1BD000.C.X.N.6,19,credit,baseline,2026-09,FALSE,FALSE,NA,FALSE,NA
travel_credits,2014,NA,12,monthly,16.49195453279142,27 Services.xls,BiP - Services,967.1BD000.C.X.N.6,19,credit,baseline,2026-09,FALSE,FALSE,NA,FALSE,NA
travel_credits,2015,NA,1,monthly,46.710202715775104,27 Services.xls,BiP - Services,967.1BD000.C.X.N.6,19,credit,baseline,2026-09,FALSE,FALSE,NA,FALSE,NA
travel_credits,2015,NA,2,monthly,13.628975562845936,27 Services.xls,BiP - Services,967.1BD000.C.X.N.6,19,credit,baseline,2026-09,FALSE,FALSE,NA,FALSE,NA
travel_credits,2015,NA,3,monthly,23.254007481102608,27 Services.xls,BiP - Services,967.1BD000.C.X.N.6,19,credit,baseline,2026-09,FALSE,FALSE,NA,FALSE,NA
travel_credits,2015,NA,4,monthly,28.624132757043395,27 Services.xls,BiP - Services,967.1BD000.C.X.N.6,19,credit,baseline,2026-09,FALSE,FALSE,NA,FALSE,NA
travel_credits,2015,NA,5,monthly,31.376146796154583,27 Services.xls,BiP - Services,967.1BD000.C.X.N.6,19,credit,baseline,2026-09,FALSE,FALSE,NA,FALSE,NA
travel_credits,2015,NA,6,monthly,42.21642023468392,27 Services.xls,BiP - Services,967.1BD000.C.X.N.6,19,credit,baseline,2026-09,FALSE,FALSE,NA,FALSE,NA
travel_credits,2015,NA,7,monthly,187.01491789471947,27 Services.xls,BiP - Services,967.1BD000.C.X.N.6,19,credit,baseline,2026-09,FALSE,FALSE,NA,FALSE,NA
travel_credits,2015,NA,8,monthly,250.93952380300342,27 Services.xls,BiP - Services,967.1BD000.C.X.N.6,19,credit,baseline,2026-09,FALSE,FALSE,NA,FALSE,NA
travel_credits,2015,NA,9,monthly,33.398909823608676,27 Services.xls,BiP - Services,967.1BD000.C.X.N.6,19,credit,baseline,2026-09,FALSE,FALSE,NA,FALSE,NA
travel_credits,2015,NA,10,monthly,27.515334352488047,27 Services.xls,BiP - Services,967.1BD000.C.X.N.6,19,credit,baseline,2026-09,FALSE,FALSE,NA,FALSE,NA
travel_credits,2015,NA,11,monthly,16.810249887506412,27 Services.xls,BiP - Services,967.1BD000.C.X.N.6,19,credit,baseline,2026-09,FALSE,FALSE,NA,FALSE,NA
travel_credits,2015,NA,12,monthly,18.25607545226943,27 Services.xls,BiP - Services,967.1BD000.C.X.N.6,19,credit,baseline,2026-09,FALSE,FALSE,NA,FALSE,NA
travel_credits,2016,NA,1,monthly,52.05059698072854,27 Services.xls,BiP - Services,967.1BD000.C.X.N.6,19,credit,baseline,2026-09,FALSE,FALSE,NA,FALSE,NA
travel_credits,2016,NA,2,monthly,17.605007329714823,27 Services.xls,BiP - Services,967.1BD000.C.X.N.6,19,credit,baseline,2026-09,FALSE,FALSE,NA,FALSE,NA
travel_credits,2016,NA,3,monthly,32.30810526046863,27 Services.xls,BiP - Services,967.1BD000.C.X.N.6,19,credit,baseline,2026-09,FALSE,FALSE,NA,FALSE,NA
travel_credits,2016,NA,4,monthly,30.168381072832336,27 Services.xls,BiP - Services,967.1BD000.C.X.N.6,19,credit,baseline,2026-09,FALSE,FALSE,NA,FALSE,NA
travel_credits,2016,NA,5,monthly,38.715548825643594,27 Services.xls,BiP - Services,967.1BD000.C.X.N.6,19,credit,baseline,2026-09,FALSE,FALSE,NA,FALSE,NA
travel_credits,2016,NA,6,monthly,48.262457647488375,27 Services.xls,BiP - Services,967.1BD000.C.X.N.6,19,credit,baseline,2026-09,FALSE,FALSE,NA,FALSE,NA
travel_credits,2016,NA,7,monthly,242.23393907956387,27 Services.xls,BiP - Services,967.1BD000.C.X.N.6,19,credit,baseline,2026-09,FALSE,FALSE,NA,FALSE,NA
travel_credits,2016,NA,8,monthly,294.6144392408374,27 Services.xls,BiP - Services,967.1BD000.C.X.N.6,19,credit,baseline,2026-09,FALSE,FALSE,NA,FALSE,NA
travel_credits,2016,NA,9,monthly,41.266194044344964,27 Services.xls,BiP - Services,967.1BD000.C.X.N.6,19,credit,baseline,2026-09,FALSE,FALSE,NA,FALSE,NA
travel_credits,2016,NA,10,monthly,39.09399998280426,27 Services.xls,BiP - Services,967.1BD000.C.X.N.6,19,credit,baseline,2026-09,FALSE,FALSE,NA,FALSE,NA
travel_credits,2016,NA,11,monthly,19.906785183074465,27 Services.xls,BiP - Services,967.1BD000.C.X.N.6,19,credit,baseline,2026-09,FALSE,FALSE,NA,FALSE,NA
travel_credits,2016,NA,12,monthly,45.208727416404486,27 Services.xls,BiP - Services,967.1BD000.C.X.N.6,19,credit,baseline,2026-09,FALSE,FALSE,NA,FALSE,NA
travel_credits,2017,NA,1,monthly,67.3068446943254,27 Services.xls,BiP - Services,967.1BD000.C.X.N.6,19,credit,baseline,2026-09,FALSE,FALSE,NA,FALSE,NA
travel_credits,2017,NA,2,monthly,27.669471520835227,27 Services.xls,BiP - Services,967.1BD000.C.X.N.6,19,credit,baseline,2026-09,FALSE,FALSE,NA,FALSE,NA
travel_credits,2017,NA,3,monthly,38.35738320861238,27 Services.xls,BiP - Services,967.1BD000.C.X.N.6,19,credit,baseline,2026-09,FALSE,FALSE,NA,FALSE,NA
travel_credits,2017,NA,4,monthly,65.62519116583448,27 Services.xls,BiP - Services,967.1BD000.C.X.N.6,19,credit,baseline,2026-09,FALSE,FALSE,NA,FALSE,NA
travel_credits,2017,NA,5,monthly,47.134027407303726,27 Services.xls,BiP - Services,967.1BD000.C.X.N.6,19,credit,baseline,2026-09,FALSE,FALSE,NA,FALSE,NA
travel_credits,2017,NA,6,monthly,57.67104496822926,27 Services.xls,BiP - Services,967.1BD000.C.X.N.6,19,credit,baseline,2026-09,FALSE,FALSE,NA,FALSE,NA
travel_credits,2017,NA,7,monthly,268.09773524694543,27 Services.xls,BiP - Services,967.1BD000.C.X.N.6,19,credit,baseline,2026-09,FALSE,FALSE,NA,FALSE,NA
travel_credits,2017,NA,8,monthly,350.9874555406982,27 Services.xls,BiP - Services,967.1BD000.C.X.N.6,19,credit,baseline,2026-09,FALSE,FALSE,NA,FALSE,NA
travel_credits,2017,NA,9,monthly,60.6617587457489,27 Services.xls,BiP - Services,967.1BD000.C.X.N.6,19,credit,baseline,2026-09,FALSE,FALSE,NA,FALSE,NA
travel_credits,2017,NA,10,monthly,51.287169355726064,27 Services.xls,BiP - Services,967.1BD000.C.X.N.6,19,credit,baseline,2026-09,FALSE,FALSE,NA,FALSE,NA
travel_credits,2017,NA,11,monthly,34.7959053322009,27 Services.xls,BiP - Services,967.1BD000.C.X.N.6,19,credit,baseline,2026-09,FALSE,FALSE,NA,FALSE,NA
travel_credits,2017,NA,12,monthly,42.510361648799545,27 Services.xls,BiP - Services,967.1BD000.C.X.N.6,19,credit,baseline,2026-09,FALSE,FALSE,NA,FALSE,NA
travel_credits,2018,NA,1,monthly,89.79655996297029,27 Services.xls,BiP - Services,967.1BD000.C.X.N.6,19,credit,baseline,2026-09,FALSE,FALSE,NA,FALSE,NA
travel_credits,2018,NA,2,monthly,40.915938035215824,27 Services.xls,BiP - Services,967.1BD000.C.X.N.6,19,credit,baseline,2026-09,FALSE,FALSE,NA,FALSE,NA
travel_credits,2018,NA,3,monthly,51.57100265295226,27 Services.xls,BiP - Services,967.1BD000.C.X.N.6,19,credit,baseline,2026-09,FALSE,FALSE,NA,FALSE,NA
travel_credits,2018,NA,4,monthly,62.42357818807205,27 Services.xls,BiP - Services,967.1BD000.C.X.N.6,19,credit,baseline,2026-09,FALSE,FALSE,NA,FALSE,NA
travel_credits,2018,NA,5,monthly,61.50287105085863,27 Services.xls,BiP - Services,967.1BD000.C.X.N.6,19,credit,baseline,2026-09,FALSE,FALSE,NA,FALSE,NA
travel_credits,2018,NA,6,monthly,68.6944480127338,27 Services.xls,BiP - Services,967.1BD000.C.X.N.6,19,credit,baseline,2026-09,FALSE,FALSE,NA,FALSE,NA
travel_credits,2018,NA,7,monthly,222.36537961625444,27 Services.xls,BiP - Services,967.1BD000.C.X.N.6,19,credit,baseline,2026-09,FALSE,FALSE,NA,FALSE,NA
travel_credits,2018,NA,8,monthly,394.083073824902,27 Services.xls,BiP - Services,967.1BD000.C.X.N.6,19,credit,baseline,2026-09,FALSE,FALSE,NA,FALSE,NA
travel_credits,2018,NA,9,monthly,72.24349082518584,27 Services.xls,BiP - Services,967.1BD000.C.X.N.6,19,credit,baseline,2026-09,FALSE,FALSE,NA,FALSE,NA
travel_credits,2018,NA,10,monthly,58.889828461153904,27 Services.xls,BiP - Services,967.1BD000.C.X.N.6,19,credit,baseline,2026-09,FALSE,FALSE,NA,FALSE,NA
travel_credits,2018,NA,11,monthly,51.01438313091299,27 Services.xls,BiP - Services,967.1BD000.C.X.N.6,19,credit,baseline,2026-09,FALSE,FALSE,NA,FALSE,NA
travel_credits,2018,NA,12,monthly,54.688697108319275,27 Services.xls,BiP - Services,967.1BD000.C.X.N.6,19,credit,baseline,2026-09,FALSE,FALSE,NA,FALSE,NA
travel_credits,2019,NA,1,monthly,94.79863497800049,27 Services.xls,BiP - Services,967.1BD000.C.X.N.6,19,credit,baseline,2026-09,FALSE,FALSE,NA,FALSE,NA
travel_credits,2019,NA,2,monthly,42.66388235530155,27 Services.xls,BiP - Services,967.1BD000.C.X.N.6,19,credit,baseline,2026-09,FALSE,FALSE,NA,FALSE,NA
travel_credits,2019,NA,3,monthly,58.12664798646282,27 Services.xls,BiP - Services,967.1BD000.C.X.N.6,19,credit,baseline,2026-09,FALSE,FALSE,NA,FALSE,NA
travel_credits,2019,NA,4,monthly,80.64540226252355,27 Services.xls,BiP - Services,967.1BD000.C.X.N.6,19,credit,baseline,2026-09,FALSE,FALSE,NA,FALSE,NA
travel_credits,2019,NA,5,monthly,55.903075805501885,27 Services.xls,BiP - Services,967.1BD000.C.X.N.6,19,credit,baseline,2026-09,FALSE,FALSE,NA,FALSE,NA
travel_credits,2019,NA,6,monthly,76.44937838741245,27 Services.xls,BiP - Services,967.1BD000.C.X.N.6,19,credit,baseline,2026-09,FALSE,FALSE,NA,FALSE,NA
travel_credits,2019,NA,7,monthly,234.1803459555294,27 Services.xls,BiP - Services,967.1BD000.C.X.N.6,19,credit,baseline,2026-09,FALSE,FALSE,NA,FALSE,NA
travel_credits,2019,NA,8,monthly,420.23736365381217,27 Services.xls,BiP - Services,967.1BD000.C.X.N.6,19,credit,baseline,2026-09,FALSE,FALSE,NA,FALSE,NA
travel_credits,2019,NA,9,monthly,79.24786786381729,27 Services.xls,BiP - Services,967.1BD000.C.X.N.6,19,credit,baseline,2026-09,FALSE,FALSE,NA,FALSE,NA
travel_credits,2019,NA,10,monthly,60.75570780432463,27 Services.xls,BiP - Services,967.1BD000.C.X.N.6,19,credit,baseline,2026-09,FALSE,FALSE,NA,FALSE,NA
travel_credits,2019,NA,11,monthly,48.71581059474923,27 Services.xls,BiP - Services,967.1BD000.C.X.N.6,19,credit,baseline,2026-09,FALSE,FALSE,NA,FALSE,NA
travel_credits,2019,NA,12,monthly,69.6411907277918,27 Services.xls,BiP - Services,967.1BD000.C.X.N.6,19,credit,baseline,2026-09,FALSE,FALSE,NA,FALSE,NA
travel_credits,2020,NA,1,monthly,105.60390032170923,27 Services.xls,BiP - Services,967.1BD000.C.X.N.6,19,credit,baseline,2026-09,FALSE,FALSE,NA,FALSE,NA
travel_credits,2020,NA,2,monthly,58.96492185992393,27 Services.xls,BiP - Services,967.1BD000.C.X.N.6,19,credit,baseline,2026-09,FALSE,FALSE,NA,FALSE,NA
travel_credits,2020,NA,3,monthly,25.524377391167175,27 Services.xls,BiP - Services,967.1BD000.C.X.N.6,19,credit,baseline,2026-09,FALSE,FALSE,NA,FALSE,NA
travel_credits,2020,NA,4,monthly,1.50534929655309,27 Services.xls,BiP - Services,967.1BD000.C.X.N.6,19,credit,baseline,2026-09,FALSE,FALSE,NA,FALSE,NA
travel_credits,2020,NA,5,monthly,1.7214412060689488,27 Services.xls,BiP - Services,967.1BD000.C.X.N.6,19,credit,baseline,2026-09,FALSE,FALSE,NA,FALSE,NA
travel_credits,2020,NA,6,monthly,30.619343325923868,27 Services.xls,BiP - Services,967.1BD000.C.X.N.6,19,credit,baseline,2026-09,FALSE,FALSE,NA,FALSE,NA
travel_credits,2020,NA,7,monthly,76.89066718781154,27 Services.xls,BiP - Services,967.1BD000.C.X.N.6,19,credit,baseline,2026-09,FALSE,FALSE,NA,FALSE,NA
travel_credits,2020,NA,8,monthly,141.82637919460072,27 Services.xls,BiP - Services,967.1BD000.C.X.N.6,19,credit,baseline,2026-09,FALSE,FALSE,NA,FALSE,NA
travel_credits,2020,NA,9,monthly,27.582064354602526,27 Services.xls,BiP - Services,967.1BD000.C.X.N.6,19,credit,baseline,2026-09,FALSE,FALSE,NA,FALSE,NA
travel_credits,2020,NA,10,monthly,60.132036136240984,27 Services.xls,BiP - Services,967.1BD000.C.X.N.6,19,credit,baseline,2026-09,FALSE,FALSE,NA,FALSE,NA
travel_credits,2020,NA,11,monthly,33.92717318463998,27 Services.xls,BiP - Services,967.1BD000.C.X.N.6,19,credit,baseline,2026-09,FALSE,FALSE,NA,FALSE,NA
travel_credits,2020,NA,12,monthly,63.720192575168646,27 Services.xls,BiP - Services,967.1BD000.C.X.N.6,19,credit,baseline,2026-09,FALSE,FALSE,NA,FALSE,NA
travel_credits,2021,NA,1,monthly,88.90078358197918,27 Services.xls,BiP - Services,967.1BD000.C.X.N.6,19,credit,baseline,2026-09,FALSE,TRUE,CBK services revision announced for September 2026 (travel only),FALSE,NA
travel_credits,2021,NA,2,monthly,41.77270823933289,27 Services.xls,BiP - Services,967.1BD000.C.X.N.6,19,credit,baseline,2026-09,FALSE,TRUE,CBK services revision announced for September 2026 (travel only),FALSE,NA
travel_credits,2021,NA,3,monthly,50.76618923786704,27 Services.xls,BiP - Services,967.1BD000.C.X.N.6,19,credit,baseline,2026-09,FALSE,TRUE,CBK services revision announced for September 2026 (travel only),FALSE,NA
travel_credits,2021,NA,4,monthly,41.49735164426975,27 Services.xls,BiP - Services,967.1BD000.C.X.N.6,19,credit,baseline,2026-09,FALSE,TRUE,CBK services revision announced for September 2026 (travel only),FALSE,NA
travel_credits,2021,NA,5,monthly,74.78914161232791,27 Services.xls,BiP - Services,967.1BD000.C.X.N.6,19,credit,baseline,2026-09,FALSE,TRUE,CBK services revision announced for September 2026 (travel only),FALSE,NA
travel_credits,2021,NA,6,monthly,104.51174743546184,27 Services.xls,BiP - Services,967.1BD000.C.X.N.6,19,credit,baseline,2026-09,FALSE,TRUE,CBK services revision announced for September 2026 (travel only),FALSE,NA
travel_credits,2021,NA,7,monthly,292.2369289780115,27 Services.xls,BiP - Services,967.1BD000.C.X.N.6,19,credit,baseline,2026-09,FALSE,TRUE,CBK services revision announced for September 2026 (travel only),FALSE,NA
travel_credits,2021,NA,8,monthly,506.18875800386405,27 Services.xls,BiP - Services,967.1BD000.C.X.N.6,19,credit,baseline,2026-09,FALSE,TRUE,CBK services revision announced for September 2026 (travel only),FALSE,NA
travel_credits,2021,NA,9,monthly,65.58686555515382,27 Services.xls,BiP - Services,967.1BD000.C.X.N.6,19,credit,baseline,2026-09,FALSE,TRUE,CBK services revision announced for September 2026 (travel only),FALSE,NA
travel_credits,2021,NA,10,monthly,72.3193582021934,27 Services.xls,BiP - Services,967.1BD000.C.X.N.6,19,credit,baseline,2026-09,FALSE,TRUE,CBK services revision announced for September 2026 (travel only),FALSE,NA
travel_credits,2021,NA,11,monthly,57.56154457439272,27 Services.xls,BiP - Services,967.1BD000.C.X.N.6,19,credit,baseline,2026-09,FALSE,TRUE,CBK services revision announced for September 2026 (travel only),FALSE,NA
travel_credits,2021,NA,12,monthly,93.96313752047628,27 Services.xls,BiP - Services,967.1BD000.C.X.N.6,19,credit,baseline,2026-09,FALSE,TRUE,CBK services revision announced for September 2026 (travel only),FALSE,NA
travel_credits,2022,NA,1,monthly,128.29922940386427,27 Services.xls,BiP - Services,967.1BD000.C.X.N.6,19,credit,baseline,2026-09,FALSE,TRUE,CBK services revision announced for September 2026 (travel only),FALSE,NA
travel_credits,2022,NA,2,monthly,61.769376696985674,27 Services.xls,BiP - Services,967.1BD000.C.X.N.6,19,credit,baseline,2026-09,FALSE,TRUE,CBK services revision announced for September 2026 (travel only),FALSE,NA
travel_credits,2022,NA,3,monthly,68.12582994261652,27 Services.xls,BiP - Services,967.1BD000.C.X.N.6,19,credit,baseline,2026-09,FALSE,TRUE,CBK services revision announced for September 2026 (travel only),FALSE,NA
travel_credits,2022,NA,4,monthly,110.91476652550149,27 Services.xls,BiP - Services,967.1BD000.C.X.N.6,19,credit,baseline,2026-09,FALSE,TRUE,CBK services revision announced for September 2026 (travel only),FALSE,NA
travel_credits,2022,NA,5,monthly,103.11220137077376,27 Services.xls,BiP - Services,967.1BD000.C.X.N.6,19,credit,baseline,2026-09,FALSE,TRUE,CBK services revision announced for September 2026 (travel only),FALSE,NA
travel_credits,2022,NA,6,monthly,132.30521779573658,27 Services.xls,BiP - Services,967.1BD000.C.X.N.6,19,credit,baseline,2026-09,FALSE,TRUE,CBK services revision announced for September 2026 (travel only),FALSE,NA
travel_credits,2022,NA,7,monthly,336.22858662628704,27 Services.xls,BiP - Services,967.1BD000.C.X.N.6,19,credit,baseline,2026-09,FALSE,TRUE,CBK services revision announced for September 2026 (travel only),FALSE,NA
travel_credits,2022,NA,8,monthly,558.2069886985862,27 Services.xls,BiP - Services,967.1BD000.C.X.N.6,19,credit,baseline,2026-09,FALSE,TRUE,CBK services revision announced for September 2026 (travel only),FALSE,NA
travel_credits,2022,NA,9,monthly,97.49162254411601,27 Services.xls,BiP - Services,967.1BD000.C.X.N.6,19,credit,baseline,2026-09,FALSE,TRUE,CBK services revision announced for September 2026 (travel only),FALSE,NA
travel_credits,2022,NA,10,monthly,96.62473124314754,27 Services.xls,BiP - Services,967.1BD000.C.X.N.6,19,credit,baseline,2026-09,FALSE,TRUE,CBK services revision announced for September 2026 (travel only),FALSE,NA
travel_credits,2022,NA,11,monthly,73.08581769598574,27 Services.xls,BiP - Services,967.1BD000.C.X.N.6,19,credit,baseline,2026-09,FALSE,TRUE,CBK services revision announced for September 2026 (travel only),FALSE,NA
travel_credits,2022,NA,12,monthly,109.10946893778338,27 Services.xls,BiP - Services,967.1BD000.C.X.N.6,19,credit,baseline,2026-09,FALSE,TRUE,CBK services revision announced for September 2026 (travel only),FALSE,NA
travel_credits,2023,NA,1,monthly,162.585383780942,27 Services.xls,BiP - Services,967.1BD000.C.X.N.6,19,credit,baseline,2026-09,FALSE,TRUE,CBK services revision announced for September 2026 (travel only),FALSE,NA
travel_credits,2023,NA,2,monthly,78.67873906298189,27 Services.xls,BiP - Services,967.1BD000.C.X.N.6,19,credit,baseline,2026-09,FALSE,TRUE,CBK services revision announced for September 2026 (travel only),FALSE,NA
travel_credits,2023,NA,3,monthly,87.79755471977579,27 Services.xls,BiP - Services,967.1BD000.C.X.N.6,19,credit,baseline,2026-09,FALSE,TRUE,CBK services revision announced for September 2026 (travel only),FALSE,NA
travel_credits,2023,NA,4,monthly,129.02544496543575,27 Services.xls,BiP - Services,967.1BD000.C.X.N.6,19,credit,baseline,2026-09,FALSE,TRUE,CBK services revision announced for September 2026 (travel only),FALSE,NA
travel_credits,2023,NA,5,monthly,116.55665617330239,27 Services.xls,BiP - Services,967.1BD000.C.X.N.6,19,credit,baseline,2026-09,FALSE,TRUE,CBK services revision announced for September 2026 (travel only),FALSE,NA
travel_credits,2023,NA,6,monthly,132.37143723785675,27 Services.xls,BiP - Services,967.1BD000.C.X.N.6,19,credit,baseline,2026-09,FALSE,TRUE,CBK services revision announced for September 2026 (travel only),FALSE,NA
travel_credits,2023,NA,7,monthly,450.40278367879256,27 Services.xls,BiP - Services,967.1BD000.C.X.N.6,19,credit,baseline,2026-09,FALSE,TRUE,CBK services revision announced for September 2026 (travel only),FALSE,NA
travel_credits,2023,NA,8,monthly,592.9970933851513,27 Services.xls,BiP - Services,967.1BD000.C.X.N.6,19,credit,baseline,2026-09,FALSE,TRUE,CBK services revision announced for September 2026 (travel only),FALSE,NA
travel_credits,2023,NA,9,monthly,124.84349631700671,27 Services.xls,BiP - Services,967.1BD000.C.X.N.6,19,credit,baseline,2026-09,FALSE,TRUE,CBK services revision announced for September 2026 (travel only),FALSE,NA
travel_credits,2023,NA,10,monthly,107.25607293412914,27 Services.xls,BiP - Services,967.1BD000.C.X.N.6,19,credit,baseline,2026-09,FALSE,TRUE,CBK services revision announced for September 2026 (travel only),FALSE,NA
travel_credits,2023,NA,11,monthly,82.09900335029947,27 Services.xls,BiP - Services,967.1BD000.C.X.N.6,19,credit,baseline,2026-09,FALSE,TRUE,CBK services revision announced for September 2026 (travel only),FALSE,NA
travel_credits,2023,NA,12,monthly,142.37118627009846,27 Services.xls,BiP - Services,967.1BD000.C.X.N.6,19,credit,baseline,2026-09,FALSE,TRUE,CBK services revision announced for September 2026 (travel only),FALSE,NA
travel_credits,2024,NA,1,monthly,172.66595618251904,27 Services.xls,BiP - Services,967.1BD000.C.X.N.6,19,credit,baseline,2026-09,FALSE,TRUE,CBK services revision announced for September 2026 (travel only),FALSE,NA
travel_credits,2024,NA,2,monthly,86.9872266175755,27 Services.xls,BiP - Services,967.1BD000.C.X.N.6,19,credit,baseline,2026-09,FALSE,TRUE,CBK services revision announced for September 2026 (travel only),FALSE,NA
travel_credits,2024,NA,3,monthly,111.79636741060968,27 Services.xls,BiP - Services,967.1BD000.C.X.N.6,19,credit,baseline,2026-09,FALSE,TRUE,CBK services revision announced for September 2026 (travel only),FALSE,NA
travel_credits,2024,NA,4,monthly,114.71262541445628,27 Services.xls,BiP - Services,967.1BD000.C.X.N.6,19,credit,baseline,2026-09,FALSE,TRUE,CBK services revision announced for September 2026 (travel only),FALSE,NA
travel_credits,2024,NA,5,monthly,127.6285775823254,27 Services.xls,BiP - Services,967.1BD000.C.X.N.6,19,credit,baseline,2026-09,FALSE,TRUE,CBK services revision announced for September 2026 (travel only),FALSE,NA
travel_credits,2024,NA,6,monthly,160.35985323343175,27 Services.xls,BiP - Services,967.1BD000.C.X.N.6,19,credit,baseline,2026-09,FALSE,TRUE,CBK services revision announced for September 2026 (travel only),FALSE,NA
travel_credits,2024,NA,7,monthly,461.0566797957021,27 Services.xls,BiP - Services,967.1BD000.C.X.N.6,19,credit,baseline,2026-09,FALSE,TRUE,CBK services revision announced for September 2026 (travel only),FALSE,NA
travel_credits,2024,NA,8,monthly,628.4978108527746,27 Services.xls,BiP - Services,967.1BD000.C.X.N.6,19,credit,baseline,2026-09,FALSE,TRUE,CBK services revision announced for September 2026 (travel only),FALSE,NA
travel_credits,2024,NA,9,monthly,188.27738960371266,27 Services.xls,BiP - Services,967.1BD000.C.X.N.6,19,credit,baseline,2026-09,FALSE,TRUE,CBK services revision announced for September 2026 (travel only),FALSE,NA
travel_credits,2024,NA,10,monthly,119.1148637587613,27 Services.xls,BiP - Services,967.1BD000.C.X.N.6,19,credit,baseline,2026-09,FALSE,TRUE,CBK services revision announced for September 2026 (travel only),FALSE,NA
travel_credits,2024,NA,11,monthly,96.66555509009495,27 Services.xls,BiP - Services,967.1BD000.C.X.N.6,19,credit,baseline,2026-09,FALSE,TRUE,CBK services revision announced for September 2026 (travel only),FALSE,NA
travel_credits,2024,NA,12,monthly,157.48632761666374,27 Services.xls,BiP - Services,967.1BD000.C.X.N.6,19,credit,baseline,2026-09,FALSE,TRUE,CBK services revision announced for September 2026 (travel only),FALSE,NA
travel_credits,2025,NA,1,monthly,238.4968898570098,27 Services.xls,BiP - Services,967.1BD000.C.X.N.6,19,credit,baseline,2026-09,FALSE,FALSE,NA,FALSE,NA
travel_credits,2025,NA,2,monthly,124.72165178208596,27 Services.xls,BiP - Services,967.1BD000.C.X.N.6,19,credit,baseline,2026-09,FALSE,FALSE,NA,FALSE,NA
travel_credits,2025,NA,3,monthly,135.83517101216057,27 Services.xls,BiP - Services,967.1BD000.C.X.N.6,19,credit,baseline,2026-09,FALSE,FALSE,NA,FALSE,NA
travel_credits,2025,NA,4,monthly,207.16020813095537,27 Services.xls,BiP - Services,967.1BD000.C.X.N.6,19,credit,baseline,2026-09,FALSE,FALSE,NA,FALSE,NA
travel_credits,2025,NA,5,monthly,178.51484544134297,27 Services.xls,BiP - Services,967.1BD000.C.X.N.6,19,credit,baseline,2026-09,FALSE,FALSE,NA,FALSE,NA
travel_credits,2025,NA,6,monthly,238.91242753931115,27 Services.xls,BiP - Services,967.1BD000.C.X.N.6,19,credit,baseline,2026-09,FALSE,FALSE,NA,FALSE,NA
travel_credits,2025,NA,7,monthly,513.170447838869,27 Services.xls,BiP - Services,967.1BD000.C.X.N.6,19,credit,baseline,2026-09,FALSE,FALSE,NA,FALSE,NA
travel_credits,2025,NA,8,monthly,773.4443755021156,27 Services.xls,BiP - Services,967.1BD000.C.X.N.6,19,credit,baseline,2026-09,FALSE,FALSE,NA,FALSE,NA
travel_credits,2025,NA,9,monthly,262.3062158792472,27 Services.xls,BiP - Services,967.1BD000.C.X.N.6,19,credit,baseline,2026-09,FALSE,FALSE,NA,FALSE,NA
travel_credits,2025,NA,10,monthly,173.4555242548224,27 Services.xls,BiP - Services,967.1BD000.C.X.N.6,19,credit,baseline,2026-09,FALSE,FALSE,NA,FALSE,NA
travel_credits,2025,NA,11,monthly,149.32641896905216,27 Services.xls,BiP - Services,967.1BD000.C.X.N.6,19,credit,baseline,2026-09,FALSE,FALSE,NA,FALSE,NA
travel_credits,2025,NA,12,monthly,228.99149568838226,27 Services.xls,BiP - Services,967.1BD000.C.X.N.6,19,credit,baseline,2026-09,FALSE,FALSE,NA,FALSE,NA
travel_credits,2026,NA,1,monthly,258.32357426589886,27 Services.xls,BiP - Services,967.1BD000.C.X.N.6,19,credit,baseline,2026-09,FALSE,FALSE,NA,FALSE,NA
travel_credits,2026,NA,2,monthly,130.50939879803326,27 Services.xls,BiP - Services,967.1BD000.C.X.N.6,19,credit,baseline,2026-09,FALSE,FALSE,NA,FALSE,NA
travel_credits,2026,NA,3,monthly,162.87371044380612,27 Services.xls,BiP - Services,967.1BD000.C.X.N.6,19,credit,baseline,2026-09,FALSE,FALSE,NA,FALSE,NA
travel_credits,2026,NA,4,monthly,173.659788899601,27 Services.xls,BiP - Services,967.1BD000.C.X.N.6,19,credit,baseline,2026-09,FALSE,FALSE,NA,FALSE,NA
travel_credits,2026,NA,5,monthly,187.16285202576708,27 Services.xls,BiP - Services,967.1BD000.C.X.N.6,19,credit,baseline,2026-09,FALSE,FALSE,NA,FALSE,NA
travel_credits,2026,NA,6,monthly,224.1306240446359,27 Services.xls,BiP - Services,967.1BD000.C.X.N.6,19,credit,baseline,2026-09,FALSE,FALSE,NA,FALSE,NA
compensation_employees,2009,1,NA,quarterly,38.47,28 Primary Income.xls,BiP - Të ardhurat parësore,967.1CA000.B.X.A.6,3,net (credit - debit),baseline,2026-09,FALSE,FALSE,NA,FALSE,NA
compensation_employees,2009,2,NA,quarterly,46.92,28 Primary Income.xls,BiP - Të ardhurat parësore,967.1CA000.B.X.A.6,3,net (credit - debit),baseline,2026-09,FALSE,FALSE,NA,FALSE,NA
compensation_employees,2009,3,NA,quarterly,43.89,28 Primary Income.xls,BiP - Të ardhurat parësore,967.1CA000.B.X.A.6,3,net (credit - debit),baseline,2026-09,FALSE,FALSE,NA,FALSE,NA
compensation_employees,2009,4,NA,quarterly,39.43,28 Primary Income.xls,BiP - Të ardhurat parësore,967.1CA000.B.X.A.6,3,net (credit - debit),baseline,2026-09,FALSE,FALSE,NA,FALSE,NA
compensation_employees,2010,1,NA,quarterly,45.562192867913765,28 Primary Income.xls,BiP - Të ardhurat parësore,967.1CA000.B.X.A.6,3,net (credit - debit),baseline,2026-09,FALSE,FALSE,NA,FALSE,NA
compensation_employees,2010,2,NA,quarterly,41.85169214874323,28 Primary Income.xls,BiP - Të ardhurat parësore,967.1CA000.B.X.A.6,3,net (credit - debit),baseline,2026-09,FALSE,FALSE,NA,FALSE,NA
compensation_employees,2010,3,NA,quarterly,40.33221051953409,28 Primary Income.xls,BiP - Të ardhurat parësore,967.1CA000.B.X.A.6,3,net (credit - debit),baseline,2026-09,FALSE,FALSE,NA,FALSE,NA
compensation_employees,2010,4,NA,quarterly,43.863116700192684,28 Primary Income.xls,BiP - Të ardhurat parësore,967.1CA000.B.X.A.6,3,net (credit - debit),baseline,2026-09,FALSE,FALSE,NA,FALSE,NA
compensation_employees,2011,1,NA,quarterly,50.2072948266304,28 Primary Income.xls,BiP - Të ardhurat parësore,967.1CA000.B.X.A.6,3,net (credit - debit),baseline,2026-09,FALSE,FALSE,NA,FALSE,NA
compensation_employees,2011,2,NA,quarterly,55.73578679757109,28 Primary Income.xls,BiP - Të ardhurat parësore,967.1CA000.B.X.A.6,3,net (credit - debit),baseline,2026-09,FALSE,FALSE,NA,FALSE,NA
compensation_employees,2011,3,NA,quarterly,54.21440687000248,28 Primary Income.xls,BiP - Të ardhurat parësore,967.1CA000.B.X.A.6,3,net (credit - debit),baseline,2026-09,FALSE,FALSE,NA,FALSE,NA
compensation_employees,2011,4,NA,quarterly,48.05412781325824,28 Primary Income.xls,BiP - Të ardhurat parësore,967.1CA000.B.X.A.6,3,net (credit - debit),baseline,2026-09,FALSE,FALSE,NA,FALSE,NA
compensation_employees,2012,1,NA,quarterly,53.123577856558605,28 Primary Income.xls,BiP - Të ardhurat parësore,967.1CA000.B.X.A.6,3,net (credit - debit),baseline,2026-09,FALSE,FALSE,NA,FALSE,NA
compensation_employees,2012,2,NA,quarterly,53.590184349884304,28 Primary Income.xls,BiP - Të ardhurat parësore,967.1CA000.B.X.A.6,3,net (credit - debit),baseline,2026-09,FALSE,FALSE,NA,FALSE,NA
compensation_employees,2012,3,NA,quarterly,53.083635194142005,28 Primary Income.xls,BiP - Të ardhurat parësore,967.1CA000.B.X.A.6,3,net (credit - debit),baseline,2026-09,FALSE,FALSE,NA,FALSE,NA
compensation_employees,2012,4,NA,quarterly,54.4606173609777,28 Primary Income.xls,BiP - Të ardhurat parësore,967.1CA000.B.X.A.6,3,net (credit - debit),baseline,2026-09,FALSE,FALSE,NA,FALSE,NA
compensation_employees,2013,1,NA,quarterly,55.38083852133682,28 Primary Income.xls,BiP - Të ardhurat parësore,967.1CA000.B.X.A.6,3,net (credit - debit),baseline,2026-09,FALSE,FALSE,NA,FALSE,NA
compensation_employees,2013,2,NA,quarterly,52.80978796462312,28 Primary Income.xls,BiP - Të ardhurat parësore,967.1CA000.B.X.A.6,3,net (credit - debit),baseline,2026-09,FALSE,FALSE,NA,FALSE,NA
compensation_employees,2013,3,NA,quarterly,53.813354487549404,28 Primary Income.xls,BiP - Të ardhurat parësore,967.1CA000.B.X.A.6,3,net (credit - debit),baseline,2026-09,FALSE,FALSE,NA,FALSE,NA
compensation_employees,2013,4,NA,quarterly,56.89095587113166,28 Primary Income.xls,BiP - Të ardhurat parësore,967.1CA000.B.X.A.6,3,net (credit - debit),baseline,2026-09,FALSE,FALSE,NA,FALSE,NA
compensation_employees,2014,1,NA,quarterly,46.11478784943739,28 Primary Income.xls,BiP - Të ardhurat parësore,967.1CA000.B.X.A.6,3,net (credit - debit),baseline,2026-09,FALSE,FALSE,NA,FALSE,NA
compensation_employees,2014,2,NA,quarterly,49.88315064808601,28 Primary Income.xls,BiP - Të ardhurat parësore,967.1CA000.B.X.A.6,3,net (credit - debit),baseline,2026-09,FALSE,FALSE,NA,FALSE,NA
compensation_employees,2014,3,NA,quarterly,54.20860194526253,28 Primary Income.xls,BiP - Të ardhurat parësore,967.1CA000.B.X.A.6,3,net (credit - debit),baseline,2026-09,FALSE,FALSE,NA,FALSE,NA
compensation_employees,2014,4,NA,quarterly,50.1921881032748,28 Primary Income.xls,BiP - Të ardhurat parësore,967.1CA000.B.X.A.6,3,net (credit - debit),baseline,2026-09,FALSE,FALSE,NA,FALSE,NA
compensation_employees,2015,1,NA,quarterly,52.296066458416824,28 Primary Income.xls,BiP - Të ardhurat parësore,967.1CA000.B.X.A.6,3,net (credit - debit),baseline,2026-09,FALSE,FALSE,NA,FALSE,NA
compensation_employees,2015,2,NA,quarterly,52.51901832927375,28 Primary Income.xls,BiP - Të ardhurat parësore,967.1CA000.B.X.A.6,3,net (credit - debit),baseline,2026-09,FALSE,FALSE,NA,FALSE,NA
compensation_employees,2015,3,NA,quarterly,51.647155933213284,28 Primary Income.xls,BiP - Të ardhurat parësore,967.1CA000.B.X.A.6,3,net (credit - debit),baseline,2026-09,FALSE,FALSE,NA,FALSE,NA
compensation_employees,2015,4,NA,quarterly,49.21112477706666,28 Primary Income.xls,BiP - Të ardhurat parësore,967.1CA000.B.X.A.6,3,net (credit - debit),baseline,2026-09,FALSE,FALSE,NA,FALSE,NA
compensation_employees,2016,1,NA,quarterly,47.58519566868161,28 Primary Income.xls,BiP - Të ardhurat parësore,967.1CA000.B.X.A.6,3,net (credit - debit),baseline,2026-09,FALSE,FALSE,NA,FALSE,NA
compensation_employees,2016,2,NA,quarterly,47.2317212388201,28 Primary Income.xls,BiP - Të ardhurat parësore,967.1CA000.B.X.A.6,3,net (credit - debit),baseline,2026-09,FALSE,FALSE,NA,FALSE,NA
compensation_employees,2016,3,NA,quarterly,49.14116523212445,28 Primary Income.xls,BiP - Të ardhurat parësore,967.1CA000.B.X.A.6,3,net (credit - debit),baseline,2026-09,FALSE,FALSE,NA,FALSE,NA
compensation_employees,2016,4,NA,quarterly,50.24679727399225,28 Primary Income.xls,BiP - Të ardhurat parësore,967.1CA000.B.X.A.6,3,net (credit - debit),baseline,2026-09,FALSE,FALSE,NA,FALSE,NA
compensation_employees,2017,1,NA,quarterly,48.17696152299457,28 Primary Income.xls,BiP - Të ardhurat parësore,967.1CA000.B.X.A.6,3,net (credit - debit),baseline,2026-09,FALSE,FALSE,NA,FALSE,NA
compensation_employees,2017,2,NA,quarterly,57.24048701734482,28 Primary Income.xls,BiP - Të ardhurat parësore,967.1CA000.B.X.A.6,3,net (credit - debit),baseline,2026-09,FALSE,FALSE,NA,FALSE,NA
compensation_employees,2017,3,NA,quarterly,53.62815454827146,28 Primary Income.xls,BiP - Të ardhurat parësore,967.1CA000.B.X.A.6,3,net (credit - debit),baseline,2026-09,FALSE,FALSE,NA,FALSE,NA
compensation_employees,2017,4,NA,quarterly,58.216328171234316,28 Primary Income.xls,BiP - Të ardhurat parësore,967.1CA000.B.X.A.6,3,net (credit - debit),baseline,2026-09,FALSE,FALSE,NA,FALSE,NA
compensation_employees,2018,1,NA,quarterly,54.786920323625104,28 Primary Income.xls,BiP - Të ardhurat parësore,967.1CA000.B.X.A.6,3,net (credit - debit),baseline,2026-09,FALSE,FALSE,NA,FALSE,NA
compensation_employees,2018,2,NA,quarterly,57.8643148818948,28 Primary Income.xls,BiP - Të ardhurat parësore,967.1CA000.B.X.A.6,3,net (credit - debit),baseline,2026-09,FALSE,FALSE,NA,FALSE,NA
compensation_employees,2018,3,NA,quarterly,58.97074417069422,28 Primary Income.xls,BiP - Të ardhurat parësore,967.1CA000.B.X.A.6,3,net (credit - debit),baseline,2026-09,FALSE,FALSE,NA,FALSE,NA
compensation_employees,2018,4,NA,quarterly,65.42171845176331,28 Primary Income.xls,BiP - Të ardhurat parësore,967.1CA000.B.X.A.6,3,net (credit - debit),baseline,2026-09,FALSE,FALSE,NA,FALSE,NA
compensation_employees,2019,1,NA,quarterly,63.484700077253756,28 Primary Income.xls,BiP - Të ardhurat parësore,967.1CA000.B.X.A.6,3,net (credit - debit),baseline,2026-09,FALSE,FALSE,NA,FALSE,NA
compensation_employees,2019,2,NA,quarterly,60.886660834179025,28 Primary Income.xls,BiP - Të ardhurat parësore,967.1CA000.B.X.A.6,3,net (credit - debit),baseline,2026-09,FALSE,FALSE,NA,FALSE,NA
compensation_employees,2019,3,NA,quarterly,65.91670965830666,28 Primary Income.xls,BiP - Të ardhurat parësore,967.1CA000.B.X.A.6,3,net (credit - debit),baseline,2026-09,FALSE,FALSE,NA,FALSE,NA
compensation_employees,2019,4,NA,quarterly,66.84663982749863,28 Primary Income.xls,BiP - Të ardhurat parësore,967.1CA000.B.X.A.6,3,net (credit - debit),baseline,2026-09,FALSE,FALSE,NA,FALSE,NA
compensation_employees,2020,1,NA,quarterly,66.88092581142135,28 Primary Income.xls,BiP - Të ardhurat parësore,967.1CA000.B.X.A.6,3,net (credit - debit),baseline,2026-09,FALSE,FALSE,NA,FALSE,NA
compensation_employees,2020,2,NA,quarterly,67.11580245635389,28 Primary Income.xls,BiP - Të ardhurat parësore,967.1CA000.B.X.A.6,3,net (credit - debit),baseline,2026-09,FALSE,FALSE,NA,FALSE,NA
compensation_employees,2020,3,NA,quarterly,64.93042145472286,28 Primary Income.xls,BiP - Të ardhurat parësore,967.1CA000.B.X.A.6,3,net (credit - debit),baseline,2026-09,FALSE,FALSE,NA,FALSE,NA
compensation_employees,2020,4,NA,quarterly,63.45301314835038,28 Primary Income.xls,BiP - Të ardhurat parësore,967.1CA000.B.X.A.6,3,net (credit - debit),baseline,2026-09,FALSE,FALSE,NA,FALSE,NA
compensation_employees,2021,1,NA,quarterly,62.95984849577851,28 Primary Income.xls,BiP - Të ardhurat parësore,967.1CA000.B.X.A.6,3,net (credit - debit),baseline,2026-09,FALSE,FALSE,NA,FALSE,NA
compensation_employees,2021,2,NA,quarterly,65.2566639166165,28 Primary Income.xls,BiP - Të ardhurat parësore,967.1CA000.B.X.A.6,3,net (credit - debit),baseline,2026-09,FALSE,FALSE,NA,FALSE,NA
compensation_employees,2021,3,NA,quarterly,64.36608299477015,28 Primary Income.xls,BiP - Të ardhurat parësore,967.1CA000.B.X.A.6,3,net (credit - debit),baseline,2026-09,FALSE,FALSE,NA,TRUE,"Quarterly cells not updated with the 2021 revision: Q3 and Q4 fall short of the monthly series by 2.00 and 3.17 EUR million (year total 258.26 vs annual 263.43 on the net column). Q1 and Q2 match monthly exactly, and monthly reconciles to annual exactly. The deviation is -5.1669 on both the net and the credit column, so the debit side reconciles and the defect sits entirely in the credit cells. Monthly is the reliable series for this year."
compensation_employees,2021,4,NA,quarterly,65.68115428676828,28 Primary Income.xls,BiP - Të ardhurat parësore,967.1CA000.B.X.A.6,3,net (credit - debit),baseline,2026-09,FALSE,FALSE,NA,TRUE,"Quarterly cells not updated with the 2021 revision: Q3 and Q4 fall short of the monthly series by 2.00 and 3.17 EUR million (year total 258.26 vs annual 263.43 on the net column). Q1 and Q2 match monthly exactly, and monthly reconciles to annual exactly. The deviation is -5.1669 on both the net and the credit column, so the debit side reconciles and the defect sits entirely in the credit cells. Monthly is the reliable series for this year."
compensation_employees,2022,1,NA,quarterly,71.12859564053588,28 Primary Income.xls,BiP - Të ardhurat parësore,967.1CA000.B.X.A.6,3,net (credit - debit),baseline,2026-09,FALSE,FALSE,NA,FALSE,NA
compensation_employees,2022,2,NA,quarterly,72.18972153703494,28 Primary Income.xls,BiP - Të ardhurat parësore,967.1CA000.B.X.A.6,3,net (credit - debit),baseline,2026-09,FALSE,FALSE,NA,FALSE,NA
compensation_employees,2022,3,NA,quarterly,76.72133588187293,28 Primary Income.xls,BiP - Të ardhurat parësore,967.1CA000.B.X.A.6,3,net (credit - debit),baseline,2026-09,FALSE,FALSE,NA,FALSE,NA
compensation_employees,2022,4,NA,quarterly,66.47583902388662,28 Primary Income.xls,BiP - Të ardhurat parësore,967.1CA000.B.X.A.6,3,net (credit - debit),baseline,2026-09,FALSE,FALSE,NA,FALSE,NA
compensation_employees,2023,1,NA,quarterly,73.06545618911503,28 Primary Income.xls,BiP - Të ardhurat parësore,967.1CA000.B.X.A.6,3,net (credit - debit),baseline,2026-09,FALSE,FALSE,NA,FALSE,NA
compensation_employees,2023,2,NA,quarterly,81.07734870348963,28 Primary Income.xls,BiP - Të ardhurat parësore,967.1CA000.B.X.A.6,3,net (credit - debit),baseline,2026-09,FALSE,FALSE,NA,FALSE,NA
compensation_employees,2023,3,NA,quarterly,89.66747745243197,28 Primary Income.xls,BiP - Të ardhurat parësore,967.1CA000.B.X.A.6,3,net (credit - debit),baseline,2026-09,FALSE,FALSE,NA,FALSE,NA
compensation_employees,2023,4,NA,quarterly,94.28295927372267,28 Primary Income.xls,BiP - Të ardhurat parësore,967.1CA000.B.X.A.6,3,net (credit - debit),baseline,2026-09,FALSE,FALSE,NA,FALSE,NA
compensation_employees,2024,1,NA,quarterly,96.4040572869902,28 Primary Income.xls,BiP - Të ardhurat parësore,967.1CA000.B.X.A.6,3,net (credit - debit),baseline,2026-09,FALSE,FALSE,NA,FALSE,NA
compensation_employees,2024,2,NA,quarterly,101.55155557019881,28 Primary Income.xls,BiP - Të ardhurat parësore,967.1CA000.B.X.A.6,3,net (credit - debit),baseline,2026-09,FALSE,FALSE,NA,FALSE,NA
compensation_employees,2024,3,NA,quarterly,105.65145028681755,28 Primary Income.xls,BiP - Të ardhurat parësore,967.1CA000.B.X.A.6,3,net (credit - debit),baseline,2026-09,FALSE,FALSE,NA,FALSE,NA
compensation_employees,2024,4,NA,quarterly,112.52424981692783,28 Primary Income.xls,BiP - Të ardhurat parësore,967.1CA000.B.X.A.6,3,net (credit - debit),baseline,2026-09,FALSE,FALSE,NA,FALSE,NA
compensation_employees,2025,1,NA,quarterly,112.72543289678022,28 Primary Income.xls,BiP - Të ardhurat parësore,967.1CA000.B.X.A.6,3,net (credit - debit),baseline,2026-09,FALSE,FALSE,NA,FALSE,NA
compensation_employees,2025,2,NA,quarterly,116.95741748805725,28 Primary Income.xls,BiP - Të ardhurat parësore,967.1CA000.B.X.A.6,3,net (credit - debit),baseline,2026-09,FALSE,FALSE,NA,FALSE,NA
compensation_employees,2025,3,NA,quarterly,115.0148698085903,28 Primary Income.xls,BiP - Të ardhurat parësore,967.1CA000.B.X.A.6,3,net (credit - debit),baseline,2026-09,FALSE,FALSE,NA,FALSE,NA
compensation_employees,2025,4,NA,quarterly,125.72233926567858,28 Primary Income.xls,BiP - Të ardhurat parësore,967.1CA000.B.X.A.6,3,net (credit - debit),baseline,2026-09,FALSE,FALSE,NA,FALSE,NA
compensation_employees,2026,1,NA,quarterly,112.66941090181957,28 Primary Income.xls,BiP - Të ardhurat parësore,967.1CA000.B.X.A.6,3,net (credit - debit),baseline,2026-09,FALSE,FALSE,NA,FALSE,NA
compensation_employees,2026,2,NA,quarterly,117.59819296019745,28 Primary Income.xls,BiP - Të ardhurat parësore,967.1CA000.B.X.A.6,3,net (credit - debit),baseline,2026-09,FALSE,FALSE,NA,FALSE,NA
compensation_employees,2014,NA,1,monthly,14.909692195229548,28 Primary Income.xls,BiP - Të ardhurat parësore,967.1CA000.B.X.A.6,3,net (credit - debit),baseline,2026-09,FALSE,FALSE,NA,FALSE,NA
compensation_employees,2014,NA,2,monthly,15.861102919395409,28 Primary Income.xls,BiP - Të ardhurat parësore,967.1CA000.B.X.A.6,3,net (credit - debit),baseline,2026-09,FALSE,FALSE,NA,FALSE,NA
compensation_employees,2014,NA,3,monthly,15.343992734812431,28 Primary Income.xls,BiP - Të ardhurat parësore,967.1CA000.B.X.A.6,3,net (credit - debit),baseline,2026-09,FALSE,FALSE,NA,FALSE,NA
compensation_employees,2014,NA,4,monthly,16.254024176347,28 Primary Income.xls,BiP - Të ardhurat parësore,967.1CA000.B.X.A.6,3,net (credit - debit),baseline,2026-09,FALSE,FALSE,NA,FALSE,NA
compensation_employees,2014,NA,5,monthly,16.13632720733397,28 Primary Income.xls,BiP - Të ardhurat parësore,967.1CA000.B.X.A.6,3,net (credit - debit),baseline,2026-09,FALSE,FALSE,NA,FALSE,NA
compensation_employees,2014,NA,6,monthly,17.492799264404994,28 Primary Income.xls,BiP - Të ardhurat parësore,967.1CA000.B.X.A.6,3,net (credit - debit),baseline,2026-09,FALSE,FALSE,NA,FALSE,NA
compensation_employees,2014,NA,7,monthly,19.48093969300415,28 Primary Income.xls,BiP - Të ardhurat parësore,967.1CA000.B.X.A.6,3,net (credit - debit),baseline,2026-09,FALSE,FALSE,NA,FALSE,NA
compensation_employees,2014,NA,8,monthly,15.955071788542597,28 Primary Income.xls,BiP - Të ardhurat parësore,967.1CA000.B.X.A.6,3,net (credit - debit),baseline,2026-09,FALSE,FALSE,NA,FALSE,NA
compensation_employees,2014,NA,9,monthly,18.772590463715787,28 Primary Income.xls,BiP - Të ardhurat parësore,967.1CA000.B.X.A.6,3,net (credit - debit),baseline,2026-09,FALSE,FALSE,NA,FALSE,NA
compensation_employees,2014,NA,10,monthly,17.700537918479746,28 Primary Income.xls,BiP - Të ardhurat parësore,967.1CA000.B.X.A.6,3,net (credit - debit),baseline,2026-09,FALSE,FALSE,NA,FALSE,NA
compensation_employees,2014,NA,11,monthly,13.048309518201744,28 Primary Income.xls,BiP - Të ardhurat parësore,967.1CA000.B.X.A.6,3,net (credit - debit),baseline,2026-09,FALSE,FALSE,NA,FALSE,NA
compensation_employees,2014,NA,12,monthly,19.44334066659331,28 Primary Income.xls,BiP - Të ardhurat parësore,967.1CA000.B.X.A.6,3,net (credit - debit),baseline,2026-09,FALSE,FALSE,NA,FALSE,NA
compensation_employees,2015,NA,1,monthly,17.947737617458625,28 Primary Income.xls,BiP - Të ardhurat parësore,967.1CA000.B.X.A.6,3,net (credit - debit),baseline,2026-09,FALSE,FALSE,NA,FALSE,NA
compensation_employees,2015,NA,2,monthly,16.13000677898304,28 Primary Income.xls,BiP - Të ardhurat parësore,967.1CA000.B.X.A.6,3,net (credit - debit),baseline,2026-09,FALSE,FALSE,NA,FALSE,NA
compensation_employees,2015,NA,3,monthly,18.218322061975158,28 Primary Income.xls,BiP - Të ardhurat parësore,967.1CA000.B.X.A.6,3,net (credit - debit),baseline,2026-09,FALSE,FALSE,NA,FALSE,NA
compensation_employees,2015,NA,4,monthly,17.81380744274811,28 Primary Income.xls,BiP - Të ardhurat parësore,967.1CA000.B.X.A.6,3,net (credit - debit),baseline,2026-09,FALSE,FALSE,NA,FALSE,NA
compensation_employees,2015,NA,5,monthly,15.896833349373528,28 Primary Income.xls,BiP - Të ardhurat parësore,967.1CA000.B.X.A.6,3,net (credit - debit),baseline,2026-09,FALSE,FALSE,NA,FALSE,NA
compensation_employees,2015,NA,6,monthly,18.80837753715211,28 Primary Income.xls,BiP - Të ardhurat parësore,967.1CA000.B.X.A.6,3,net (credit - debit),baseline,2026-09,FALSE,FALSE,NA,FALSE,NA
compensation_employees,2015,NA,7,monthly,17.512253624090107,28 Primary Income.xls,BiP - Të ardhurat parësore,967.1CA000.B.X.A.6,3,net (credit - debit),baseline,2026-09,FALSE,FALSE,NA,FALSE,NA
compensation_employees,2015,NA,8,monthly,16.4519498841927,28 Primary Income.xls,BiP - Të ardhurat parësore,967.1CA000.B.X.A.6,3,net (credit - debit),baseline,2026-09,FALSE,FALSE,NA,FALSE,NA
compensation_employees,2015,NA,9,monthly,17.682952424930473,28 Primary Income.xls,BiP - Të ardhurat parësore,967.1CA000.B.X.A.6,3,net (credit - debit),baseline,2026-09,FALSE,FALSE,NA,FALSE,NA
compensation_employees,2015,NA,10,monthly,14.938649364394246,28 Primary Income.xls,BiP - Të ardhurat parësore,967.1CA000.B.X.A.6,3,net (credit - debit),baseline,2026-09,FALSE,FALSE,NA,FALSE,NA
compensation_employees,2015,NA,11,monthly,17.402666617316072,28 Primary Income.xls,BiP - Të ardhurat parësore,967.1CA000.B.X.A.6,3,net (credit - debit),baseline,2026-09,FALSE,FALSE,NA,FALSE,NA
compensation_employees,2015,NA,12,monthly,16.86980879535634,28 Primary Income.xls,BiP - Të ardhurat parësore,967.1CA000.B.X.A.6,3,net (credit - debit),baseline,2026-09,FALSE,FALSE,NA,FALSE,NA
compensation_employees,2016,NA,1,monthly,17.89030514379271,28 Primary Income.xls,BiP - Të ardhurat parësore,967.1CA000.B.X.A.6,3,net (credit - debit),baseline,2026-09,FALSE,FALSE,NA,FALSE,NA
compensation_employees,2016,NA,2,monthly,14.662136353949876,28 Primary Income.xls,BiP - Të ardhurat parësore,967.1CA000.B.X.A.6,3,net (credit - debit),baseline,2026-09,FALSE,FALSE,NA,FALSE,NA
compensation_employees,2016,NA,3,monthly,15.032754170939018,28 Primary Income.xls,BiP - Të ardhurat parësore,967.1CA000.B.X.A.6,3,net (credit - debit),baseline,2026-09,FALSE,FALSE,NA,FALSE,NA
compensation_employees,2016,NA,4,monthly,16.305051685994833,28 Primary Income.xls,BiP - Të ardhurat parësore,967.1CA000.B.X.A.6,3,net (credit - debit),baseline,2026-09,FALSE,FALSE,NA,FALSE,NA
compensation_employees,2016,NA,5,monthly,14.7315364689243,28 Primary Income.xls,BiP - Të ardhurat parësore,967.1CA000.B.X.A.6,3,net (credit - debit),baseline,2026-09,FALSE,FALSE,NA,FALSE,NA
compensation_employees,2016,NA,6,monthly,16.195133083900963,28 Primary Income.xls,BiP - Të ardhurat parësore,967.1CA000.B.X.A.6,3,net (credit - debit),baseline,2026-09,FALSE,FALSE,NA,FALSE,NA
compensation_employees,2016,NA,7,monthly,15.035880469579741,28 Primary Income.xls,BiP - Të ardhurat parësore,967.1CA000.B.X.A.6,3,net (credit - debit),baseline,2026-09,FALSE,FALSE,NA,FALSE,NA
compensation_employees,2016,NA,8,monthly,15.158596830865536,28 Primary Income.xls,BiP - Të ardhurat parësore,967.1CA000.B.X.A.6,3,net (credit - debit),baseline,2026-09,FALSE,FALSE,NA,FALSE,NA
compensation_employees,2016,NA,9,monthly,18.94668793167917,28 Primary Income.xls,BiP - Të ardhurat parësore,967.1CA000.B.X.A.6,3,net (credit - debit),baseline,2026-09,FALSE,FALSE,NA,FALSE,NA
compensation_employees,2016,NA,10,monthly,14.565936244277113,28 Primary Income.xls,BiP - Të ardhurat parësore,967.1CA000.B.X.A.6,3,net (credit - debit),baseline,2026-09,FALSE,FALSE,NA,FALSE,NA
compensation_employees,2016,NA,11,monthly,18.277805903916992,28 Primary Income.xls,BiP - Të ardhurat parësore,967.1CA000.B.X.A.6,3,net (credit - debit),baseline,2026-09,FALSE,FALSE,NA,FALSE,NA
compensation_employees,2016,NA,12,monthly,17.403055125798147,28 Primary Income.xls,BiP - Të ardhurat parësore,967.1CA000.B.X.A.6,3,net (credit - debit),baseline,2026-09,FALSE,FALSE,NA,FALSE,NA
compensation_employees,2017,NA,1,monthly,14.564186230159214,28 Primary Income.xls,BiP - Të ardhurat parësore,967.1CA000.B.X.A.6,3,net (credit - debit),baseline,2026-09,FALSE,FALSE,NA,FALSE,NA
compensation_employees,2017,NA,2,monthly,15.014002485705037,28 Primary Income.xls,BiP - Të ardhurat parësore,967.1CA000.B.X.A.6,3,net (credit - debit),baseline,2026-09,FALSE,FALSE,NA,FALSE,NA
compensation_employees,2017,NA,3,monthly,18.598772807130317,28 Primary Income.xls,BiP - Të ardhurat parësore,967.1CA000.B.X.A.6,3,net (credit - debit),baseline,2026-09,FALSE,FALSE,NA,FALSE,NA
compensation_employees,2017,NA,4,monthly,17.999259759294898,28 Primary Income.xls,BiP - Të ardhurat parësore,967.1CA000.B.X.A.6,3,net (credit - debit),baseline,2026-09,FALSE,FALSE,NA,FALSE,NA
compensation_employees,2017,NA,5,monthly,19.2597067064454,28 Primary Income.xls,BiP - Të ardhurat parësore,967.1CA000.B.X.A.6,3,net (credit - debit),baseline,2026-09,FALSE,FALSE,NA,FALSE,NA
compensation_employees,2017,NA,6,monthly,19.98152055160452,28 Primary Income.xls,BiP - Të ardhurat parësore,967.1CA000.B.X.A.6,3,net (credit - debit),baseline,2026-09,FALSE,FALSE,NA,FALSE,NA
compensation_employees,2017,NA,7,monthly,17.64515051846593,28 Primary Income.xls,BiP - Të ardhurat parësore,967.1CA000.B.X.A.6,3,net (credit - debit),baseline,2026-09,FALSE,FALSE,NA,FALSE,NA
compensation_employees,2017,NA,8,monthly,19.977373077281115,28 Primary Income.xls,BiP - Të ardhurat parësore,967.1CA000.B.X.A.6,3,net (credit - debit),baseline,2026-09,FALSE,FALSE,NA,FALSE,NA
compensation_employees,2017,NA,9,monthly,16.00563095252442,28 Primary Income.xls,BiP - Të ardhurat parësore,967.1CA000.B.X.A.6,3,net (credit - debit),baseline,2026-09,FALSE,FALSE,NA,FALSE,NA
compensation_employees,2017,NA,10,monthly,19.95874989876343,28 Primary Income.xls,BiP - Të ardhurat parësore,967.1CA000.B.X.A.6,3,net (credit - debit),baseline,2026-09,FALSE,FALSE,NA,FALSE,NA
compensation_employees,2017,NA,11,monthly,18.973268482650376,28 Primary Income.xls,BiP - Të ardhurat parësore,967.1CA000.B.X.A.6,3,net (credit - debit),baseline,2026-09,FALSE,FALSE,NA,FALSE,NA
compensation_employees,2017,NA,12,monthly,19.28430978982051,28 Primary Income.xls,BiP - Të ardhurat parësore,967.1CA000.B.X.A.6,3,net (credit - debit),baseline,2026-09,FALSE,FALSE,NA,FALSE,NA
compensation_employees,2018,NA,1,monthly,18.926355907452706,28 Primary Income.xls,BiP - Të ardhurat parësore,967.1CA000.B.X.A.6,3,net (credit - debit),baseline,2026-09,FALSE,FALSE,NA,FALSE,NA
compensation_employees,2018,NA,2,monthly,17.01822872853224,28 Primary Income.xls,BiP - Të ardhurat parësore,967.1CA000.B.X.A.6,3,net (credit - debit),baseline,2026-09,FALSE,FALSE,NA,FALSE,NA
compensation_employees,2018,NA,3,monthly,18.84233568764016,28 Primary Income.xls,BiP - Të ardhurat parësore,967.1CA000.B.X.A.6,3,net (credit - debit),baseline,2026-09,FALSE,FALSE,NA,FALSE,NA
compensation_employees,2018,NA,4,monthly,19.2444101340509,28 Primary Income.xls,BiP - Të ardhurat parësore,967.1CA000.B.X.A.6,3,net (credit - debit),baseline,2026-09,FALSE,FALSE,NA,FALSE,NA
compensation_employees,2018,NA,5,monthly,21.085456578772096,28 Primary Income.xls,BiP - Të ardhurat parësore,967.1CA000.B.X.A.6,3,net (credit - debit),baseline,2026-09,FALSE,FALSE,NA,FALSE,NA
compensation_employees,2018,NA,6,monthly,17.53444816907181,28 Primary Income.xls,BiP - Të ardhurat parësore,967.1CA000.B.X.A.6,3,net (credit - debit),baseline,2026-09,FALSE,FALSE,NA,FALSE,NA
compensation_employees,2018,NA,7,monthly,21.858996691287548,28 Primary Income.xls,BiP - Të ardhurat parësore,967.1CA000.B.X.A.6,3,net (credit - debit),baseline,2026-09,FALSE,FALSE,NA,FALSE,NA
compensation_employees,2018,NA,8,monthly,20.48757633339945,28 Primary Income.xls,BiP - Të ardhurat parësore,967.1CA000.B.X.A.6,3,net (credit - debit),baseline,2026-09,FALSE,FALSE,NA,FALSE,NA
compensation_employees,2018,NA,9,monthly,16.624171146007217,28 Primary Income.xls,BiP - Të ardhurat parësore,967.1CA000.B.X.A.6,3,net (credit - debit),baseline,2026-09,FALSE,FALSE,NA,FALSE,NA
compensation_employees,2018,NA,10,monthly,23.218196365655217,28 Primary Income.xls,BiP - Të ardhurat parësore,967.1CA000.B.X.A.6,3,net (credit - debit),baseline,2026-09,FALSE,FALSE,NA,FALSE,NA
compensation_employees,2018,NA,11,monthly,20.56026916084819,28 Primary Income.xls,BiP - Të ardhurat parësore,967.1CA000.B.X.A.6,3,net (credit - debit),baseline,2026-09,FALSE,FALSE,NA,FALSE,NA
compensation_employees,2018,NA,12,monthly,21.643252925259898,28 Primary Income.xls,BiP - Të ardhurat parësore,967.1CA000.B.X.A.6,3,net (credit - debit),baseline,2026-09,FALSE,FALSE,NA,FALSE,NA
compensation_employees,2019,NA,1,monthly,23.472774653331143,28 Primary Income.xls,BiP - Të ardhurat parësore,967.1CA000.B.X.A.6,3,net (credit - debit),baseline,2026-09,FALSE,FALSE,NA,FALSE,NA
compensation_employees,2019,NA,2,monthly,17.9853898589486,28 Primary Income.xls,BiP - Të ardhurat parësore,967.1CA000.B.X.A.6,3,net (credit - debit),baseline,2026-09,FALSE,FALSE,NA,FALSE,NA
compensation_employees,2019,NA,3,monthly,22.02653556497401,28 Primary Income.xls,BiP - Të ardhurat parësore,967.1CA000.B.X.A.6,3,net (credit - debit),baseline,2026-09,FALSE,FALSE,NA,FALSE,NA
compensation_employees,2019,NA,4,monthly,22.039210424171586,28 Primary Income.xls,BiP - Të ardhurat parësore,967.1CA000.B.X.A.6,3,net (credit - debit),baseline,2026-09,FALSE,FALSE,NA,FALSE,NA
compensation_employees,2019,NA,5,monthly,20.09733139242878,28 Primary Income.xls,BiP - Të ardhurat parësore,967.1CA000.B.X.A.6,3,net (credit - debit),baseline,2026-09,FALSE,FALSE,NA,FALSE,NA
compensation_employees,2019,NA,6,monthly,18.75011901757865,28 Primary Income.xls,BiP - Të ardhurat parësore,967.1CA000.B.X.A.6,3,net (credit - debit),baseline,2026-09,FALSE,FALSE,NA,FALSE,NA
compensation_employees,2019,NA,7,monthly,25.56135097825206,28 Primary Income.xls,BiP - Të ardhurat parësore,967.1CA000.B.X.A.6,3,net (credit - debit),baseline,2026-09,FALSE,FALSE,NA,FALSE,NA
compensation_employees,2019,NA,8,monthly,19.089605988075792,28 Primary Income.xls,BiP - Të ardhurat parësore,967.1CA000.B.X.A.6,3,net (credit - debit),baseline,2026-09,FALSE,FALSE,NA,FALSE,NA
compensation_employees,2019,NA,9,monthly,21.265752691978804,28 Primary Income.xls,BiP - Të ardhurat parësore,967.1CA000.B.X.A.6,3,net (credit - debit),baseline,2026-09,FALSE,FALSE,NA,FALSE,NA
compensation_employees,2019,NA,10,monthly,24.871451297578883,28 Primary Income.xls,BiP - Të ardhurat parësore,967.1CA000.B.X.A.6,3,net (credit - debit),baseline,2026-09,FALSE,FALSE,NA,FALSE,NA
compensation_employees,2019,NA,11,monthly,17.885889412166783,28 Primary Income.xls,BiP - Të ardhurat parësore,967.1CA000.B.X.A.6,3,net (credit - debit),baseline,2026-09,FALSE,FALSE,NA,FALSE,NA
compensation_employees,2019,NA,12,monthly,24.08929911775297,28 Primary Income.xls,BiP - Të ardhurat parësore,967.1CA000.B.X.A.6,3,net (credit - debit),baseline,2026-09,FALSE,FALSE,NA,FALSE,NA
compensation_employees,2020,NA,1,monthly,21.225307704456963,28 Primary Income.xls,BiP - Të ardhurat parësore,967.1CA000.B.X.A.6,3,net (credit - debit),baseline,2026-09,FALSE,FALSE,NA,FALSE,NA
compensation_employees,2020,NA,2,monthly,21.887164247888293,28 Primary Income.xls,BiP - Të ardhurat parësore,967.1CA000.B.X.A.6,3,net (credit - debit),baseline,2026-09,FALSE,FALSE,NA,FALSE,NA
compensation_employees,2020,NA,3,monthly,23.768453859076086,28 Primary Income.xls,BiP - Të ardhurat parësore,967.1CA000.B.X.A.6,3,net (credit - debit),baseline,2026-09,FALSE,FALSE,NA,FALSE,NA
compensation_employees,2020,NA,4,monthly,22.890097571899666,28 Primary Income.xls,BiP - Të ardhurat parësore,967.1CA000.B.X.A.6,3,net (credit - debit),baseline,2026-09,FALSE,FALSE,NA,FALSE,NA
compensation_employees,2020,NA,5,monthly,21.744508012497867,28 Primary Income.xls,BiP - Të ardhurat parësore,967.1CA000.B.X.A.6,3,net (credit - debit),baseline,2026-09,FALSE,FALSE,NA,FALSE,NA
compensation_employees,2020,NA,6,monthly,22.481196871956357,28 Primary Income.xls,BiP - Të ardhurat parësore,967.1CA000.B.X.A.6,3,net (credit - debit),baseline,2026-09,FALSE,FALSE,NA,FALSE,NA
compensation_employees,2020,NA,7,monthly,24.801450827899625,28 Primary Income.xls,BiP - Të ardhurat parësore,967.1CA000.B.X.A.6,3,net (credit - debit),baseline,2026-09,FALSE,FALSE,NA,FALSE,NA
compensation_employees,2020,NA,8,monthly,18.26761100656241,28 Primary Income.xls,BiP - Të ardhurat parësore,967.1CA000.B.X.A.6,3,net (credit - debit),baseline,2026-09,FALSE,FALSE,NA,FALSE,NA
compensation_employees,2020,NA,9,monthly,21.86135962026083,28 Primary Income.xls,BiP - Të ardhurat parësore,967.1CA000.B.X.A.6,3,net (credit - debit),baseline,2026-09,FALSE,FALSE,NA,FALSE,NA
compensation_employees,2020,NA,10,monthly,18.652570663861262,28 Primary Income.xls,BiP - Të ardhurat parësore,967.1CA000.B.X.A.6,3,net (credit - debit),baseline,2026-09,FALSE,FALSE,NA,FALSE,NA
compensation_employees,2020,NA,11,monthly,20.915247631126334,28 Primary Income.xls,BiP - Të ardhurat parësore,967.1CA000.B.X.A.6,3,net (credit - debit),baseline,2026-09,FALSE,FALSE,NA,FALSE,NA
compensation_employees,2020,NA,12,monthly,23.88519485336278,28 Primary Income.xls,BiP - Të ardhurat parësore,967.1CA000.B.X.A.6,3,net (credit - debit),baseline,2026-09,FALSE,FALSE,NA,FALSE,NA
compensation_employees,2021,NA,1,monthly,19.871254690299107,28 Primary Income.xls,BiP - Të ardhurat parësore,967.1CA000.B.X.A.6,3,net (credit - debit),baseline,2026-09,FALSE,FALSE,NA,FALSE,NA
compensation_employees,2021,NA,2,monthly,20.45849729042114,28 Primary Income.xls,BiP - Të ardhurat parësore,967.1CA000.B.X.A.6,3,net (credit - debit),baseline,2026-09,FALSE,FALSE,NA,FALSE,NA
compensation_employees,2021,NA,3,monthly,22.630096515058263,28 Primary Income.xls,BiP - Të ardhurat parësore,967.1CA000.B.X.A.6,3,net (credit - debit),baseline,2026-09,FALSE,FALSE,NA,FALSE,NA
compensation_employees,2021,NA,4,monthly,21.321619697188435,28 Primary Income.xls,BiP - Të ardhurat parësore,967.1CA000.B.X.A.6,3,net (credit - debit),baseline,2026-09,FALSE,FALSE,NA,FALSE,NA
compensation_employees,2021,NA,5,monthly,21.84700751277181,28 Primary Income.xls,BiP - Të ardhurat parësore,967.1CA000.B.X.A.6,3,net (credit - debit),baseline,2026-09,FALSE,FALSE,NA,FALSE,NA
compensation_employees,2021,NA,6,monthly,22.08803670665626,28 Primary Income.xls,BiP - Të ardhurat parësore,967.1CA000.B.X.A.6,3,net (credit - debit),baseline,2026-09,FALSE,FALSE,NA,FALSE,NA
compensation_employees,2021,NA,7,monthly,21.188069777452288,28 Primary Income.xls,BiP - Të ardhurat parësore,967.1CA000.B.X.A.6,3,net (credit - debit),baseline,2026-09,FALSE,FALSE,NA,FALSE,NA
compensation_employees,2021,NA,8,monthly,21.251173392106693,28 Primary Income.xls,BiP - Të ardhurat parësore,967.1CA000.B.X.A.6,3,net (credit - debit),baseline,2026-09,FALSE,FALSE,NA,FALSE,NA
compensation_employees,2021,NA,9,monthly,23.923891131877852,28 Primary Income.xls,BiP - Të ardhurat parësore,967.1CA000.B.X.A.6,3,net (credit - debit),baseline,2026-09,FALSE,FALSE,NA,FALSE,NA
compensation_employees,2021,NA,10,monthly,24.252609991971436,28 Primary Income.xls,BiP - Të ardhurat parësore,967.1CA000.B.X.A.6,3,net (credit - debit),baseline,2026-09,FALSE,FALSE,NA,FALSE,NA
compensation_employees,2021,NA,11,monthly,21.933532583935804,28 Primary Income.xls,BiP - Të ardhurat parësore,967.1CA000.B.X.A.6,3,net (credit - debit),baseline,2026-09,FALSE,FALSE,NA,FALSE,NA
compensation_employees,2021,NA,12,monthly,22.664896666656574,28 Primary Income.xls,BiP - Të ardhurat parësore,967.1CA000.B.X.A.6,3,net (credit - debit),baseline,2026-09,FALSE,FALSE,NA,FALSE,NA
compensation_employees,2022,NA,1,monthly,24.05982143343868,28 Primary Income.xls,BiP - Të ardhurat parësore,967.1CA000.B.X.A.6,3,net (credit - debit),baseline,2026-09,FALSE,FALSE,NA,FALSE,NA
compensation_employees,2022,NA,2,monthly,22.738213277495582,28 Primary Income.xls,BiP - Të ardhurat parësore,967.1CA000.B.X.A.6,3,net (credit - debit),baseline,2026-09,FALSE,FALSE,NA,FALSE,NA
compensation_employees,2022,NA,3,monthly,24.330560929601624,28 Primary Income.xls,BiP - Të ardhurat parësore,967.1CA000.B.X.A.6,3,net (credit - debit),baseline,2026-09,FALSE,FALSE,NA,FALSE,NA
compensation_employees,2022,NA,4,monthly,23.42498667145785,28 Primary Income.xls,BiP - Të ardhurat parësore,967.1CA000.B.X.A.6,3,net (credit - debit),baseline,2026-09,FALSE,FALSE,NA,FALSE,NA
compensation_employees,2022,NA,5,monthly,23.977837421756227,28 Primary Income.xls,BiP - Të ardhurat parësore,967.1CA000.B.X.A.6,3,net (credit - debit),baseline,2026-09,FALSE,FALSE,NA,FALSE,NA
compensation_employees,2022,NA,6,monthly,24.786897443820862,28 Primary Income.xls,BiP - Të ardhurat parësore,967.1CA000.B.X.A.6,3,net (credit - debit),baseline,2026-09,FALSE,FALSE,NA,FALSE,NA
compensation_employees,2022,NA,7,monthly,23.001161608298283,28 Primary Income.xls,BiP - Të ardhurat parësore,967.1CA000.B.X.A.6,3,net (credit - debit),baseline,2026-09,FALSE,FALSE,NA,FALSE,NA
compensation_employees,2022,NA,8,monthly,25.421145959747093,28 Primary Income.xls,BiP - Të ardhurat parësore,967.1CA000.B.X.A.6,3,net (credit - debit),baseline,2026-09,FALSE,FALSE,NA,FALSE,NA
compensation_employees,2022,NA,9,monthly,28.29902831382755,28 Primary Income.xls,BiP - Të ardhurat parësore,967.1CA000.B.X.A.6,3,net (credit - debit),baseline,2026-09,FALSE,FALSE,NA,FALSE,NA
compensation_employees,2022,NA,10,monthly,21.905103152273888,28 Primary Income.xls,BiP - Të ardhurat parësore,967.1CA000.B.X.A.6,3,net (credit - debit),baseline,2026-09,FALSE,FALSE,NA,FALSE,NA
compensation_employees,2022,NA,11,monthly,22.53562710944137,28 Primary Income.xls,BiP - Të ardhurat parësore,967.1CA000.B.X.A.6,3,net (credit - debit),baseline,2026-09,FALSE,FALSE,NA,FALSE,NA
compensation_employees,2022,NA,12,monthly,22.03510876217136,28 Primary Income.xls,BiP - Të ardhurat parësore,967.1CA000.B.X.A.6,3,net (credit - debit),baseline,2026-09,FALSE,FALSE,NA,FALSE,NA
compensation_employees,2023,NA,1,monthly,23.84595363779885,28 Primary Income.xls,BiP - Të ardhurat parësore,967.1CA000.B.X.A.6,3,net (credit - debit),baseline,2026-09,FALSE,FALSE,NA,FALSE,NA
compensation_employees,2023,NA,2,monthly,25.046483814350285,28 Primary Income.xls,BiP - Të ardhurat parësore,967.1CA000.B.X.A.6,3,net (credit - debit),baseline,2026-09,FALSE,FALSE,NA,FALSE,NA
compensation_employees,2023,NA,3,monthly,24.17301873696589,28 Primary Income.xls,BiP - Të ardhurat parësore,967.1CA000.B.X.A.6,3,net (credit - debit),baseline,2026-09,FALSE,FALSE,NA,FALSE,NA
compensation_employees,2023,NA,4,monthly,26.077605041524,28 Primary Income.xls,BiP - Të ardhurat parësore,967.1CA000.B.X.A.6,3,net (credit - debit),baseline,2026-09,FALSE,FALSE,NA,FALSE,NA
compensation_employees,2023,NA,5,monthly,26.102973421575637,28 Primary Income.xls,BiP - Të ardhurat parësore,967.1CA000.B.X.A.6,3,net (credit - debit),baseline,2026-09,FALSE,FALSE,NA,FALSE,NA
compensation_employees,2023,NA,6,monthly,28.896770240389998,28 Primary Income.xls,BiP - Të ardhurat parësore,967.1CA000.B.X.A.6,3,net (credit - debit),baseline,2026-09,FALSE,FALSE,NA,FALSE,NA
compensation_employees,2023,NA,7,monthly,29.8909390993709,28 Primary Income.xls,BiP - Të ardhurat parësore,967.1CA000.B.X.A.6,3,net (credit - debit),baseline,2026-09,FALSE,FALSE,NA,FALSE,NA
compensation_employees,2023,NA,8,monthly,30.243196451168515,28 Primary Income.xls,BiP - Të ardhurat parësore,967.1CA000.B.X.A.6,3,net (credit - debit),baseline,2026-09,FALSE,FALSE,NA,FALSE,NA
compensation_employees,2023,NA,9,monthly,29.533341901892562,28 Primary Income.xls,BiP - Të ardhurat parësore,967.1CA000.B.X.A.6,3,net (credit - debit),baseline,2026-09,FALSE,FALSE,NA,FALSE,NA
compensation_employees,2023,NA,10,monthly,33.776591331783244,28 Primary Income.xls,BiP - Të ardhurat parësore,967.1CA000.B.X.A.6,3,net (credit - debit),baseline,2026-09,FALSE,FALSE,NA,FALSE,NA
compensation_employees,2023,NA,11,monthly,30.86150841854382,28 Primary Income.xls,BiP - Të ardhurat parësore,967.1CA000.B.X.A.6,3,net (credit - debit),baseline,2026-09,FALSE,FALSE,NA,FALSE,NA
compensation_employees,2023,NA,12,monthly,29.644859523395603,28 Primary Income.xls,BiP - Të ardhurat parësore,967.1CA000.B.X.A.6,3,net (credit - debit),baseline,2026-09,FALSE,FALSE,NA,FALSE,NA
compensation_employees,2024,NA,1,monthly,33.71939380126331,28 Primary Income.xls,BiP - Të ardhurat parësore,967.1CA000.B.X.A.6,3,net (credit - debit),baseline,2026-09,FALSE,FALSE,NA,FALSE,NA
compensation_employees,2024,NA,2,monthly,31.88677096847693,28 Primary Income.xls,BiP - Të ardhurat parësore,967.1CA000.B.X.A.6,3,net (credit - debit),baseline,2026-09,FALSE,FALSE,NA,FALSE,NA
compensation_employees,2024,NA,3,monthly,30.79789251724995,28 Primary Income.xls,BiP - Të ardhurat parësore,967.1CA000.B.X.A.6,3,net (credit - debit),baseline,2026-09,FALSE,FALSE,NA,FALSE,NA
compensation_employees,2024,NA,4,monthly,33.97737306641659,28 Primary Income.xls,BiP - Të ardhurat parësore,967.1CA000.B.X.A.6,3,net (credit - debit),baseline,2026-09,FALSE,FALSE,NA,FALSE,NA
compensation_employees,2024,NA,5,monthly,34.07037155547822,28 Primary Income.xls,BiP - Të ardhurat parësore,967.1CA000.B.X.A.6,3,net (credit - debit),baseline,2026-09,FALSE,FALSE,NA,FALSE,NA
compensation_employees,2024,NA,6,monthly,33.50381094830401,28 Primary Income.xls,BiP - Të ardhurat parësore,967.1CA000.B.X.A.6,3,net (credit - debit),baseline,2026-09,FALSE,FALSE,NA,FALSE,NA
compensation_employees,2024,NA,7,monthly,37.02410702733205,28 Primary Income.xls,BiP - Të ardhurat parësore,967.1CA000.B.X.A.6,3,net (credit - debit),baseline,2026-09,FALSE,FALSE,NA,FALSE,NA
compensation_employees,2024,NA,8,monthly,33.82367510577988,28 Primary Income.xls,BiP - Të ardhurat parësore,967.1CA000.B.X.A.6,3,net (credit - debit),baseline,2026-09,FALSE,FALSE,NA,FALSE,NA
compensation_employees,2024,NA,9,monthly,34.803668153705615,28 Primary Income.xls,BiP - Të ardhurat parësore,967.1CA000.B.X.A.6,3,net (credit - debit),baseline,2026-09,FALSE,FALSE,NA,FALSE,NA
compensation_employees,2024,NA,10,monthly,37.67909521349966,28 Primary Income.xls,BiP - Të ardhurat parësore,967.1CA000.B.X.A.6,3,net (credit - debit),baseline,2026-09,FALSE,FALSE,NA,FALSE,NA
compensation_employees,2024,NA,11,monthly,35.151077572555785,28 Primary Income.xls,BiP - Të ardhurat parësore,967.1CA000.B.X.A.6,3,net (credit - debit),baseline,2026-09,FALSE,FALSE,NA,FALSE,NA
compensation_employees,2024,NA,12,monthly,39.69407703087239,28 Primary Income.xls,BiP - Të ardhurat parësore,967.1CA000.B.X.A.6,3,net (credit - debit),baseline,2026-09,FALSE,FALSE,NA,FALSE,NA
compensation_employees,2025,NA,1,monthly,37.608405845199215,28 Primary Income.xls,BiP - Të ardhurat parësore,967.1CA000.B.X.A.6,3,net (credit - debit),baseline,2026-09,FALSE,FALSE,NA,FALSE,NA
compensation_employees,2025,NA,2,monthly,37.429659229133364,28 Primary Income.xls,BiP - Të ardhurat parësore,967.1CA000.B.X.A.6,3,net (credit - debit),baseline,2026-09,FALSE,FALSE,NA,FALSE,NA
compensation_employees,2025,NA,3,monthly,37.68736782244764,28 Primary Income.xls,BiP - Të ardhurat parësore,967.1CA000.B.X.A.6,3,net (credit - debit),baseline,2026-09,FALSE,FALSE,NA,FALSE,NA
compensation_employees,2025,NA,4,monthly,39.641299237567885,28 Primary Income.xls,BiP - Të ardhurat parësore,967.1CA000.B.X.A.6,3,net (credit - debit),baseline,2026-09,FALSE,FALSE,NA,FALSE,NA
compensation_employees,2025,NA,5,monthly,38.269637177412214,28 Primary Income.xls,BiP - Të ardhurat parësore,967.1CA000.B.X.A.6,3,net (credit - debit),baseline,2026-09,FALSE,FALSE,NA,FALSE,NA
compensation_employees,2025,NA,6,monthly,39.046481073077146,28 Primary Income.xls,BiP - Të ardhurat parësore,967.1CA000.B.X.A.6,3,net (credit - debit),baseline,2026-09,FALSE,FALSE,NA,FALSE,NA
compensation_employees,2025,NA,7,monthly,38.71981426559839,28 Primary Income.xls,BiP - Të ardhurat parësore,967.1CA000.B.X.A.6,3,net (credit - debit),baseline,2026-09,FALSE,FALSE,NA,FALSE,NA
compensation_employees,2025,NA,8,monthly,36.94116789705682,28 Primary Income.xls,BiP - Të ardhurat parësore,967.1CA000.B.X.A.6,3,net (credit - debit),baseline,2026-09,FALSE,FALSE,NA,FALSE,NA
compensation_employees,2025,NA,9,monthly,39.35388764593509,28 Primary Income.xls,BiP - Të ardhurat parësore,967.1CA000.B.X.A.6,3,net (credit - debit),baseline,2026-09,FALSE,FALSE,NA,FALSE,NA
compensation_employees,2025,NA,10,monthly,40.32861483217674,28 Primary Income.xls,BiP - Të ardhurat parësore,967.1CA000.B.X.A.6,3,net (credit - debit),baseline,2026-09,FALSE,FALSE,NA,FALSE,NA
compensation_employees,2025,NA,11,monthly,43.02329854681539,28 Primary Income.xls,BiP - Të ardhurat parësore,967.1CA000.B.X.A.6,3,net (credit - debit),baseline,2026-09,FALSE,FALSE,NA,FALSE,NA
compensation_employees,2025,NA,12,monthly,42.37042588668647,28 Primary Income.xls,BiP - Të ardhurat parësore,967.1CA000.B.X.A.6,3,net (credit - debit),baseline,2026-09,FALSE,FALSE,NA,FALSE,NA
compensation_employees,2026,NA,1,monthly,38.46213229276892,28 Primary Income.xls,BiP - Të ardhurat parësore,967.1CA000.B.X.A.6,3,net (credit - debit),baseline,2026-09,FALSE,FALSE,NA,FALSE,NA
compensation_employees,2026,NA,2,monthly,36.836527014959664,28 Primary Income.xls,BiP - Të ardhurat parësore,967.1CA000.B.X.A.6,3,net (credit - debit),baseline,2026-09,FALSE,FALSE,NA,FALSE,NA
compensation_employees,2026,NA,3,monthly,37.37075159409099,28 Primary Income.xls,BiP - Të ardhurat parësore,967.1CA000.B.X.A.6,3,net (credit - debit),baseline,2026-09,FALSE,FALSE,NA,FALSE,NA
compensation_employees,2026,NA,4,monthly,38.1861696056968,28 Primary Income.xls,BiP - Të ardhurat parësore,967.1CA000.B.X.A.6,3,net (credit - debit),baseline,2026-09,FALSE,FALSE,NA,FALSE,NA
compensation_employees,2026,NA,5,monthly,37.425171898652216,28 Primary Income.xls,BiP - Të ardhurat parësore,967.1CA000.B.X.A.6,3,net (credit - debit),baseline,2026-09,FALSE,FALSE,NA,FALSE,NA
compensation_employees,2026,NA,6,monthly,41.98685145584844,28 Primary Income.xls,BiP - Të ardhurat parësore,967.1CA000.B.X.A.6,3,net (credit - debit),baseline,2026-09,FALSE,FALSE,NA,FALSE,NA
fdi_equity_excl_re,2012,1,NA,quarterly,31.405607,33.1 Direct_investment_flows_In_&_Out.xls,In Kosova,NA,3,"equity excl. reinvested earnings, net",baseline,2026-09,FALSE,FALSE,NA,FALSE,NA
fdi_equity_excl_re,2012,2,NA,quarterly,18.557548,33.1 Direct_investment_flows_In_&_Out.xls,In Kosova,NA,3,"equity excl. reinvested earnings, net",baseline,2026-09,FALSE,FALSE,NA,FALSE,NA
fdi_equity_excl_re,2012,3,NA,quarterly,36.082694,33.1 Direct_investment_flows_In_&_Out.xls,In Kosova,NA,3,"equity excl. reinvested earnings, net",baseline,2026-09,FALSE,FALSE,NA,FALSE,NA
fdi_equity_excl_re,2012,4,NA,quarterly,71.018654,33.1 Direct_investment_flows_In_&_Out.xls,In Kosova,NA,3,"equity excl. reinvested earnings, net",baseline,2026-09,FALSE,FALSE,NA,FALSE,NA
fdi_equity_excl_re,2013,1,NA,quarterly,40.37298,33.1 Direct_investment_flows_In_&_Out.xls,In Kosova,NA,3,"equity excl. reinvested earnings, net",baseline,2026-09,FALSE,FALSE,NA,FALSE,NA
fdi_equity_excl_re,2013,2,NA,quarterly,22.892985,33.1 Direct_investment_flows_In_&_Out.xls,In Kosova,NA,3,"equity excl. reinvested earnings, net",baseline,2026-09,FALSE,FALSE,NA,FALSE,NA
fdi_equity_excl_re,2013,3,NA,quarterly,3.465968,33.1 Direct_investment_flows_In_&_Out.xls,In Kosova,NA,3,"equity excl. reinvested earnings, net",baseline,2026-09,FALSE,FALSE,NA,FALSE,NA
fdi_equity_excl_re,2013,4,NA,quarterly,29.315519,33.1 Direct_investment_flows_In_&_Out.xls,In Kosova,NA,3,"equity excl. reinvested earnings, net",baseline,2026-09,FALSE,FALSE,NA,FALSE,NA
fdi_equity_excl_re,2014,1,NA,quarterly,32.693598,33.1 Direct_investment_flows_In_&_Out.xls,In Kosova,NA,3,"equity excl. reinvested earnings, net",baseline,2026-09,FALSE,FALSE,NA,FALSE,NA
fdi_equity_excl_re,2014,2,NA,quarterly,-32.41088,33.1 Direct_investment_flows_In_&_Out.xls,In Kosova,NA,3,"equity excl. reinvested earnings, net",baseline,2026-09,FALSE,FALSE,NA,FALSE,NA
fdi_equity_excl_re,2014,3,NA,quarterly,44.774319000000006,33.1 Direct_investment_flows_In_&_Out.xls,In Kosova,NA,3,"equity excl. reinvested earnings, net",baseline,2026-09,FALSE,FALSE,NA,FALSE,NA
fdi_equity_excl_re,2014,4,NA,quarterly,1.4948799999999984,33.1 Direct_investment_flows_In_&_Out.xls,In Kosova,NA,3,"equity excl. reinvested earnings, net",baseline,2026-09,FALSE,FALSE,NA,FALSE,NA
fdi_equity_excl_re,2015,1,NA,quarterly,49.48984760413943,33.1 Direct_investment_flows_In_&_Out.xls,In Kosova,NA,3,"equity excl. reinvested earnings, net",baseline,2026-09,FALSE,FALSE,NA,FALSE,NA
fdi_equity_excl_re,2015,2,NA,quarterly,29.472315151133085,33.1 Direct_investment_flows_In_&_Out.xls,In Kosova,NA,3,"equity excl. reinvested earnings, net",baseline,2026-09,FALSE,FALSE,NA,FALSE,NA
fdi_equity_excl_re,2015,3,NA,quarterly,28.239188750258553,33.1 Direct_investment_flows_In_&_Out.xls,In Kosova,NA,3,"equity excl. reinvested earnings, net",baseline,2026-09,FALSE,FALSE,NA,FALSE,NA
fdi_equity_excl_re,2015,4,NA,quarterly,31.915947987122877,33.1 Direct_investment_flows_In_&_Out.xls,In Kosova,NA,3,"equity excl. reinvested earnings, net",baseline,2026-09,FALSE,FALSE,NA,FALSE,NA
fdi_equity_excl_re,2016,1,NA,quarterly,26.797748819059603,33.1 Direct_investment_flows_In_&_Out.xls,In Kosova,NA,3,"equity excl. reinvested earnings, net",baseline,2026-09,FALSE,FALSE,NA,FALSE,NA
fdi_equity_excl_re,2016,2,NA,quarterly,6.006458766174358,33.1 Direct_investment_flows_In_&_Out.xls,In Kosova,NA,3,"equity excl. reinvested earnings, net",baseline,2026-09,FALSE,FALSE,NA,FALSE,NA
fdi_equity_excl_re,2016,3,NA,quarterly,31.640540776720186,33.1 Direct_investment_flows_In_&_Out.xls,In Kosova,NA,3,"equity excl. reinvested earnings, net",baseline,2026-09,FALSE,FALSE,NA,FALSE,NA
fdi_equity_excl_re,2016,4,NA,quarterly,23.202077682323296,33.1 Direct_investment_flows_In_&_Out.xls,In Kosova,NA,3,"equity excl. reinvested earnings, net",baseline,2026-09,FALSE,FALSE,NA,FALSE,NA
fdi_equity_excl_re,2017,1,NA,quarterly,31.439402939963784,33.1 Direct_investment_flows_In_&_Out.xls,In Kosova,NA,3,"equity excl. reinvested earnings, net",baseline,2026-09,FALSE,FALSE,NA,FALSE,NA
fdi_equity_excl_re,2017,2,NA,quarterly,31.15074021036714,33.1 Direct_investment_flows_In_&_Out.xls,In Kosova,NA,3,"equity excl. reinvested earnings, net",baseline,2026-09,FALSE,FALSE,NA,FALSE,NA
fdi_equity_excl_re,2017,3,NA,quarterly,51.0876227041948,33.1 Direct_investment_flows_In_&_Out.xls,In Kosova,NA,3,"equity excl. reinvested earnings, net",baseline,2026-09,FALSE,FALSE,NA,FALSE,NA
fdi_equity_excl_re,2017,4,NA,quarterly,59.89955858646981,33.1 Direct_investment_flows_In_&_Out.xls,In Kosova,NA,3,"equity excl. reinvested earnings, net",baseline,2026-09,FALSE,FALSE,NA,FALSE,NA
fdi_equity_excl_re,2018,1,NA,quarterly,46.739370018038535,33.1 Direct_investment_flows_In_&_Out.xls,In Kosova,NA,3,"equity excl. reinvested earnings, net",baseline,2026-09,FALSE,FALSE,NA,FALSE,NA
fdi_equity_excl_re,2018,2,NA,quarterly,29.055099388163868,33.1 Direct_investment_flows_In_&_Out.xls,In Kosova,NA,3,"equity excl. reinvested earnings, net",baseline,2026-09,FALSE,FALSE,NA,FALSE,NA
fdi_equity_excl_re,2018,3,NA,quarterly,42.437493188969476,33.1 Direct_investment_flows_In_&_Out.xls,In Kosova,NA,3,"equity excl. reinvested earnings, net",baseline,2026-09,FALSE,FALSE,NA,FALSE,NA
fdi_equity_excl_re,2018,4,NA,quarterly,50.418746566633125,33.1 Direct_investment_flows_In_&_Out.xls,In Kosova,NA,3,"equity excl. reinvested earnings, net",baseline,2026-09,FALSE,FALSE,NA,FALSE,NA
fdi_equity_excl_re,2019,1,NA,quarterly,46.385244928394755,33.1 Direct_investment_flows_In_&_Out.xls,In Kosova,NA,3,"equity excl. reinvested earnings, net",baseline,2026-09,FALSE,FALSE,NA,FALSE,NA
fdi_equity_excl_re,2019,2,NA,quarterly,67.50713276362478,33.1 Direct_investment_flows_In_&_Out.xls,In Kosova,NA,3,"equity excl. reinvested earnings, net",baseline,2026-09,FALSE,FALSE,NA,FALSE,NA
fdi_equity_excl_re,2019,3,NA,quarterly,94.2499486968289,33.1 Direct_investment_flows_In_&_Out.xls,In Kosova,NA,3,"equity excl. reinvested earnings, net",baseline,2026-09,FALSE,FALSE,NA,FALSE,NA
fdi_equity_excl_re,2019,4,NA,quarterly,68.74132496819698,33.1 Direct_investment_flows_In_&_Out.xls,In Kosova,NA,3,"equity excl. reinvested earnings, net",baseline,2026-09,FALSE,FALSE,NA,FALSE,NA
fdi_equity_excl_re,2020,1,NA,quarterly,63.63489337500676,33.1 Direct_investment_flows_In_&_Out.xls,In Kosova,NA,3,"equity excl. reinvested earnings, net",baseline,2026-09,FALSE,FALSE,NA,FALSE,NA
fdi_equity_excl_re,2020,2,NA,quarterly,59.19251124498166,33.1 Direct_investment_flows_In_&_Out.xls,In Kosova,NA,3,"equity excl. reinvested earnings, net",baseline,2026-09,FALSE,FALSE,NA,FALSE,NA
fdi_equity_excl_re,2020,3,NA,quarterly,52.87854165166091,33.1 Direct_investment_flows_In_&_Out.xls,In Kosova,NA,3,"equity excl. reinvested earnings, net",baseline,2026-09,FALSE,FALSE,NA,FALSE,NA
fdi_equity_excl_re,2020,4,NA,quarterly,80.35851827227602,33.1 Direct_investment_flows_In_&_Out.xls,In Kosova,NA,3,"equity excl. reinvested earnings, net",baseline,2026-09,FALSE,FALSE,NA,FALSE,NA
fdi_equity_excl_re,2021,1,NA,quarterly,75.60001326030576,33.1 Direct_investment_flows_In_&_Out.xls,In Kosova,NA,3,"equity excl. reinvested earnings, net",baseline,2026-09,FALSE,FALSE,NA,FALSE,NA
fdi_equity_excl_re,2021,2,NA,quarterly,81.91535124976738,33.1 Direct_investment_flows_In_&_Out.xls,In Kosova,NA,3,"equity excl. reinvested earnings, net",baseline,2026-09,FALSE,FALSE,NA,FALSE,NA
fdi_equity_excl_re,2021,3,NA,quarterly,135.0159035217352,33.1 Direct_investment_flows_In_&_Out.xls,In Kosova,NA,3,"equity excl. reinvested earnings, net",baseline,2026-09,FALSE,FALSE,NA,FALSE,NA
fdi_equity_excl_re,2021,4,NA,quarterly,131.20587439332033,33.1 Direct_investment_flows_In_&_Out.xls,In Kosova,NA,3,"equity excl. reinvested earnings, net",baseline,2026-09,FALSE,FALSE,NA,FALSE,NA
fdi_equity_excl_re,2022,1,NA,quarterly,123.53259901521845,33.1 Direct_investment_flows_In_&_Out.xls,In Kosova,NA,3,"equity excl. reinvested earnings, net",baseline,2026-09,FALSE,FALSE,NA,FALSE,NA
fdi_equity_excl_re,2022,2,NA,quarterly,129.11818654508596,33.1 Direct_investment_flows_In_&_Out.xls,In Kosova,NA,3,"equity excl. reinvested earnings, net",baseline,2026-09,FALSE,FALSE,NA,FALSE,NA
fdi_equity_excl_re,2022,3,NA,quarterly,172.53562678859979,33.1 Direct_investment_flows_In_&_Out.xls,In Kosova,NA,3,"equity excl. reinvested earnings, net",baseline,2026-09,FALSE,FALSE,NA,FALSE,NA
fdi_equity_excl_re,2022,4,NA,quarterly,147.84132603973353,33.1 Direct_investment_flows_In_&_Out.xls,In Kosova,NA,3,"equity excl. reinvested earnings, net",baseline,2026-09,FALSE,FALSE,NA,FALSE,NA
fdi_equity_excl_re,2023,1,NA,quarterly,114.11618788551797,33.1 Direct_investment_flows_In_&_Out.xls,In Kosova,NA,3,"equity excl. reinvested earnings, net",baseline,2026-09,FALSE,FALSE,NA,FALSE,NA
fdi_equity_excl_re,2023,2,NA,quarterly,124.12547488546113,33.1 Direct_investment_flows_In_&_Out.xls,In Kosova,NA,3,"equity excl. reinvested earnings, net",baseline,2026-09,FALSE,FALSE,NA,FALSE,NA
fdi_equity_excl_re,2023,3,NA,quarterly,157.41258819950284,33.1 Direct_investment_flows_In_&_Out.xls,In Kosova,NA,3,"equity excl. reinvested earnings, net",baseline,2026-09,FALSE,FALSE,NA,FALSE,NA
fdi_equity_excl_re,2023,4,NA,quarterly,150.742290450537,33.1 Direct_investment_flows_In_&_Out.xls,In Kosova,NA,3,"equity excl. reinvested earnings, net",baseline,2026-09,FALSE,FALSE,NA,FALSE,NA
fdi_equity_excl_re,2024,1,NA,quarterly,141.20804324394118,33.1 Direct_investment_flows_In_&_Out.xls,In Kosova,NA,3,"equity excl. reinvested earnings, net",baseline,2026-09,FALSE,FALSE,NA,FALSE,NA
fdi_equity_excl_re,2024,2,NA,quarterly,141.86645971270832,33.1 Direct_investment_flows_In_&_Out.xls,In Kosova,NA,3,"equity excl. reinvested earnings, net",baseline,2026-09,FALSE,FALSE,NA,FALSE,NA
fdi_equity_excl_re,2024,3,NA,quarterly,197.21649606891242,33.1 Direct_investment_flows_In_&_Out.xls,In Kosova,NA,3,"equity excl. reinvested earnings, net",baseline,2026-09,FALSE,FALSE,NA,FALSE,NA
fdi_equity_excl_re,2024,4,NA,quarterly,184.88625303469922,33.1 Direct_investment_flows_In_&_Out.xls,In Kosova,NA,3,"equity excl. reinvested earnings, net",baseline,2026-09,FALSE,FALSE,NA,FALSE,NA
fdi_equity_excl_re,2025,1,NA,quarterly,211.51995440648648,33.1 Direct_investment_flows_In_&_Out.xls,In Kosova,NA,3,"equity excl. reinvested earnings, net",baseline,2026-09,FALSE,FALSE,NA,FALSE,NA
fdi_equity_excl_re,2025,2,NA,quarterly,206.70561410601312,33.1 Direct_investment_flows_In_&_Out.xls,In Kosova,NA,3,"equity excl. reinvested earnings, net",baseline,2026-09,FALSE,FALSE,NA,FALSE,NA
fdi_equity_excl_re,2025,3,NA,quarterly,228.7796493822929,33.1 Direct_investment_flows_In_&_Out.xls,In Kosova,NA,3,"equity excl. reinvested earnings, net",baseline,2026-09,FALSE,FALSE,NA,FALSE,NA
fdi_equity_excl_re,2025,4,NA,quarterly,221.77050228923156,33.1 Direct_investment_flows_In_&_Out.xls,In Kosova,NA,3,"equity excl. reinvested earnings, net",baseline,2026-09,FALSE,FALSE,NA,FALSE,NA
fdi_equity_excl_re,2026,1,NA,quarterly,179.1338172918383,33.1 Direct_investment_flows_In_&_Out.xls,In Kosova,NA,3,"equity excl. reinvested earnings, net",baseline,2026-09,FALSE,FALSE,NA,FALSE,NA
fdi_equity_excl_re,2026,2,NA,quarterly,176.76265735992837,33.1 Direct_investment_flows_In_&_Out.xls,In Kosova,NA,3,"equity excl. reinvested earnings, net",baseline,2026-09,FALSE,FALSE,NA,FALSE,NA
fdi_equity_excl_re,2014,NA,1,monthly,12.801318,33.1 Direct_investment_flows_In_&_Out.xls,In Kosova,NA,3,"equity excl. reinvested earnings, net",baseline,2026-09,FALSE,FALSE,NA,FALSE,NA
fdi_equity_excl_re,2014,NA,2,monthly,8.046228,33.1 Direct_investment_flows_In_&_Out.xls,In Kosova,NA,3,"equity excl. reinvested earnings, net",baseline,2026-09,FALSE,FALSE,NA,FALSE,NA
fdi_equity_excl_re,2014,NA,3,monthly,11.846052,33.1 Direct_investment_flows_In_&_Out.xls,In Kosova,NA,3,"equity excl. reinvested earnings, net",baseline,2026-09,FALSE,FALSE,NA,FALSE,NA
fdi_equity_excl_re,2014,NA,4,monthly,-27.001282,33.1 Direct_investment_flows_In_&_Out.xls,In Kosova,NA,3,"equity excl. reinvested earnings, net",baseline,2026-09,FALSE,FALSE,NA,FALSE,NA
fdi_equity_excl_re,2014,NA,5,monthly,-6.931664,33.1 Direct_investment_flows_In_&_Out.xls,In Kosova,NA,3,"equity excl. reinvested earnings, net",baseline,2026-09,FALSE,FALSE,NA,FALSE,NA
fdi_equity_excl_re,2014,NA,6,monthly,1.522066,33.1 Direct_investment_flows_In_&_Out.xls,In Kosova,NA,3,"equity excl. reinvested earnings, net",baseline,2026-09,FALSE,FALSE,NA,FALSE,NA
fdi_equity_excl_re,2014,NA,7,monthly,11.905486,33.1 Direct_investment_flows_In_&_Out.xls,In Kosova,NA,3,"equity excl. reinvested earnings, net",baseline,2026-09,FALSE,FALSE,NA,FALSE,NA
fdi_equity_excl_re,2014,NA,8,monthly,17.132501,33.1 Direct_investment_flows_In_&_Out.xls,In Kosova,NA,3,"equity excl. reinvested earnings, net",baseline,2026-09,FALSE,FALSE,NA,FALSE,NA
fdi_equity_excl_re,2014,NA,9,monthly,15.736332,33.1 Direct_investment_flows_In_&_Out.xls,In Kosova,NA,3,"equity excl. reinvested earnings, net",baseline,2026-09,FALSE,FALSE,NA,FALSE,NA
fdi_equity_excl_re,2014,NA,10,monthly,8.36526,33.1 Direct_investment_flows_In_&_Out.xls,In Kosova,NA,3,"equity excl. reinvested earnings, net",baseline,2026-09,FALSE,FALSE,NA,FALSE,NA
fdi_equity_excl_re,2014,NA,11,monthly,7.719586,33.1 Direct_investment_flows_In_&_Out.xls,In Kosova,NA,3,"equity excl. reinvested earnings, net",baseline,2026-09,FALSE,FALSE,NA,FALSE,NA
fdi_equity_excl_re,2014,NA,12,monthly,-14.589966,33.1 Direct_investment_flows_In_&_Out.xls,In Kosova,NA,3,"equity excl. reinvested earnings, net",baseline,2026-09,FALSE,FALSE,NA,FALSE,NA
fdi_equity_excl_re,2015,NA,1,monthly,19.470966303896258,33.1 Direct_investment_flows_In_&_Out.xls,In Kosova,NA,3,"equity excl. reinvested earnings, net",baseline,2026-09,FALSE,FALSE,NA,FALSE,NA
fdi_equity_excl_re,2015,NA,2,monthly,12.15591957644813,33.1 Direct_investment_flows_In_&_Out.xls,In Kosova,NA,3,"equity excl. reinvested earnings, net",baseline,2026-09,FALSE,FALSE,NA,FALSE,NA
fdi_equity_excl_re,2015,NA,3,monthly,17.86296172379504,33.1 Direct_investment_flows_In_&_Out.xls,In Kosova,NA,3,"equity excl. reinvested earnings, net",baseline,2026-09,FALSE,FALSE,NA,FALSE,NA
fdi_equity_excl_re,2015,NA,4,monthly,12.187966750422408,33.1 Direct_investment_flows_In_&_Out.xls,In Kosova,NA,3,"equity excl. reinvested earnings, net",baseline,2026-09,FALSE,FALSE,NA,FALSE,NA
fdi_equity_excl_re,2015,NA,5,monthly,17.582153470190274,33.1 Direct_investment_flows_In_&_Out.xls,In Kosova,NA,3,"equity excl. reinvested earnings, net",baseline,2026-09,FALSE,FALSE,NA,FALSE,NA
fdi_equity_excl_re,2015,NA,6,monthly,-0.29780506947959806,33.1 Direct_investment_flows_In_&_Out.xls,In Kosova,NA,3,"equity excl. reinvested earnings, net",baseline,2026-09,FALSE,FALSE,NA,FALSE,NA
fdi_equity_excl_re,2015,NA,7,monthly,17.10425536243798,33.1 Direct_investment_flows_In_&_Out.xls,In Kosova,NA,3,"equity excl. reinvested earnings, net",baseline,2026-09,FALSE,FALSE,NA,FALSE,NA
fdi_equity_excl_re,2015,NA,8,monthly,17.687408746964998,33.1 Direct_investment_flows_In_&_Out.xls,In Kosova,NA,3,"equity excl. reinvested earnings, net",baseline,2026-09,FALSE,FALSE,NA,FALSE,NA
fdi_equity_excl_re,2015,NA,9,monthly,-6.55247535914442,33.1 Direct_investment_flows_In_&_Out.xls,In Kosova,NA,3,"equity excl. reinvested earnings, net",baseline,2026-09,FALSE,FALSE,NA,FALSE,NA
fdi_equity_excl_re,2015,NA,10,monthly,12.397625634848458,33.1 Direct_investment_flows_In_&_Out.xls,In Kosova,NA,3,"equity excl. reinvested earnings, net",baseline,2026-09,FALSE,FALSE,NA,FALSE,NA
fdi_equity_excl_re,2015,NA,11,monthly,11.401346730495034,33.1 Direct_investment_flows_In_&_Out.xls,In Kosova,NA,3,"equity excl. reinvested earnings, net",baseline,2026-09,FALSE,FALSE,NA,FALSE,NA
fdi_equity_excl_re,2015,NA,12,monthly,8.116975621779387,33.1 Direct_investment_flows_In_&_Out.xls,In Kosova,NA,3,"equity excl. reinvested earnings, net",baseline,2026-09,FALSE,FALSE,NA,FALSE,NA
fdi_equity_excl_re,2016,NA,1,monthly,5.081732211724442,33.1 Direct_investment_flows_In_&_Out.xls,In Kosova,NA,3,"equity excl. reinvested earnings, net",baseline,2026-09,FALSE,FALSE,NA,FALSE,NA
fdi_equity_excl_re,2016,NA,2,monthly,10.366600394983905,33.1 Direct_investment_flows_In_&_Out.xls,In Kosova,NA,3,"equity excl. reinvested earnings, net",baseline,2026-09,FALSE,FALSE,NA,FALSE,NA
fdi_equity_excl_re,2016,NA,3,monthly,11.349416212351255,33.1 Direct_investment_flows_In_&_Out.xls,In Kosova,NA,3,"equity excl. reinvested earnings, net",baseline,2026-09,FALSE,FALSE,NA,FALSE,NA
fdi_equity_excl_re,2016,NA,4,monthly,7.232727188308935,33.1 Direct_investment_flows_In_&_Out.xls,In Kosova,NA,3,"equity excl. reinvested earnings, net",baseline,2026-09,FALSE,FALSE,NA,FALSE,NA
fdi_equity_excl_re,2016,NA,5,monthly,8.972378582075423,33.1 Direct_investment_flows_In_&_Out.xls,In Kosova,NA,3,"equity excl. reinvested earnings, net",baseline,2026-09,FALSE,FALSE,NA,FALSE,NA
fdi_equity_excl_re,2016,NA,6,monthly,-10.198647004209999,33.1 Direct_investment_flows_In_&_Out.xls,In Kosova,NA,3,"equity excl. reinvested earnings, net",baseline,2026-09,FALSE,FALSE,NA,FALSE,NA
fdi_equity_excl_re,2016,NA,7,monthly,13.66333059193566,33.1 Direct_investment_flows_In_&_Out.xls,In Kosova,NA,3,"equity excl. reinvested earnings, net",baseline,2026-09,FALSE,FALSE,NA,FALSE,NA
fdi_equity_excl_re,2016,NA,8,monthly,-0.5898653229478619,33.1 Direct_investment_flows_In_&_Out.xls,In Kosova,NA,3,"equity excl. reinvested earnings, net",baseline,2026-09,FALSE,FALSE,NA,FALSE,NA
fdi_equity_excl_re,2016,NA,9,monthly,18.567075507732387,33.1 Direct_investment_flows_In_&_Out.xls,In Kosova,NA,3,"equity excl. reinvested earnings, net",baseline,2026-09,FALSE,FALSE,NA,FALSE,NA
fdi_equity_excl_re,2016,NA,10,monthly,5.608285532398739,33.1 Direct_investment_flows_In_&_Out.xls,In Kosova,NA,3,"equity excl. reinvested earnings, net",baseline,2026-09,FALSE,FALSE,NA,FALSE,NA
fdi_equity_excl_re,2016,NA,11,monthly,4.305446806603186,33.1 Direct_investment_flows_In_&_Out.xls,In Kosova,NA,3,"equity excl. reinvested earnings, net",baseline,2026-09,FALSE,FALSE,NA,FALSE,NA
fdi_equity_excl_re,2016,NA,12,monthly,13.288345343321371,33.1 Direct_investment_flows_In_&_Out.xls,In Kosova,NA,3,"equity excl. reinvested earnings, net",baseline,2026-09,FALSE,FALSE,NA,FALSE,NA
fdi_equity_excl_re,2017,NA,1,monthly,8.677526012705508,33.1 Direct_investment_flows_In_&_Out.xls,In Kosova,NA,3,"equity excl. reinvested earnings, net",baseline,2026-09,FALSE,FALSE,NA,FALSE,NA
fdi_equity_excl_re,2017,NA,2,monthly,9.614411265727519,33.1 Direct_investment_flows_In_&_Out.xls,In Kosova,NA,3,"equity excl. reinvested earnings, net",baseline,2026-09,FALSE,FALSE,NA,FALSE,NA
fdi_equity_excl_re,2017,NA,3,monthly,13.147465661530758,33.1 Direct_investment_flows_In_&_Out.xls,In Kosova,NA,3,"equity excl. reinvested earnings, net",baseline,2026-09,FALSE,FALSE,NA,FALSE,NA
fdi_equity_excl_re,2017,NA,4,monthly,13.161756463843018,33.1 Direct_investment_flows_In_&_Out.xls,In Kosova,NA,3,"equity excl. reinvested earnings, net",baseline,2026-09,FALSE,FALSE,NA,FALSE,NA
fdi_equity_excl_re,2017,NA,5,monthly,3.9348688620754686,33.1 Direct_investment_flows_In_&_Out.xls,In Kosova,NA,3,"equity excl. reinvested earnings, net",baseline,2026-09,FALSE,FALSE,NA,FALSE,NA
fdi_equity_excl_re,2017,NA,6,monthly,14.054114884448651,33.1 Direct_investment_flows_In_&_Out.xls,In Kosova,NA,3,"equity excl. reinvested earnings, net",baseline,2026-09,FALSE,FALSE,NA,FALSE,NA
fdi_equity_excl_re,2017,NA,7,monthly,14.884868429319011,33.1 Direct_investment_flows_In_&_Out.xls,In Kosova,NA,3,"equity excl. reinvested earnings, net",baseline,2026-09,FALSE,FALSE,NA,FALSE,NA
fdi_equity_excl_re,2017,NA,8,monthly,20.293832330111726,33.1 Direct_investment_flows_In_&_Out.xls,In Kosova,NA,3,"equity excl. reinvested earnings, net",baseline,2026-09,FALSE,FALSE,NA,FALSE,NA
fdi_equity_excl_re,2017,NA,9,monthly,15.90892194476406,33.1 Direct_investment_flows_In_&_Out.xls,In Kosova,NA,3,"equity excl. reinvested earnings, net",baseline,2026-09,FALSE,FALSE,NA,FALSE,NA
fdi_equity_excl_re,2017,NA,10,monthly,18.198754460685638,33.1 Direct_investment_flows_In_&_Out.xls,In Kosova,NA,3,"equity excl. reinvested earnings, net",baseline,2026-09,FALSE,FALSE,NA,FALSE,NA
fdi_equity_excl_re,2017,NA,11,monthly,15.281931502462653,33.1 Direct_investment_flows_In_&_Out.xls,In Kosova,NA,3,"equity excl. reinvested earnings, net",baseline,2026-09,FALSE,FALSE,NA,FALSE,NA
fdi_equity_excl_re,2017,NA,12,monthly,26.418872623321516,33.1 Direct_investment_flows_In_&_Out.xls,In Kosova,NA,3,"equity excl. reinvested earnings, net",baseline,2026-09,FALSE,FALSE,NA,FALSE,NA
fdi_equity_excl_re,2018,NA,1,monthly,16.366625604873292,33.1 Direct_investment_flows_In_&_Out.xls,In Kosova,NA,3,"equity excl. reinvested earnings, net",baseline,2026-09,FALSE,FALSE,NA,FALSE,NA
fdi_equity_excl_re,2018,NA,2,monthly,14.477326151817836,33.1 Direct_investment_flows_In_&_Out.xls,In Kosova,NA,3,"equity excl. reinvested earnings, net",baseline,2026-09,FALSE,FALSE,NA,FALSE,NA
fdi_equity_excl_re,2018,NA,3,monthly,15.895418261347409,33.1 Direct_investment_flows_In_&_Out.xls,In Kosova,NA,3,"equity excl. reinvested earnings, net",baseline,2026-09,FALSE,FALSE,NA,FALSE,NA
fdi_equity_excl_re,2018,NA,4,monthly,15.522925637200958,33.1 Direct_investment_flows_In_&_Out.xls,In Kosova,NA,3,"equity excl. reinvested earnings, net",baseline,2026-09,FALSE,FALSE,NA,FALSE,NA
fdi_equity_excl_re,2018,NA,5,monthly,13.519548541577803,33.1 Direct_investment_flows_In_&_Out.xls,In Kosova,NA,3,"equity excl. reinvested earnings, net",baseline,2026-09,FALSE,FALSE,NA,FALSE,NA
fdi_equity_excl_re,2018,NA,6,monthly,0.012625209385106473,33.1 Direct_investment_flows_In_&_Out.xls,In Kosova,NA,3,"equity excl. reinvested earnings, net",baseline,2026-09,FALSE,FALSE,NA,FALSE,NA
fdi_equity_excl_re,2018,NA,7,monthly,0.4392726195816401,33.1 Direct_investment_flows_In_&_Out.xls,In Kosova,NA,3,"equity excl. reinvested earnings, net",baseline,2026-09,FALSE,FALSE,NA,FALSE,NA
fdi_equity_excl_re,2018,NA,8,monthly,20.048624057488524,33.1 Direct_investment_flows_In_&_Out.xls,In Kosova,NA,3,"equity excl. reinvested earnings, net",baseline,2026-09,FALSE,FALSE,NA,FALSE,NA
fdi_equity_excl_re,2018,NA,9,monthly,21.949596511899312,33.1 Direct_investment_flows_In_&_Out.xls,In Kosova,NA,3,"equity excl. reinvested earnings, net",baseline,2026-09,FALSE,FALSE,NA,FALSE,NA
fdi_equity_excl_re,2018,NA,10,monthly,20.57413991395869,33.1 Direct_investment_flows_In_&_Out.xls,In Kosova,NA,3,"equity excl. reinvested earnings, net",baseline,2026-09,FALSE,FALSE,NA,FALSE,NA
fdi_equity_excl_re,2018,NA,11,monthly,13.080066780980735,33.1 Direct_investment_flows_In_&_Out.xls,In Kosova,NA,3,"equity excl. reinvested earnings, net",baseline,2026-09,FALSE,FALSE,NA,FALSE,NA
fdi_equity_excl_re,2018,NA,12,monthly,16.7645398716937,33.1 Direct_investment_flows_In_&_Out.xls,In Kosova,NA,3,"equity excl. reinvested earnings, net",baseline,2026-09,FALSE,FALSE,NA,FALSE,NA
fdi_equity_excl_re,2019,NA,1,monthly,16.968776644533495,33.1 Direct_investment_flows_In_&_Out.xls,In Kosova,NA,3,"equity excl. reinvested earnings, net",baseline,2026-09,FALSE,FALSE,NA,FALSE,NA
fdi_equity_excl_re,2019,NA,2,monthly,13.689751144045513,33.1 Direct_investment_flows_In_&_Out.xls,In Kosova,NA,3,"equity excl. reinvested earnings, net",baseline,2026-09,FALSE,FALSE,NA,FALSE,NA
fdi_equity_excl_re,2019,NA,3,monthly,15.726717139815749,33.1 Direct_investment_flows_In_&_Out.xls,In Kosova,NA,3,"equity excl. reinvested earnings, net",baseline,2026-09,FALSE,FALSE,NA,FALSE,NA
fdi_equity_excl_re,2019,NA,4,monthly,16.453717209719677,33.1 Direct_investment_flows_In_&_Out.xls,In Kosova,NA,3,"equity excl. reinvested earnings, net",baseline,2026-09,FALSE,FALSE,NA,FALSE,NA
fdi_equity_excl_re,2019,NA,5,monthly,26.042090192189814,33.1 Direct_investment_flows_In_&_Out.xls,In Kosova,NA,3,"equity excl. reinvested earnings, net",baseline,2026-09,FALSE,FALSE,NA,FALSE,NA
fdi_equity_excl_re,2019,NA,6,monthly,25.011325361715286,33.1 Direct_investment_flows_In_&_Out.xls,In Kosova,NA,3,"equity excl. reinvested earnings, net",baseline,2026-09,FALSE,FALSE,NA,FALSE,NA
fdi_equity_excl_re,2019,NA,7,monthly,30.534423208167876,33.1 Direct_investment_flows_In_&_Out.xls,In Kosova,NA,3,"equity excl. reinvested earnings, net",baseline,2026-09,FALSE,FALSE,NA,FALSE,NA
fdi_equity_excl_re,2019,NA,8,monthly,33.627445464835006,33.1 Direct_investment_flows_In_&_Out.xls,In Kosova,NA,3,"equity excl. reinvested earnings, net",baseline,2026-09,FALSE,FALSE,NA,FALSE,NA
fdi_equity_excl_re,2019,NA,9,monthly,30.088080023826013,33.1 Direct_investment_flows_In_&_Out.xls,In Kosova,NA,3,"equity excl. reinvested earnings, net",baseline,2026-09,FALSE,FALSE,NA,FALSE,NA
fdi_equity_excl_re,2019,NA,10,monthly,23.2571180819006,33.1 Direct_investment_flows_In_&_Out.xls,In Kosova,NA,3,"equity excl. reinvested earnings, net",baseline,2026-09,FALSE,FALSE,NA,FALSE,NA
fdi_equity_excl_re,2019,NA,11,monthly,17.857817234302104,33.1 Direct_investment_flows_In_&_Out.xls,In Kosova,NA,3,"equity excl. reinvested earnings, net",baseline,2026-09,FALSE,FALSE,NA,FALSE,NA
fdi_equity_excl_re,2019,NA,12,monthly,27.626389651994277,33.1 Direct_investment_flows_In_&_Out.xls,In Kosova,NA,3,"equity excl. reinvested earnings, net",baseline,2026-09,FALSE,FALSE,NA,FALSE,NA
fdi_equity_excl_re,2020,NA,1,monthly,32.21659669749878,33.1 Direct_investment_flows_In_&_Out.xls,In Kosova,NA,3,"equity excl. reinvested earnings, net",baseline,2026-09,FALSE,FALSE,NA,FALSE,NA
fdi_equity_excl_re,2020,NA,2,monthly,20.25512563867319,33.1 Direct_investment_flows_In_&_Out.xls,In Kosova,NA,3,"equity excl. reinvested earnings, net",baseline,2026-09,FALSE,FALSE,NA,FALSE,NA
fdi_equity_excl_re,2020,NA,3,monthly,11.163171038834795,33.1 Direct_investment_flows_In_&_Out.xls,In Kosova,NA,3,"equity excl. reinvested earnings, net",baseline,2026-09,FALSE,FALSE,NA,FALSE,NA
fdi_equity_excl_re,2020,NA,4,monthly,5.359253904176231,33.1 Direct_investment_flows_In_&_Out.xls,In Kosova,NA,3,"equity excl. reinvested earnings, net",baseline,2026-09,FALSE,FALSE,NA,FALSE,NA
fdi_equity_excl_re,2020,NA,5,monthly,8.514441094890339,33.1 Direct_investment_flows_In_&_Out.xls,In Kosova,NA,3,"equity excl. reinvested earnings, net",baseline,2026-09,FALSE,FALSE,NA,FALSE,NA
fdi_equity_excl_re,2020,NA,6,monthly,45.31881624591509,33.1 Direct_investment_flows_In_&_Out.xls,In Kosova,NA,3,"equity excl. reinvested earnings, net",baseline,2026-09,FALSE,FALSE,NA,FALSE,NA
fdi_equity_excl_re,2020,NA,7,monthly,18.54254131794158,33.1 Direct_investment_flows_In_&_Out.xls,In Kosova,NA,3,"equity excl. reinvested earnings, net",baseline,2026-09,FALSE,FALSE,NA,FALSE,NA
fdi_equity_excl_re,2020,NA,8,monthly,17.322071383494233,33.1 Direct_investment_flows_In_&_Out.xls,In Kosova,NA,3,"equity excl. reinvested earnings, net",baseline,2026-09,FALSE,FALSE,NA,FALSE,NA
fdi_equity_excl_re,2020,NA,9,monthly,17.01392895022509,33.1 Direct_investment_flows_In_&_Out.xls,In Kosova,NA,3,"equity excl. reinvested earnings, net",baseline,2026-09,FALSE,FALSE,NA,FALSE,NA
fdi_equity_excl_re,2020,NA,10,monthly,9.034640061683639,33.1 Direct_investment_flows_In_&_Out.xls,In Kosova,NA,3,"equity excl. reinvested earnings, net",baseline,2026-09,FALSE,FALSE,NA,FALSE,NA
fdi_equity_excl_re,2020,NA,11,monthly,35.512164928001944,33.1 Direct_investment_flows_In_&_Out.xls,In Kosova,NA,3,"equity excl. reinvested earnings, net",baseline,2026-09,FALSE,FALSE,NA,FALSE,NA
fdi_equity_excl_re,2020,NA,12,monthly,35.81171328259043,33.1 Direct_investment_flows_In_&_Out.xls,In Kosova,NA,3,"equity excl. reinvested earnings, net",baseline,2026-09,FALSE,FALSE,NA,FALSE,NA
fdi_equity_excl_re,2021,NA,1,monthly,27.111772700058975,33.1 Direct_investment_flows_In_&_Out.xls,In Kosova,NA,3,"equity excl. reinvested earnings, net",baseline,2026-09,FALSE,FALSE,NA,FALSE,NA
fdi_equity_excl_re,2021,NA,2,monthly,21.829789926767113,33.1 Direct_investment_flows_In_&_Out.xls,In Kosova,NA,3,"equity excl. reinvested earnings, net",baseline,2026-09,FALSE,FALSE,NA,FALSE,NA
fdi_equity_excl_re,2021,NA,3,monthly,26.65845063347967,33.1 Direct_investment_flows_In_&_Out.xls,In Kosova,NA,3,"equity excl. reinvested earnings, net",baseline,2026-09,FALSE,FALSE,NA,FALSE,NA
fdi_equity_excl_re,2021,NA,4,monthly,23.27118378595455,33.1 Direct_investment_flows_In_&_Out.xls,In Kosova,NA,3,"equity excl. reinvested earnings, net",baseline,2026-09,FALSE,FALSE,NA,FALSE,NA
fdi_equity_excl_re,2021,NA,5,monthly,31.777226224478678,33.1 Direct_investment_flows_In_&_Out.xls,In Kosova,NA,3,"equity excl. reinvested earnings, net",baseline,2026-09,FALSE,FALSE,NA,FALSE,NA
fdi_equity_excl_re,2021,NA,6,monthly,26.86694123933415,33.1 Direct_investment_flows_In_&_Out.xls,In Kosova,NA,3,"equity excl. reinvested earnings, net",baseline,2026-09,FALSE,FALSE,NA,FALSE,NA
fdi_equity_excl_re,2021,NA,7,monthly,38.59736452434205,33.1 Direct_investment_flows_In_&_Out.xls,In Kosova,NA,3,"equity excl. reinvested earnings, net",baseline,2026-09,FALSE,FALSE,NA,FALSE,NA
fdi_equity_excl_re,2021,NA,8,monthly,40.13601720029342,33.1 Direct_investment_flows_In_&_Out.xls,In Kosova,NA,3,"equity excl. reinvested earnings, net",baseline,2026-09,FALSE,FALSE,NA,FALSE,NA
fdi_equity_excl_re,2021,NA,9,monthly,56.28252179709971,33.1 Direct_investment_flows_In_&_Out.xls,In Kosova,NA,3,"equity excl. reinvested earnings, net",baseline,2026-09,FALSE,FALSE,NA,FALSE,NA
fdi_equity_excl_re,2021,NA,10,monthly,36.71194539940461,33.1 Direct_investment_flows_In_&_Out.xls,In Kosova,NA,3,"equity excl. reinvested earnings, net",baseline,2026-09,FALSE,FALSE,NA,FALSE,NA
fdi_equity_excl_re,2021,NA,11,monthly,39.13455571825156,33.1 Direct_investment_flows_In_&_Out.xls,In Kosova,NA,3,"equity excl. reinvested earnings, net",baseline,2026-09,FALSE,FALSE,NA,FALSE,NA
fdi_equity_excl_re,2021,NA,12,monthly,55.35937327566416,33.1 Direct_investment_flows_In_&_Out.xls,In Kosova,NA,3,"equity excl. reinvested earnings, net",baseline,2026-09,FALSE,FALSE,NA,FALSE,NA
fdi_equity_excl_re,2022,NA,1,monthly,43.79381743911748,33.1 Direct_investment_flows_In_&_Out.xls,In Kosova,NA,3,"equity excl. reinvested earnings, net",baseline,2026-09,FALSE,FALSE,NA,FALSE,NA
fdi_equity_excl_re,2022,NA,2,monthly,31.573773682571066,33.1 Direct_investment_flows_In_&_Out.xls,In Kosova,NA,3,"equity excl. reinvested earnings, net",baseline,2026-09,FALSE,FALSE,NA,FALSE,NA
fdi_equity_excl_re,2022,NA,3,monthly,48.1650078935299,33.1 Direct_investment_flows_In_&_Out.xls,In Kosova,NA,3,"equity excl. reinvested earnings, net",baseline,2026-09,FALSE,FALSE,NA,FALSE,NA
fdi_equity_excl_re,2022,NA,4,monthly,41.36653405722608,33.1 Direct_investment_flows_In_&_Out.xls,In Kosova,NA,3,"equity excl. reinvested earnings, net",baseline,2026-09,FALSE,FALSE,NA,FALSE,NA
fdi_equity_excl_re,2022,NA,5,monthly,43.570714919150134,33.1 Direct_investment_flows_In_&_Out.xls,In Kosova,NA,3,"equity excl. reinvested earnings, net",baseline,2026-09,FALSE,FALSE,NA,FALSE,NA
fdi_equity_excl_re,2022,NA,6,monthly,44.180937568709744,33.1 Direct_investment_flows_In_&_Out.xls,In Kosova,NA,3,"equity excl. reinvested earnings, net",baseline,2026-09,FALSE,FALSE,NA,FALSE,NA
fdi_equity_excl_re,2022,NA,7,monthly,51.213677836208845,33.1 Direct_investment_flows_In_&_Out.xls,In Kosova,NA,3,"equity excl. reinvested earnings, net",baseline,2026-09,FALSE,FALSE,NA,FALSE,NA
fdi_equity_excl_re,2022,NA,8,monthly,61.99533534992002,33.1 Direct_investment_flows_In_&_Out.xls,In Kosova,NA,3,"equity excl. reinvested earnings, net",baseline,2026-09,FALSE,FALSE,NA,FALSE,NA
fdi_equity_excl_re,2022,NA,9,monthly,59.32661360247093,33.1 Direct_investment_flows_In_&_Out.xls,In Kosova,NA,3,"equity excl. reinvested earnings, net",baseline,2026-09,FALSE,FALSE,NA,FALSE,NA
fdi_equity_excl_re,2022,NA,10,monthly,44.57102747614875,33.1 Direct_investment_flows_In_&_Out.xls,In Kosova,NA,3,"equity excl. reinvested earnings, net",baseline,2026-09,FALSE,FALSE,NA,FALSE,NA
fdi_equity_excl_re,2022,NA,11,monthly,41.019968019784464,33.1 Direct_investment_flows_In_&_Out.xls,In Kosova,NA,3,"equity excl. reinvested earnings, net",baseline,2026-09,FALSE,FALSE,NA,FALSE,NA
fdi_equity_excl_re,2022,NA,12,monthly,62.25033054380031,33.1 Direct_investment_flows_In_&_Out.xls,In Kosova,NA,3,"equity excl. reinvested earnings, net",baseline,2026-09,FALSE,FALSE,NA,FALSE,NA
fdi_equity_excl_re,2023,NA,1,monthly,41.65245993773043,33.1 Direct_investment_flows_In_&_Out.xls,In Kosova,NA,3,"equity excl. reinvested earnings, net",baseline,2026-09,FALSE,FALSE,NA,FALSE,NA
fdi_equity_excl_re,2023,NA,2,monthly,33.747816419344076,33.1 Direct_investment_flows_In_&_Out.xls,In Kosova,NA,3,"equity excl. reinvested earnings, net",baseline,2026-09,FALSE,FALSE,NA,FALSE,NA
fdi_equity_excl_re,2023,NA,3,monthly,38.71591152844346,33.1 Direct_investment_flows_In_&_Out.xls,In Kosova,NA,3,"equity excl. reinvested earnings, net",baseline,2026-09,FALSE,FALSE,NA,FALSE,NA
fdi_equity_excl_re,2023,NA,4,monthly,39.32518996723576,33.1 Direct_investment_flows_In_&_Out.xls,In Kosova,NA,3,"equity excl. reinvested earnings, net",baseline,2026-09,FALSE,FALSE,NA,FALSE,NA
fdi_equity_excl_re,2023,NA,5,monthly,43.7510595800385,33.1 Direct_investment_flows_In_&_Out.xls,In Kosova,NA,3,"equity excl. reinvested earnings, net",baseline,2026-09,FALSE,FALSE,NA,FALSE,NA
fdi_equity_excl_re,2023,NA,6,monthly,41.04922533818687,33.1 Direct_investment_flows_In_&_Out.xls,In Kosova,NA,3,"equity excl. reinvested earnings, net",baseline,2026-09,FALSE,FALSE,NA,FALSE,NA
fdi_equity_excl_re,2023,NA,7,monthly,46.078773014510446,33.1 Direct_investment_flows_In_&_Out.xls,In Kosova,NA,3,"equity excl. reinvested earnings, net",baseline,2026-09,FALSE,FALSE,NA,FALSE,NA
fdi_equity_excl_re,2023,NA,8,monthly,49.32770342971874,33.1 Direct_investment_flows_In_&_Out.xls,In Kosova,NA,3,"equity excl. reinvested earnings, net",baseline,2026-09,FALSE,FALSE,NA,FALSE,NA
fdi_equity_excl_re,2023,NA,9,monthly,62.00611175527365,33.1 Direct_investment_flows_In_&_Out.xls,In Kosova,NA,3,"equity excl. reinvested earnings, net",baseline,2026-09,FALSE,FALSE,NA,FALSE,NA
fdi_equity_excl_re,2023,NA,10,monthly,54.67470299146083,33.1 Direct_investment_flows_In_&_Out.xls,In Kosova,NA,3,"equity excl. reinvested earnings, net",baseline,2026-09,FALSE,FALSE,NA,FALSE,NA
fdi_equity_excl_re,2023,NA,11,monthly,38.964298350811454,33.1 Direct_investment_flows_In_&_Out.xls,In Kosova,NA,3,"equity excl. reinvested earnings, net",baseline,2026-09,FALSE,FALSE,NA,FALSE,NA
fdi_equity_excl_re,2023,NA,12,monthly,57.103289108264725,33.1 Direct_investment_flows_In_&_Out.xls,In Kosova,NA,3,"equity excl. reinvested earnings, net",baseline,2026-09,FALSE,FALSE,NA,FALSE,NA
fdi_equity_excl_re,2024,NA,1,monthly,43.79814009804613,33.1 Direct_investment_flows_In_&_Out.xls,In Kosova,NA,3,"equity excl. reinvested earnings, net",baseline,2026-09,FALSE,FALSE,NA,FALSE,NA
fdi_equity_excl_re,2024,NA,2,monthly,41.68682206824295,33.1 Direct_investment_flows_In_&_Out.xls,In Kosova,NA,3,"equity excl. reinvested earnings, net",baseline,2026-09,FALSE,FALSE,NA,FALSE,NA
fdi_equity_excl_re,2024,NA,3,monthly,55.72308107765211,33.1 Direct_investment_flows_In_&_Out.xls,In Kosova,NA,3,"equity excl. reinvested earnings, net",baseline,2026-09,FALSE,FALSE,NA,FALSE,NA
fdi_equity_excl_re,2024,NA,4,monthly,47.44649696755976,33.1 Direct_investment_flows_In_&_Out.xls,In Kosova,NA,3,"equity excl. reinvested earnings, net",baseline,2026-09,FALSE,FALSE,NA,FALSE,NA
fdi_equity_excl_re,2024,NA,5,monthly,43.467204616329305,33.1 Direct_investment_flows_In_&_Out.xls,In Kosova,NA,3,"equity excl. reinvested earnings, net",baseline,2026-09,FALSE,FALSE,NA,FALSE,NA
fdi_equity_excl_re,2024,NA,6,monthly,50.95275812881924,33.1 Direct_investment_flows_In_&_Out.xls,In Kosova,NA,3,"equity excl. reinvested earnings, net",baseline,2026-09,FALSE,FALSE,NA,FALSE,NA
fdi_equity_excl_re,2024,NA,7,monthly,61.385471705990156,33.1 Direct_investment_flows_In_&_Out.xls,In Kosova,NA,3,"equity excl. reinvested earnings, net",baseline,2026-09,FALSE,FALSE,NA,FALSE,NA
fdi_equity_excl_re,2024,NA,8,monthly,67.32766890096897,33.1 Direct_investment_flows_In_&_Out.xls,In Kosova,NA,3,"equity excl. reinvested earnings, net",baseline,2026-09,FALSE,FALSE,NA,FALSE,NA
fdi_equity_excl_re,2024,NA,9,monthly,68.50335546195328,33.1 Direct_investment_flows_In_&_Out.xls,In Kosova,NA,3,"equity excl. reinvested earnings, net",baseline,2026-09,FALSE,FALSE,NA,FALSE,NA
fdi_equity_excl_re,2024,NA,10,monthly,54.18376657087782,33.1 Direct_investment_flows_In_&_Out.xls,In Kosova,NA,3,"equity excl. reinvested earnings, net",baseline,2026-09,FALSE,FALSE,NA,FALSE,NA
fdi_equity_excl_re,2024,NA,11,monthly,55.40399885613244,33.1 Direct_investment_flows_In_&_Out.xls,In Kosova,NA,3,"equity excl. reinvested earnings, net",baseline,2026-09,FALSE,FALSE,NA,FALSE,NA
fdi_equity_incl_re,2009,1,NA,quarterly,50.829480677999804,30 Financial account.xls,BiP_Llogaria_financiare,NA,35,"equity incl. reinvested earnings, liabilities",variant,2026-09,FALSE,FALSE,NA,FALSE,NA
fdi_equity_incl_re,2009,2,NA,quarterly,59.08,30 Financial account.xls,BiP_Llogaria_financiare,NA,35,"equity incl. reinvested earnings, liabilities",variant,2026-09,FALSE,FALSE,NA,FALSE,NA
fdi_equity_incl_re,2009,3,NA,quarterly,81.72,30 Financial account.xls,BiP_Llogaria_financiare,NA,35,"equity incl. reinvested earnings, liabilities",variant,2026-09,FALSE,FALSE,NA,FALSE,NA
fdi_equity_incl_re,2009,4,NA,quarterly,72.63,30 Financial account.xls,BiP_Llogaria_financiare,NA,35,"equity incl. reinvested earnings, liabilities",variant,2026-09,FALSE,FALSE,NA,FALSE,NA
fdi_equity_incl_re,2010,1,NA,quarterly,57.0068627935432,30 Financial account.xls,BiP_Llogaria_financiare,NA,35,"equity incl. reinvested earnings, liabilities",variant,2026-09,FALSE,FALSE,NA,FALSE,NA
fdi_equity_incl_re,2010,2,NA,quarterly,59.75616550832859,30 Financial account.xls,BiP_Llogaria_financiare,NA,35,"equity incl. reinvested earnings, liabilities",variant,2026-09,FALSE,FALSE,NA,FALSE,NA
fdi_equity_incl_re,2010,3,NA,quarterly,100.6982967020767,30 Financial account.xls,BiP_Llogaria_financiare,NA,35,"equity incl. reinvested earnings, liabilities",variant,2026-09,FALSE,FALSE,NA,FALSE,NA
fdi_equity_incl_re,2010,4,NA,quarterly,113.6263782937729,30 Financial account.xls,BiP_Llogaria_financiare,NA,35,"equity incl. reinvested earnings, liabilities",variant,2026-09,FALSE,FALSE,NA,FALSE,NA
fdi_equity_incl_re,2011,1,NA,quarterly,72.76045101407264,30 Financial account.xls,BiP_Llogaria_financiare,NA,35,"equity incl. reinvested earnings, liabilities",variant,2026-09,FALSE,FALSE,NA,FALSE,NA
fdi_equity_incl_re,2011,2,NA,quarterly,82.0182797997696,30 Financial account.xls,BiP_Llogaria_financiare,NA,35,"equity incl. reinvested earnings, liabilities",variant,2026-09,FALSE,FALSE,NA,FALSE,NA
fdi_equity_incl_re,2011,3,NA,quarterly,110.0811237422667,30 Financial account.xls,BiP_Llogaria_financiare,NA,35,"equity incl. reinvested earnings, liabilities",variant,2026-09,FALSE,FALSE,NA,FALSE,NA
fdi_equity_incl_re,2011,4,NA,quarterly,80.3408403976752,30 Financial account.xls,BiP_Llogaria_financiare,NA,35,"equity incl. reinvested earnings, liabilities",variant,2026-09,FALSE,FALSE,NA,FALSE,NA
fdi_equity_incl_re,2012,1,NA,quarterly,42.0274228755517,30 Financial account.xls,BiP_Llogaria_financiare,NA,35,"equity incl. reinvested earnings, liabilities",variant,2026-09,FALSE,FALSE,NA,FALSE,NA
fdi_equity_incl_re,2012,2,NA,quarterly,24.95743150719798,30 Financial account.xls,BiP_Llogaria_financiare,NA,35,"equity incl. reinvested earnings, liabilities",variant,2026-09,FALSE,FALSE,NA,FALSE,NA
fdi_equity_incl_re,2012,3,NA,quarterly,64.8252972603511,30 Financial account.xls,BiP_Llogaria_financiare,NA,35,"equity incl. reinvested earnings, liabilities",variant,2026-09,FALSE,FALSE,NA,FALSE,NA
fdi_equity_incl_re,2012,4,NA,quarterly,70.8766506690407,30 Financial account.xls,BiP_Llogaria_financiare,NA,35,"equity incl. reinvested earnings, liabilities",variant,2026-09,FALSE,FALSE,NA,FALSE,NA
fdi_equity_incl_re,2013,1,NA,quarterly,48.70240126102304,30 Financial account.xls,BiP_Llogaria_financiare,NA,35,"equity incl. reinvested earnings, liabilities",variant,2026-09,FALSE,FALSE,NA,FALSE,NA
fdi_equity_incl_re,2013,2,NA,quarterly,44.1836236866464,30 Financial account.xls,BiP_Llogaria_financiare,NA,35,"equity incl. reinvested earnings, liabilities",variant,2026-09,FALSE,FALSE,NA,FALSE,NA
fdi_equity_incl_re,2013,3,NA,quarterly,46.894347380837274,30 Financial account.xls,BiP_Llogaria_financiare,NA,35,"equity incl. reinvested earnings, liabilities",variant,2026-09,FALSE,FALSE,NA,FALSE,NA
fdi_equity_incl_re,2013,4,NA,quarterly,36.25986882685806,30 Financial account.xls,BiP_Llogaria_financiare,NA,35,"equity incl. reinvested earnings, liabilities",variant,2026-09,FALSE,FALSE,NA,FALSE,NA
fdi_equity_incl_re,2014,1,NA,quarterly,42.50338790745212,30 Financial account.xls,BiP_Llogaria_financiare,NA,35,"equity incl. reinvested earnings, liabilities",variant,2026-09,FALSE,FALSE,NA,FALSE,NA
fdi_equity_incl_re,2014,2,NA,quarterly,-17.69638842875883,30 Financial account.xls,BiP_Llogaria_financiare,NA,35,"equity incl. reinvested earnings, liabilities",variant,2026-09,FALSE,FALSE,NA,FALSE,NA
fdi_equity_incl_re,2014,3,NA,quarterly,71.09374069933871,30 Financial account.xls,BiP_Llogaria_financiare,NA,35,"equity incl. reinvested earnings, liabilities",variant,2026-09,FALSE,FALSE,NA,FALSE,NA
fdi_equity_incl_re,2014,4,NA,quarterly,20.68748059970386,30 Financial account.xls,BiP_Llogaria_financiare,NA,35,"equity incl. reinvested earnings, liabilities",variant,2026-09,FALSE,FALSE,NA,FALSE,NA
fdi_equity_incl_re,2015,1,NA,quarterly,61.00072565720478,30 Financial account.xls,BiP_Llogaria_financiare,NA,35,"equity incl. reinvested earnings, liabilities",variant,2026-09,FALSE,FALSE,NA,FALSE,NA
fdi_equity_incl_re,2015,2,NA,quarterly,54.35219753631228,30 Financial account.xls,BiP_Llogaria_financiare,NA,35,"equity incl. reinvested earnings, liabilities",variant,2026-09,FALSE,FALSE,NA,FALSE,NA
fdi_equity_incl_re,2015,3,NA,quarterly,65.82144696698043,30 Financial account.xls,BiP_Llogaria_financiare,NA,35,"equity incl. reinvested earnings, liabilities",variant,2026-09,FALSE,FALSE,NA,FALSE,NA
fdi_equity_incl_re,2015,4,NA,quarterly,46.85036226167841,30 Financial account.xls,BiP_Llogaria_financiare,NA,35,"equity incl. reinvested earnings, liabilities",variant,2026-09,FALSE,FALSE,NA,FALSE,NA
fdi_equity_incl_re,2016,1,NA,quarterly,47.50212632026445,30 Financial account.xls,BiP_Llogaria_financiare,NA,35,"equity incl. reinvested earnings, liabilities",variant,2026-09,FALSE,FALSE,NA,FALSE,NA
fdi_equity_incl_re,2016,2,NA,quarterly,15.882816742827695,30 Financial account.xls,BiP_Llogaria_financiare,NA,35,"equity incl. reinvested earnings, liabilities",variant,2026-09,FALSE,FALSE,NA,FALSE,NA
fdi_equity_incl_re,2016,3,NA,quarterly,90.69054840627737,30 Financial account.xls,BiP_Llogaria_financiare,NA,35,"equity incl. reinvested earnings, liabilities",variant,2026-09,FALSE,FALSE,NA,FALSE,NA
fdi_equity_incl_re,2016,4,NA,quarterly,28.437309893739865,30 Financial account.xls,BiP_Llogaria_financiare,NA,35,"equity incl. reinvested earnings, liabilities",variant,2026-09,FALSE,FALSE,NA,FALSE,NA
fdi_equity_incl_re,2017,1,NA,quarterly,57.019320879216316,30 Financial account.xls,BiP_Llogaria_financiare,NA,35,"equity incl. reinvested earnings, liabilities",variant,2026-09,FALSE,FALSE,NA,FALSE,NA
fdi_equity_incl_re,2017,2,NA,quarterly,69.13788753904345,30 Financial account.xls,BiP_Llogaria_financiare,NA,35,"equity incl. reinvested earnings, liabilities",variant,2026-09,FALSE,FALSE,NA,FALSE,NA
fdi_equity_incl_re,2017,3,NA,quarterly,72.29855226864132,30 Financial account.xls,BiP_Llogaria_financiare,NA,35,"equity incl. reinvested earnings, liabilities",variant,2026-09,FALSE,FALSE,NA,FALSE,NA
fdi_equity_incl_re,2017,4,NA,quarterly,34.23947597743311,30 Financial account.xls,BiP_Llogaria_financiare,NA,35,"equity incl. reinvested earnings, liabilities",variant,2026-09,FALSE,FALSE,NA,FALSE,NA
fdi_equity_incl_re,2018,1,NA,quarterly,53.784501281439255,30 Financial account.xls,BiP_Llogaria_financiare,NA,35,"equity incl. reinvested earnings, liabilities",variant,2026-09,FALSE,FALSE,NA,FALSE,NA
fdi_equity_incl_re,2018,2,NA,quarterly,42.354063623968266,30 Financial account.xls,BiP_Llogaria_financiare,NA,35,"equity incl. reinvested earnings, liabilities",variant,2026-09,FALSE,FALSE,NA,FALSE,NA
fdi_equity_incl_re,2018,3,NA,quarterly,90.82740871275054,30 Financial account.xls,BiP_Llogaria_financiare,NA,35,"equity incl. reinvested earnings, liabilities",variant,2026-09,FALSE,FALSE,NA,FALSE,NA
fdi_equity_incl_re,2018,4,NA,quarterly,76.31576015673653,30 Financial account.xls,BiP_Llogaria_financiare,NA,35,"equity incl. reinvested earnings, liabilities",variant,2026-09,FALSE,FALSE,NA,FALSE,NA
fdi_equity_incl_re,2019,1,NA,quarterly,46.98085569671656,30 Financial account.xls,BiP_Llogaria_financiare,NA,35,"equity incl. reinvested earnings, liabilities",variant,2026-09,FALSE,FALSE,NA,FALSE,NA
fdi_equity_incl_re,2019,2,NA,quarterly,32.31030550758348,30 Financial account.xls,BiP_Llogaria_financiare,NA,35,"equity incl. reinvested earnings, liabilities",variant,2026-09,FALSE,FALSE,NA,FALSE,NA
fdi_equity_incl_re,2019,3,NA,quarterly,107.76060195839972,30 Financial account.xls,BiP_Llogaria_financiare,NA,35,"equity incl. reinvested earnings, liabilities",variant,2026-09,FALSE,FALSE,NA,FALSE,NA
fdi_equity_incl_re,2019,4,NA,quarterly,51.13303265153736,30 Financial account.xls,BiP_Llogaria_financiare,NA,35,"equity incl. reinvested earnings, liabilities",variant,2026-09,FALSE,FALSE,NA,FALSE,NA
fdi_equity_incl_re,2020,1,NA,quarterly,68.02366370166501,30 Financial account.xls,BiP_Llogaria_financiare,NA,35,"equity incl. reinvested earnings, liabilities",variant,2026-09,FALSE,FALSE,NA,FALSE,NA
fdi_equity_incl_re,2020,2,NA,quarterly,72.2596651569564,30 Financial account.xls,BiP_Llogaria_financiare,NA,35,"equity incl. reinvested earnings, liabilities",variant,2026-09,FALSE,FALSE,NA,FALSE,NA
fdi_equity_incl_re,2020,3,NA,quarterly,77.0533288172996,30 Financial account.xls,BiP_Llogaria_financiare,NA,35,"equity incl. reinvested earnings, liabilities",variant,2026-09,FALSE,FALSE,NA,FALSE,NA
fdi_equity_incl_re,2020,4,NA,quarterly,104.66813710362334,30 Financial account.xls,BiP_Llogaria_financiare,NA,35,"equity incl. reinvested earnings, liabilities",variant,2026-09,FALSE,FALSE,NA,FALSE,NA
fdi_equity_incl_re,2021,1,NA,quarterly,93.96617060191603,30 Financial account.xls,BiP_Llogaria_financiare,NA,35,"equity incl. reinvested earnings, liabilities",variant,2026-09,FALSE,FALSE,NA,FALSE,NA
fdi_equity_incl_re,2021,2,NA,quarterly,105.699745197252,30 Financial account.xls,BiP_Llogaria_financiare,NA,35,"equity incl. reinvested earnings, liabilities",variant,2026-09,FALSE,FALSE,NA,FALSE,NA
fdi_equity_incl_re,2021,3,NA,quarterly,168.21936941553437,30 Financial account.xls,BiP_Llogaria_financiare,NA,35,"equity incl. reinvested earnings, liabilities",variant,2026-09,FALSE,FALSE,NA,FALSE,NA
fdi_equity_incl_re,2021,4,NA,quarterly,22.003412043226632,30 Financial account.xls,BiP_Llogaria_financiare,NA,35,"equity incl. reinvested earnings, liabilities",variant,2026-09,FALSE,FALSE,NA,FALSE,NA
fdi_equity_incl_re,2022,1,NA,quarterly,92.10955545293533,30 Financial account.xls,BiP_Llogaria_financiare,NA,35,"equity incl. reinvested earnings, liabilities",variant,2026-09,FALSE,FALSE,NA,FALSE,NA
fdi_equity_incl_re,2022,2,NA,quarterly,169.28256704573695,30 Financial account.xls,BiP_Llogaria_financiare,NA,35,"equity incl. reinvested earnings, liabilities",variant,2026-09,FALSE,FALSE,NA,FALSE,NA
fdi_equity_incl_re,2022,3,NA,quarterly,251.81196997356585,30 Financial account.xls,BiP_Llogaria_financiare,NA,35,"equity incl. reinvested earnings, liabilities",variant,2026-09,FALSE,FALSE,NA,FALSE,NA
fdi_equity_incl_re,2022,4,NA,quarterly,106.16195391986324,30 Financial account.xls,BiP_Llogaria_financiare,NA,35,"equity incl. reinvested earnings, liabilities",variant,2026-09,FALSE,FALSE,NA,FALSE,NA
fdi_equity_incl_re,2023,1,NA,quarterly,166.64491130050698,30 Financial account.xls,BiP_Llogaria_financiare,NA,35,"equity incl. reinvested earnings, liabilities",variant,2026-09,FALSE,FALSE,NA,FALSE,NA
fdi_equity_incl_re,2023,2,NA,quarterly,158.91828848837008,30 Financial account.xls,BiP_Llogaria_financiare,NA,35,"equity incl. reinvested earnings, liabilities",variant,2026-09,FALSE,FALSE,NA,FALSE,NA
fdi_equity_incl_re,2023,3,NA,quarterly,212.25978208907725,30 Financial account.xls,BiP_Llogaria_financiare,NA,35,"equity incl. reinvested earnings, liabilities",variant,2026-09,FALSE,FALSE,NA,FALSE,NA
fdi_equity_incl_re,2023,4,NA,quarterly,157.59508218465058,30 Financial account.xls,BiP_Llogaria_financiare,NA,35,"equity incl. reinvested earnings, liabilities",variant,2026-09,FALSE,FALSE,NA,FALSE,NA
fdi_equity_incl_re,2024,1,NA,quarterly,155.14069590546057,30 Financial account.xls,BiP_Llogaria_financiare,NA,35,"equity incl. reinvested earnings, liabilities",variant,2026-09,FALSE,FALSE,NA,FALSE,NA
fdi_equity_incl_re,2024,2,NA,quarterly,159.39600946451085,30 Financial account.xls,BiP_Llogaria_financiare,NA,35,"equity incl. reinvested earnings, liabilities",variant,2026-09,FALSE,FALSE,NA,FALSE,NA
fdi_equity_incl_re,2024,3,NA,quarterly,244.1512657513742,30 Financial account.xls,BiP_Llogaria_financiare,NA,35,"equity incl. reinvested earnings, liabilities",variant,2026-09,FALSE,FALSE,NA,FALSE,NA
fdi_equity_incl_re,2024,4,NA,quarterly,209.7323858372394,30 Financial account.xls,BiP_Llogaria_financiare,NA,35,"equity incl. reinvested earnings, liabilities",variant,2026-09,FALSE,FALSE,NA,FALSE,NA
fdi_equity_incl_re,2025,1,NA,quarterly,187.71677118428403,30 Financial account.xls,BiP_Llogaria_financiare,NA,35,"equity incl. reinvested earnings, liabilities",variant,2026-09,FALSE,FALSE,NA,FALSE,NA
fdi_equity_incl_re,2025,2,NA,quarterly,246.4759301391253,30 Financial account.xls,BiP_Llogaria_financiare,NA,35,"equity incl. reinvested earnings, liabilities",variant,2026-09,FALSE,FALSE,NA,FALSE,NA
fdi_equity_incl_re,2025,3,NA,quarterly,282.7585409913637,30 Financial account.xls,BiP_Llogaria_financiare,NA,35,"equity incl. reinvested earnings, liabilities",variant,2026-09,FALSE,FALSE,NA,FALSE,NA
fdi_equity_incl_re,2025,4,NA,quarterly,300.50436673837135,30 Financial account.xls,BiP_Llogaria_financiare,NA,35,"equity incl. reinvested earnings, liabilities",variant,2026-09,FALSE,FALSE,NA,FALSE,NA
fdi_equity_incl_re,2026,1,NA,quarterly,185.8231993421423,30 Financial account.xls,BiP_Llogaria_financiare,NA,35,"equity incl. reinvested earnings, liabilities",variant,2026-09,FALSE,FALSE,NA,FALSE,NA
fdi_equity_incl_re,2026,2,NA,quarterly,201.45077340998932,30 Financial account.xls,BiP_Llogaria_financiare,NA,35,"equity incl. reinvested earnings, liabilities",variant,2026-09,FALSE,FALSE,NA,FALSE,NA
fdi_equity_incl_re,2014,NA,1,monthly,15.57167029746968,30 Financial account.xls,BiP_Llogaria_financiare,NA,35,"equity incl. reinvested earnings, liabilities",variant,2026-09,FALSE,FALSE,NA,FALSE,NA
fdi_equity_incl_re,2014,NA,2,monthly,10.766946179237651,30 Financial account.xls,BiP_Llogaria_financiare,NA,35,"equity incl. reinvested earnings, liabilities",variant,2026-09,FALSE,FALSE,NA,FALSE,NA
fdi_equity_incl_re,2014,NA,3,monthly,16.164771430744793,30 Financial account.xls,BiP_Llogaria_financiare,NA,35,"equity incl. reinvested earnings, liabilities",variant,2026-09,FALSE,FALSE,NA,FALSE,NA
fdi_equity_incl_re,2014,NA,4,monthly,-24.90264879225215,30 Financial account.xls,BiP_Llogaria_financiare,NA,35,"equity incl. reinvested earnings, liabilities",variant,2026-09,FALSE,FALSE,NA,FALSE,NA
fdi_equity_incl_re,2014,NA,5,monthly,-0.8967793772918595,30 Financial account.xls,BiP_Llogaria_financiare,NA,35,"equity incl. reinvested earnings, liabilities",variant,2026-09,FALSE,FALSE,NA,FALSE,NA
fdi_equity_incl_re,2014,NA,6,monthly,8.10303974078518,30 Financial account.xls,BiP_Llogaria_financiare,NA,35,"equity incl. reinvested earnings, liabilities",variant,2026-09,FALSE,FALSE,NA,FALSE,NA
fdi_equity_incl_re,2014,NA,7,monthly,20.56394502666066,30 Financial account.xls,BiP_Llogaria_financiare,NA,35,"equity incl. reinvested earnings, liabilities",variant,2026-09,FALSE,FALSE,NA,FALSE,NA
fdi_equity_incl_re,2014,NA,8,monthly,25.22532152797891,30 Financial account.xls,BiP_Llogaria_financiare,NA,35,"equity incl. reinvested earnings, liabilities",variant,2026-09,FALSE,FALSE,NA,FALSE,NA
fdi_equity_incl_re,2014,NA,9,monthly,25.30447414469914,30 Financial account.xls,BiP_Llogaria_financiare,NA,35,"equity incl. reinvested earnings, liabilities",variant,2026-09,FALSE,FALSE,NA,FALSE,NA
fdi_equity_incl_re,2014,NA,10,monthly,13.01807234745107,30 Financial account.xls,BiP_Llogaria_financiare,NA,35,"equity incl. reinvested earnings, liabilities",variant,2026-09,FALSE,FALSE,NA,FALSE,NA
fdi_equity_incl_re,2014,NA,11,monthly,14.31184648224314,30 Financial account.xls,BiP_Llogaria_financiare,NA,35,"equity incl. reinvested earnings, liabilities",variant,2026-09,FALSE,FALSE,NA,FALSE,NA
fdi_equity_incl_re,2014,NA,12,monthly,-6.64243822999035,30 Financial account.xls,BiP_Llogaria_financiare,NA,35,"equity incl. reinvested earnings, liabilities",variant,2026-09,FALSE,FALSE,NA,FALSE,NA
fdi_equity_incl_re,2015,NA,1,monthly,26.072370814096622,30 Financial account.xls,BiP_Llogaria_financiare,NA,35,"equity incl. reinvested earnings, liabilities",variant,2026-09,FALSE,FALSE,NA,FALSE,NA
fdi_equity_incl_re,2015,NA,2,monthly,15.876402958751077,30 Financial account.xls,BiP_Llogaria_financiare,NA,35,"equity incl. reinvested earnings, liabilities",variant,2026-09,FALSE,FALSE,NA,FALSE,NA
fdi_equity_incl_re,2015,NA,3,monthly,19.051951884357084,30 Financial account.xls,BiP_Llogaria_financiare,NA,35,"equity incl. reinvested earnings, liabilities",variant,2026-09,FALSE,FALSE,NA,FALSE,NA
fdi_equity_incl_re,2015,NA,4,monthly,27.633413093426768,30 Financial account.xls,BiP_Llogaria_financiare,NA,35,"equity incl. reinvested earnings, liabilities",variant,2026-09,FALSE,FALSE,NA,FALSE,NA
fdi_equity_incl_re,2015,NA,5,monthly,24.101914933284032,30 Financial account.xls,BiP_Llogaria_financiare,NA,35,"equity incl. reinvested earnings, liabilities",variant,2026-09,FALSE,FALSE,NA,FALSE,NA
fdi_equity_incl_re,2015,NA,6,monthly,2.6168695096014774,30 Financial account.xls,BiP_Llogaria_financiare,NA,35,"equity incl. reinvested earnings, liabilities",variant,2026-09,FALSE,FALSE,NA,FALSE,NA
fdi_equity_incl_re,2015,NA,7,monthly,19.764853488448626,30 Financial account.xls,BiP_Llogaria_financiare,NA,35,"equity incl. reinvested earnings, liabilities",variant,2026-09,FALSE,FALSE,NA,FALSE,NA
fdi_equity_incl_re,2015,NA,8,monthly,34.58382916886683,30 Financial account.xls,BiP_Llogaria_financiare,NA,35,"equity incl. reinvested earnings, liabilities",variant,2026-09,FALSE,FALSE,NA,FALSE,NA
fdi_equity_incl_re,2015,NA,9,monthly,11.472764309664985,30 Financial account.xls,BiP_Llogaria_financiare,NA,35,"equity incl. reinvested earnings, liabilities",variant,2026-09,FALSE,FALSE,NA,FALSE,NA
fdi_equity_incl_re,2015,NA,10,monthly,23.218456597607286,30 Financial account.xls,BiP_Llogaria_financiare,NA,35,"equity incl. reinvested earnings, liabilities",variant,2026-09,FALSE,FALSE,NA,FALSE,NA
fdi_equity_incl_re,2015,NA,11,monthly,18.124646028532826,30 Financial account.xls,BiP_Llogaria_financiare,NA,35,"equity incl. reinvested earnings, liabilities",variant,2026-09,FALSE,FALSE,NA,FALSE,NA
fdi_equity_incl_re,2015,NA,12,monthly,5.507259635538304,30 Financial account.xls,BiP_Llogaria_financiare,NA,35,"equity incl. reinvested earnings, liabilities",variant,2026-09,FALSE,FALSE,NA,FALSE,NA
fdi_equity_incl_re,2016,NA,1,monthly,12.440165001912339,30 Financial account.xls,BiP_Llogaria_financiare,NA,35,"equity incl. reinvested earnings, liabilities",variant,2026-09,FALSE,FALSE,NA,FALSE,NA
fdi_equity_incl_re,2016,NA,2,monthly,17.138061291832884,30 Financial account.xls,BiP_Llogaria_financiare,NA,35,"equity incl. reinvested earnings, liabilities",variant,2026-09,FALSE,FALSE,NA,FALSE,NA
fdi_equity_incl_re,2016,NA,3,monthly,17.923900026519227,30 Financial account.xls,BiP_Llogaria_financiare,NA,35,"equity incl. reinvested earnings, liabilities",variant,2026-09,FALSE,FALSE,NA,FALSE,NA
fdi_equity_incl_re,2016,NA,4,monthly,10.704436241763815,30 Financial account.xls,BiP_Llogaria_financiare,NA,35,"equity incl. reinvested earnings, liabilities",variant,2026-09,FALSE,FALSE,NA,FALSE,NA
fdi_equity_incl_re,2016,NA,5,monthly,13.490403142788693,30 Financial account.xls,BiP_Llogaria_financiare,NA,35,"equity incl. reinvested earnings, liabilities",variant,2026-09,FALSE,FALSE,NA,FALSE,NA
fdi_equity_incl_re,2016,NA,6,monthly,-8.312022641724814,30 Financial account.xls,BiP_Llogaria_financiare,NA,35,"equity incl. reinvested earnings, liabilities",variant,2026-09,FALSE,FALSE,NA,FALSE,NA
fdi_equity_incl_re,2016,NA,7,monthly,32.923666704803615,30 Financial account.xls,BiP_Llogaria_financiare,NA,35,"equity incl. reinvested earnings, liabilities",variant,2026-09,FALSE,FALSE,NA,FALSE,NA
fdi_equity_incl_re,2016,NA,8,monthly,24.430215783532255,30 Financial account.xls,BiP_Llogaria_financiare,NA,35,"equity incl. reinvested earnings, liabilities",variant,2026-09,FALSE,FALSE,NA,FALSE,NA
fdi_equity_incl_re,2016,NA,9,monthly,33.33666591794151,30 Financial account.xls,BiP_Llogaria_financiare,NA,35,"equity incl. reinvested earnings, liabilities",variant,2026-09,FALSE,FALSE,NA,FALSE,NA
fdi_equity_incl_re,2016,NA,10,monthly,16.15177517576946,30 Financial account.xls,BiP_Llogaria_financiare,NA,35,"equity incl. reinvested earnings, liabilities",variant,2026-09,FALSE,FALSE,NA,FALSE,NA
fdi_equity_incl_re,2016,NA,11,monthly,13.60082822810935,30 Financial account.xls,BiP_Llogaria_financiare,NA,35,"equity incl. reinvested earnings, liabilities",variant,2026-09,FALSE,FALSE,NA,FALSE,NA
fdi_equity_incl_re,2016,NA,12,monthly,-1.315293510138945,30 Financial account.xls,BiP_Llogaria_financiare,NA,35,"equity incl. reinvested earnings, liabilities",variant,2026-09,FALSE,FALSE,NA,FALSE,NA
fdi_equity_incl_re,2017,NA,1,monthly,17.163370117895298,30 Financial account.xls,BiP_Llogaria_financiare,NA,35,"equity incl. reinvested earnings, liabilities",variant,2026-09,FALSE,FALSE,NA,FALSE,NA
fdi_equity_incl_re,2017,NA,2,monthly,18.398667530543463,30 Financial account.xls,BiP_Llogaria_financiare,NA,35,"equity incl. reinvested earnings, liabilities",variant,2026-09,FALSE,FALSE,NA,FALSE,NA
fdi_equity_incl_re,2017,NA,3,monthly,21.457283230777556,30 Financial account.xls,BiP_Llogaria_financiare,NA,35,"equity incl. reinvested earnings, liabilities",variant,2026-09,FALSE,FALSE,NA,FALSE,NA
fdi_equity_incl_re,2017,NA,4,monthly,26.773998850166876,30 Financial account.xls,BiP_Llogaria_financiare,NA,35,"equity incl. reinvested earnings, liabilities",variant,2026-09,FALSE,FALSE,NA,FALSE,NA
fdi_equity_incl_re,2017,NA,5,monthly,15.47021079903793,30 Financial account.xls,BiP_Llogaria_financiare,NA,35,"equity incl. reinvested earnings, liabilities",variant,2026-09,FALSE,FALSE,NA,FALSE,NA
fdi_equity_incl_re,2017,NA,6,monthly,26.893677889838642,30 Financial account.xls,BiP_Llogaria_financiare,NA,35,"equity incl. reinvested earnings, liabilities",variant,2026-09,FALSE,FALSE,NA,FALSE,NA
fdi_equity_incl_re,2017,NA,7,monthly,32.658967800929844,30 Financial account.xls,BiP_Llogaria_financiare,NA,35,"equity incl. reinvested earnings, liabilities",variant,2026-09,FALSE,FALSE,NA,FALSE,NA
fdi_equity_incl_re,2017,NA,8,monthly,36.64521283475746,30 Financial account.xls,BiP_Llogaria_financiare,NA,35,"equity incl. reinvested earnings, liabilities",variant,2026-09,FALSE,FALSE,NA,FALSE,NA
fdi_equity_incl_re,2017,NA,9,monthly,2.9943716329540084,30 Financial account.xls,BiP_Llogaria_financiare,NA,35,"equity incl. reinvested earnings, liabilities",variant,2026-09,FALSE,FALSE,NA,FALSE,NA
fdi_equity_incl_re,2017,NA,10,monthly,10.500795416745891,30 Financial account.xls,BiP_Llogaria_financiare,NA,35,"equity incl. reinvested earnings, liabilities",variant,2026-09,FALSE,FALSE,NA,FALSE,NA
fdi_equity_incl_re,2017,NA,11,monthly,6.7534846779321445,30 Financial account.xls,BiP_Llogaria_financiare,NA,35,"equity incl. reinvested earnings, liabilities",variant,2026-09,FALSE,FALSE,NA,FALSE,NA
fdi_equity_incl_re,2017,NA,12,monthly,16.98519588275507,30 Financial account.xls,BiP_Llogaria_financiare,NA,35,"equity incl. reinvested earnings, liabilities",variant,2026-09,FALSE,FALSE,NA,FALSE,NA
fdi_equity_incl_re,2018,NA,1,monthly,18.95550142986655,30 Financial account.xls,BiP_Llogaria_financiare,NA,35,"equity incl. reinvested earnings, liabilities",variant,2026-09,FALSE,FALSE,NA,FALSE,NA
fdi_equity_incl_re,2018,NA,2,monthly,14.77327780211241,30 Financial account.xls,BiP_Llogaria_financiare,NA,35,"equity incl. reinvested earnings, liabilities",variant,2026-09,FALSE,FALSE,NA,FALSE,NA
fdi_equity_incl_re,2018,NA,3,monthly,20.055722049460293,30 Financial account.xls,BiP_Llogaria_financiare,NA,35,"equity incl. reinvested earnings, liabilities",variant,2026-09,FALSE,FALSE,NA,FALSE,NA
fdi_equity_incl_re,2018,NA,4,monthly,18.51595996319053,30 Financial account.xls,BiP_Llogaria_financiare,NA,35,"equity incl. reinvested earnings, liabilities",variant,2026-09,FALSE,FALSE,NA,FALSE,NA
fdi_equity_incl_re,2018,NA,5,monthly,18.5598274444899,30 Financial account.xls,BiP_Llogaria_financiare,NA,35,"equity incl. reinvested earnings, liabilities",variant,2026-09,FALSE,FALSE,NA,FALSE,NA
fdi_equity_incl_re,2018,NA,6,monthly,5.278276216287835,30 Financial account.xls,BiP_Llogaria_financiare,NA,35,"equity incl. reinvested earnings, liabilities",variant,2026-09,FALSE,FALSE,NA,FALSE,NA
fdi_equity_incl_re,2018,NA,7,monthly,14.738791523953175,30 Financial account.xls,BiP_Llogaria_financiare,NA,35,"equity incl. reinvested earnings, liabilities",variant,2026-09,FALSE,FALSE,NA,FALSE,NA
fdi_equity_incl_re,2018,NA,8,monthly,46.81562744148685,30 Financial account.xls,BiP_Llogaria_financiare,NA,35,"equity incl. reinvested earnings, liabilities",variant,2026-09,FALSE,FALSE,NA,FALSE,NA
fdi_equity_incl_re,2018,NA,9,monthly,29.272989747310515,30 Financial account.xls,BiP_Llogaria_financiare,NA,35,"equity incl. reinvested earnings, liabilities",variant,2026-09,FALSE,FALSE,NA,FALSE,NA
fdi_equity_incl_re,2018,NA,10,monthly,30.450092745339894,30 Financial account.xls,BiP_Llogaria_financiare,NA,35,"equity incl. reinvested earnings, liabilities",variant,2026-09,FALSE,FALSE,NA,FALSE,NA
fdi_equity_incl_re,2018,NA,11,monthly,22.637133722079163,30 Financial account.xls,BiP_Llogaria_financiare,NA,35,"equity incl. reinvested earnings, liabilities",variant,2026-09,FALSE,FALSE,NA,FALSE,NA
fdi_equity_incl_re,2018,NA,12,monthly,23.228533689317484,30 Financial account.xls,BiP_Llogaria_financiare,NA,35,"equity incl. reinvested earnings, liabilities",variant,2026-09,FALSE,FALSE,NA,FALSE,NA
fdi_equity_incl_re,2019,NA,1,monthly,18.2916076290712,30 Financial account.xls,BiP_Llogaria_financiare,NA,35,"equity incl. reinvested earnings, liabilities",variant,2026-09,FALSE,FALSE,NA,FALSE,NA
fdi_equity_incl_re,2019,NA,2,monthly,13.775039569049772,30 Financial account.xls,BiP_Llogaria_financiare,NA,35,"equity incl. reinvested earnings, liabilities",variant,2026-09,FALSE,FALSE,NA,FALSE,NA
fdi_equity_incl_re,2019,NA,3,monthly,14.914208498595587,30 Financial account.xls,BiP_Llogaria_financiare,NA,35,"equity incl. reinvested earnings, liabilities",variant,2026-09,FALSE,FALSE,NA,FALSE,NA
fdi_equity_incl_re,2019,NA,4,monthly,-9.198886301022103,30 Financial account.xls,BiP_Llogaria_financiare,NA,35,"equity incl. reinvested earnings, liabilities",variant,2026-09,FALSE,FALSE,NA,FALSE,NA
fdi_equity_incl_re,2019,NA,5,monthly,28.6029472983543,30 Financial account.xls,BiP_Llogaria_financiare,NA,35,"equity incl. reinvested earnings, liabilities",variant,2026-09,FALSE,FALSE,NA,FALSE,NA
fdi_equity_incl_re,2019,NA,6,monthly,12.906244510251277,30 Financial account.xls,BiP_Llogaria_financiare,NA,35,"equity incl. reinvested earnings, liabilities",variant,2026-09,FALSE,FALSE,NA,FALSE,NA
fdi_equity_incl_re,2019,NA,7,monthly,41.12496885556424,30 Financial account.xls,BiP_Llogaria_financiare,NA,35,"equity incl. reinvested earnings, liabilities",variant,2026-09,FALSE,FALSE,NA,FALSE,NA
fdi_equity_incl_re,2019,NA,8,monthly,47.92932148097742,30 Financial account.xls,BiP_Llogaria_financiare,NA,35,"equity incl. reinvested earnings, liabilities",variant,2026-09,FALSE,FALSE,NA,FALSE,NA
fdi_equity_incl_re,2019,NA,9,monthly,18.70631162185805,30 Financial account.xls,BiP_Llogaria_financiare,NA,35,"equity incl. reinvested earnings, liabilities",variant,2026-09,FALSE,FALSE,NA,FALSE,NA
fdi_equity_incl_re,2019,NA,10,monthly,33.4454408813333,30 Financial account.xls,BiP_Llogaria_financiare,NA,35,"equity incl. reinvested earnings, liabilities",variant,2026-09,FALSE,FALSE,NA,FALSE,NA
fdi_equity_incl_re,2019,NA,11,monthly,23.400699145807245,30 Financial account.xls,BiP_Llogaria_financiare,NA,35,"equity incl. reinvested earnings, liabilities",variant,2026-09,FALSE,FALSE,NA,FALSE,NA
fdi_equity_incl_re,2019,NA,12,monthly,-5.713107375603176,30 Financial account.xls,BiP_Llogaria_financiare,NA,35,"equity incl. reinvested earnings, liabilities",variant,2026-09,FALSE,FALSE,NA,FALSE,NA
fdi_equity_incl_re,2020,NA,1,monthly,36.441360364912825,30 Financial account.xls,BiP_Llogaria_financiare,NA,35,"equity incl. reinvested earnings, liabilities",variant,2026-09,FALSE,FALSE,NA,FALSE,NA
fdi_equity_incl_re,2020,NA,2,monthly,23.85327605960291,30 Financial account.xls,BiP_Llogaria_financiare,NA,35,"equity incl. reinvested earnings, liabilities",variant,2026-09,FALSE,FALSE,NA,FALSE,NA
fdi_equity_incl_re,2020,NA,3,monthly,7.729027277149289,30 Financial account.xls,BiP_Llogaria_financiare,NA,35,"equity incl. reinvested earnings, liabilities",variant,2026-09,FALSE,FALSE,NA,FALSE,NA
fdi_equity_incl_re,2020,NA,4,monthly,11.136010972708377,30 Financial account.xls,BiP_Llogaria_financiare,NA,35,"equity incl. reinvested earnings, liabilities",variant,2026-09,FALSE,FALSE,NA,FALSE,NA
fdi_equity_incl_re,2020,NA,5,monthly,9.3601976131885,30 Financial account.xls,BiP_Llogaria_financiare,NA,35,"equity incl. reinvested earnings, liabilities",variant,2026-09,FALSE,FALSE,NA,FALSE,NA
fdi_equity_incl_re,2020,NA,6,monthly,51.76345657105952,30 Financial account.xls,BiP_Llogaria_financiare,NA,35,"equity incl. reinvested earnings, liabilities",variant,2026-09,FALSE,FALSE,NA,FALSE,NA
fdi_equity_incl_re,2020,NA,7,monthly,25.375878237152286,30 Financial account.xls,BiP_Llogaria_financiare,NA,35,"equity incl. reinvested earnings, liabilities",variant,2026-09,FALSE,FALSE,NA,FALSE,NA
fdi_equity_incl_re,2020,NA,8,monthly,26.42129516042093,30 Financial account.xls,BiP_Llogaria_financiare,NA,35,"equity incl. reinvested earnings, liabilities",variant,2026-09,FALSE,FALSE,NA,FALSE,NA
fdi_equity_incl_re,2020,NA,9,monthly,25.256155419726383,30 Financial account.xls,BiP_Llogaria_financiare,NA,35,"equity incl. reinvested earnings, liabilities",variant,2026-09,FALSE,FALSE,NA,FALSE,NA
fdi_equity_incl_re,2020,NA,10,monthly,22.2618484982823,30 Financial account.xls,BiP_Llogaria_financiare,NA,35,"equity incl. reinvested earnings, liabilities",variant,2026-09,FALSE,FALSE,NA,FALSE,NA
fdi_equity_incl_re,2020,NA,11,monthly,46.11489952882256,30 Financial account.xls,BiP_Llogaria_financiare,NA,35,"equity incl. reinvested earnings, liabilities",variant,2026-09,FALSE,FALSE,NA,FALSE,NA
fdi_equity_incl_re,2020,NA,12,monthly,36.29138907651848,30 Financial account.xls,BiP_Llogaria_financiare,NA,35,"equity incl. reinvested earnings, liabilities",variant,2026-09,FALSE,FALSE,NA,FALSE,NA
fdi_equity_incl_re,2021,NA,1,monthly,32.61479462398417,30 Financial account.xls,BiP_Llogaria_financiare,NA,35,"equity incl. reinvested earnings, liabilities",variant,2026-09,FALSE,FALSE,NA,FALSE,NA
fdi_equity_incl_re,2021,NA,2,monthly,26.367672262409375,30 Financial account.xls,BiP_Llogaria_financiare,NA,35,"equity incl. reinvested earnings, liabilities",variant,2026-09,FALSE,FALSE,NA,FALSE,NA
fdi_equity_incl_re,2021,NA,3,monthly,34.983703715522495,30 Financial account.xls,BiP_Llogaria_financiare,NA,35,"equity incl. reinvested earnings, liabilities",variant,2026-09,FALSE,FALSE,NA,FALSE,NA
fdi_equity_incl_re,2021,NA,4,monthly,32.26671717928429,30 Financial account.xls,BiP_Llogaria_financiare,NA,35,"equity incl. reinvested earnings, liabilities",variant,2026-09,FALSE,FALSE,NA,FALSE,NA
fdi_equity_incl_re,2021,NA,5,monthly,37.39935886119102,30 Financial account.xls,BiP_Llogaria_financiare,NA,35,"equity incl. reinvested earnings, liabilities",variant,2026-09,FALSE,FALSE,NA,FALSE,NA
fdi_equity_incl_re,2021,NA,6,monthly,36.033669156776696,30 Financial account.xls,BiP_Llogaria_financiare,NA,35,"equity incl. reinvested earnings, liabilities",variant,2026-09,FALSE,FALSE,NA,FALSE,NA
fdi_equity_incl_re,2021,NA,7,monthly,44.99898964043133,30 Financial account.xls,BiP_Llogaria_financiare,NA,35,"equity incl. reinvested earnings, liabilities",variant,2026-09,FALSE,FALSE,NA,FALSE,NA
fdi_equity_incl_re,2021,NA,8,monthly,56.28633376007861,30 Financial account.xls,BiP_Llogaria_financiare,NA,35,"equity incl. reinvested earnings, liabilities",variant,2026-09,FALSE,FALSE,NA,FALSE,NA
fdi_equity_incl_re,2021,NA,9,monthly,66.93404601502442,30 Financial account.xls,BiP_Llogaria_financiare,NA,35,"equity incl. reinvested earnings, liabilities",variant,2026-09,FALSE,FALSE,NA,FALSE,NA
fdi_equity_incl_re,2021,NA,10,monthly,42.04187938790965,30 Financial account.xls,BiP_Llogaria_financiare,NA,35,"equity incl. reinvested earnings, liabilities",variant,2026-09,FALSE,FALSE,NA,FALSE,NA
fdi_equity_incl_re,2021,NA,11,monthly,41.1140085573297,30 Financial account.xls,BiP_Llogaria_financiare,NA,35,"equity incl. reinvested earnings, liabilities",variant,2026-09,FALSE,FALSE,NA,FALSE,NA
fdi_equity_incl_re,2021,NA,12,monthly,-61.152475902012725,30 Financial account.xls,BiP_Llogaria_financiare,NA,35,"equity incl. reinvested earnings, liabilities",variant,2026-09,FALSE,FALSE,NA,FALSE,NA
fdi_equity_incl_re,2022,NA,1,monthly,39.04906968144152,30 Financial account.xls,BiP_Llogaria_financiare,NA,35,"equity incl. reinvested earnings, liabilities",variant,2026-09,FALSE,FALSE,NA,FALSE,NA
fdi_equity_incl_re,2022,NA,2,monthly,16.09640276906467,30 Financial account.xls,BiP_Llogaria_financiare,NA,35,"equity incl. reinvested earnings, liabilities",variant,2026-09,FALSE,FALSE,NA,FALSE,NA
fdi_equity_incl_re,2022,NA,3,monthly,36.964083002429135,30 Financial account.xls,BiP_Llogaria_financiare,NA,35,"equity incl. reinvested earnings, liabilities",variant,2026-09,FALSE,FALSE,NA,FALSE,NA
fdi_equity_incl_re,2022,NA,4,monthly,60.96397890524679,30 Financial account.xls,BiP_Llogaria_financiare,NA,35,"equity incl. reinvested earnings, liabilities",variant,2026-09,FALSE,FALSE,NA,FALSE,NA
fdi_equity_incl_re,2022,NA,5,monthly,58.04304069051567,30 Financial account.xls,BiP_Llogaria_financiare,NA,35,"equity incl. reinvested earnings, liabilities",variant,2026-09,FALSE,FALSE,NA,FALSE,NA
fdi_equity_incl_re,2022,NA,6,monthly,50.2755474499745,30 Financial account.xls,BiP_Llogaria_financiare,NA,35,"equity incl. reinvested earnings, liabilities",variant,2026-09,FALSE,FALSE,NA,FALSE,NA
fdi_equity_incl_re,2022,NA,7,monthly,85.70438066937523,30 Financial account.xls,BiP_Llogaria_financiare,NA,35,"equity incl. reinvested earnings, liabilities",variant,2026-09,FALSE,FALSE,NA,FALSE,NA
fdi_equity_incl_re,2022,NA,8,monthly,80.6965076903946,30 Financial account.xls,BiP_Llogaria_financiare,NA,35,"equity incl. reinvested earnings, liabilities",variant,2026-09,FALSE,FALSE,NA,FALSE,NA
fdi_equity_incl_re,2022,NA,9,monthly,85.41108161379603,30 Financial account.xls,BiP_Llogaria_financiare,NA,35,"equity incl. reinvested earnings, liabilities",variant,2026-09,FALSE,FALSE,NA,FALSE,NA
fdi_equity_incl_re,2022,NA,10,monthly,18.065186490977148,30 Financial account.xls,BiP_Llogaria_financiare,NA,35,"equity incl. reinvested earnings, liabilities",variant,2026-09,FALSE,FALSE,NA,FALSE,NA
fdi_equity_incl_re,2022,NA,11,monthly,25.252893491468832,30 Financial account.xls,BiP_Llogaria_financiare,NA,35,"equity incl. reinvested earnings, liabilities",variant,2026-09,FALSE,FALSE,NA,FALSE,NA
fdi_equity_incl_re,2022,NA,12,monthly,62.84387393741725,30 Financial account.xls,BiP_Llogaria_financiare,NA,35,"equity incl. reinvested earnings, liabilities",variant,2026-09,FALSE,FALSE,NA,FALSE,NA
fdi_equity_incl_re,2023,NA,1,monthly,60.92542658109312,30 Financial account.xls,BiP_Llogaria_financiare,NA,35,"equity incl. reinvested earnings, liabilities",variant,2026-09,FALSE,FALSE,NA,FALSE,NA
fdi_equity_incl_re,2023,NA,2,monthly,51.138380780234655,30 Financial account.xls,BiP_Llogaria_financiare,NA,35,"equity incl. reinvested earnings, liabilities",variant,2026-09,FALSE,FALSE,NA,FALSE,NA
fdi_equity_incl_re,2023,NA,3,monthly,54.58110393917921,30 Financial account.xls,BiP_Llogaria_financiare,NA,35,"equity incl. reinvested earnings, liabilities",variant,2026-09,FALSE,FALSE,NA,FALSE,NA
fdi_equity_incl_re,2023,NA,4,monthly,52.33932071367347,30 Financial account.xls,BiP_Llogaria_financiare,NA,35,"equity incl. reinvested earnings, liabilities",variant,2026-09,FALSE,FALSE,NA,FALSE,NA
fdi_equity_incl_re,2023,NA,5,monthly,50.93726613455665,30 Financial account.xls,BiP_Llogaria_financiare,NA,35,"equity incl. reinvested earnings, liabilities",variant,2026-09,FALSE,FALSE,NA,FALSE,NA
fdi_equity_incl_re,2023,NA,6,monthly,55.64170164013997,30 Financial account.xls,BiP_Llogaria_financiare,NA,35,"equity incl. reinvested earnings, liabilities",variant,2026-09,FALSE,FALSE,NA,FALSE,NA
fdi_equity_incl_re,2023,NA,7,monthly,66.79626551241391,30 Financial account.xls,BiP_Llogaria_financiare,NA,35,"equity incl. reinvested earnings, liabilities",variant,2026-09,FALSE,FALSE,NA,FALSE,NA
fdi_equity_incl_re,2023,NA,8,monthly,69.6119179932355,30 Financial account.xls,BiP_Llogaria_financiare,NA,35,"equity incl. reinvested earnings, liabilities",variant,2026-09,FALSE,FALSE,NA,FALSE,NA
fdi_equity_incl_re,2023,NA,9,monthly,75.85159858342784,30 Financial account.xls,BiP_Llogaria_financiare,NA,35,"equity incl. reinvested earnings, liabilities",variant,2026-09,FALSE,FALSE,NA,FALSE,NA
fdi_equity_incl_re,2023,NA,10,monthly,60.18664851939697,30 Financial account.xls,BiP_Llogaria_financiare,NA,35,"equity incl. reinvested earnings, liabilities",variant,2026-09,FALSE,FALSE,NA,FALSE,NA
fdi_equity_incl_re,2023,NA,11,monthly,40.913067296852574,30 Financial account.xls,BiP_Llogaria_financiare,NA,35,"equity incl. reinvested earnings, liabilities",variant,2026-09,FALSE,FALSE,NA,FALSE,NA
fdi_equity_incl_re,2023,NA,12,monthly,56.49536636840103,30 Financial account.xls,BiP_Llogaria_financiare,NA,35,"equity incl. reinvested earnings, liabilities",variant,2026-09,FALSE,FALSE,NA,FALSE,NA
fdi_equity_incl_re,2024,NA,1,monthly,62.679689174560835,30 Financial account.xls,BiP_Llogaria_financiare,NA,35,"equity incl. reinvested earnings, liabilities",variant,2026-09,FALSE,FALSE,NA,FALSE,NA
fdi_equity_incl_re,2024,NA,2,monthly,57.39982175845819,30 Financial account.xls,BiP_Llogaria_financiare,NA,35,"equity incl. reinvested earnings, liabilities",variant,2026-09,FALSE,FALSE,NA,FALSE,NA
fdi_equity_incl_re,2024,NA,3,monthly,35.06118497244154,30 Financial account.xls,BiP_Llogaria_financiare,NA,35,"equity incl. reinvested earnings, liabilities",variant,2026-09,FALSE,FALSE,NA,FALSE,NA
fdi_equity_incl_re,2024,NA,4,monthly,36.1340072041127,30 Financial account.xls,BiP_Llogaria_financiare,NA,35,"equity incl. reinvested earnings, liabilities",variant,2026-09,FALSE,FALSE,NA,FALSE,NA
fdi_equity_incl_re,2024,NA,5,monthly,61.41135930696879,30 Financial account.xls,BiP_Llogaria_financiare,NA,35,"equity incl. reinvested earnings, liabilities",variant,2026-09,FALSE,FALSE,NA,FALSE,NA
fdi_equity_incl_re,2024,NA,6,monthly,61.85064295342937,30 Financial account.xls,BiP_Llogaria_financiare,NA,35,"equity incl. reinvested earnings, liabilities",variant,2026-09,FALSE,FALSE,NA,FALSE,NA
fdi_equity_incl_re,2024,NA,7,monthly,83.15098826072045,30 Financial account.xls,BiP_Llogaria_financiare,NA,35,"equity incl. reinvested earnings, liabilities",variant,2026-09,FALSE,FALSE,NA,FALSE,NA
fdi_equity_incl_re,2024,NA,8,monthly,87.81353365873252,30 Financial account.xls,BiP_Llogaria_financiare,NA,35,"equity incl. reinvested earnings, liabilities",variant,2026-09,FALSE,FALSE,NA,FALSE,NA
fdi_equity_incl_re,2024,NA,9,monthly,73.18674383192123,30 Financial account.xls,BiP_Llogaria_financiare,NA,35,"equity incl. reinvested earnings, liabilities",variant,2026-09,FALSE,FALSE,NA,FALSE,NA
fdi_equity_incl_re,2024,NA,10,monthly,65.91659707045304,30 Financial account.xls,BiP_Llogaria_financiare,NA,35,"equity incl. reinvested earnings, liabilities",variant,2026-09,FALSE,FALSE,NA,FALSE,NA
fdi_equity_incl_re,2024,NA,11,monthly,66.9019699851181,30 Financial account.xls,BiP_Llogaria_financiare,NA,35,"equity incl. reinvested earnings, liabilities",variant,2026-09,FALSE,FALSE,NA,FALSE,NA
fdi_equity_incl_re,2024,NA,12,monthly,76.9138187816683,30 Financial account.xls,BiP_Llogaria_financiare,NA,35,"equity incl. reinvested earnings, liabilities",variant,2026-09,FALSE,FALSE,NA,FALSE,NA
fdi_equity_incl_re,2025,NA,1,monthly,74.39139453462883,30 Financial account.xls,BiP_Llogaria_financiare,NA,35,"equity incl. reinvested earnings, liabilities",variant,2026-09,FALSE,FALSE,NA,FALSE,NA
fdi_equity_incl_re,2025,NA,2,monthly,56.92343953837911,30 Financial account.xls,BiP_Llogaria_financiare,NA,35,"equity incl. reinvested earnings, liabilities",variant,2026-09,FALSE,FALSE,NA,FALSE,NA
fdi_equity_incl_re,2025,NA,3,monthly,56.40193711127608,30 Financial account.xls,BiP_Llogaria_financiare,NA,35,"equity incl. reinvested earnings, liabilities",variant,2026-09,FALSE,FALSE,NA,FALSE,NA
fdi_equity_incl_re,2025,NA,4,monthly,71.39561492279736,30 Financial account.xls,BiP_Llogaria_financiare,NA,35,"equity incl. reinvested earnings, liabilities",variant,2026-09,FALSE,FALSE,NA,FALSE,NA
fdi_equity_incl_re,2025,NA,5,monthly,92.86660702953816,30 Financial account.xls,BiP_Llogaria_financiare,NA,35,"equity incl. reinvested earnings, liabilities",variant,2026-09,FALSE,FALSE,NA,FALSE,NA
fdi_equity_incl_re,2025,NA,6,monthly,82.21370818678979,30 Financial account.xls,BiP_Llogaria_financiare,NA,35,"equity incl. reinvested earnings, liabilities",variant,2026-09,FALSE,FALSE,NA,FALSE,NA
fdi_equity_incl_re,2025,NA,7,monthly,99.73842510746249,30 Financial account.xls,BiP_Llogaria_financiare,NA,35,"equity incl. reinvested earnings, liabilities",variant,2026-09,FALSE,FALSE,NA,FALSE,NA
fdi_equity_incl_re,2025,NA,8,monthly,78.97298098671104,30 Financial account.xls,BiP_Llogaria_financiare,NA,35,"equity incl. reinvested earnings, liabilities",variant,2026-09,FALSE,FALSE,NA,FALSE,NA
fdi_equity_incl_re,2025,NA,9,monthly,104.04713489719019,30 Financial account.xls,BiP_Llogaria_financiare,NA,35,"equity incl. reinvested earnings, liabilities",variant,2026-09,FALSE,FALSE,NA,FALSE,NA
fdi_equity_incl_re,2025,NA,10,monthly,96.03957426133027,30 Financial account.xls,BiP_Llogaria_financiare,NA,35,"equity incl. reinvested earnings, liabilities",variant,2026-09,FALSE,FALSE,NA,FALSE,NA
fdi_equity_incl_re,2025,NA,11,monthly,84.3963157523761,30 Financial account.xls,BiP_Llogaria_financiare,NA,35,"equity incl. reinvested earnings, liabilities",variant,2026-09,FALSE,FALSE,NA,FALSE,NA
fdi_equity_incl_re,2025,NA,12,monthly,120.06847672466496,30 Financial account.xls,BiP_Llogaria_financiare,NA,35,"equity incl. reinvested earnings, liabilities",variant,2026-09,FALSE,FALSE,NA,FALSE,NA
fdi_equity_incl_re,2026,NA,1,monthly,57.961737221658275,30 Financial account.xls,BiP_Llogaria_financiare,NA,35,"equity incl. reinvested earnings, liabilities",variant,2026-09,FALSE,FALSE,NA,FALSE,NA
fdi_equity_incl_re,2026,NA,2,monthly,58.238918079286094,30 Financial account.xls,BiP_Llogaria_financiare,NA,35,"equity incl. reinvested earnings, liabilities",variant,2026-09,FALSE,FALSE,NA,FALSE,NA
fdi_equity_incl_re,2026,NA,3,monthly,69.62254404119793,30 Financial account.xls,BiP_Llogaria_financiare,NA,35,"equity incl. reinvested earnings, liabilities",variant,2026-09,FALSE,FALSE,NA,FALSE,NA
fdi_equity_incl_re,2026,NA,4,monthly,56.284875685709004,30 Financial account.xls,BiP_Llogaria_financiare,NA,35,"equity incl. reinvested earnings, liabilities",variant,2026-09,FALSE,FALSE,NA,FALSE,NA
fdi_equity_incl_re,2026,NA,5,monthly,63.54586848895126,30 Financial account.xls,BiP_Llogaria_financiare,NA,35,"equity incl. reinvested earnings, liabilities",variant,2026-09,FALSE,FALSE,NA,FALSE,NA
fdi_equity_incl_re,2026,NA,6,monthly,81.62002923532908,30 Financial account.xls,BiP_Llogaria_financiare,NA,35,"equity incl. reinvested earnings, liabilities",variant,2026-09,FALSE,FALSE,NA,FALSE,NA
errors_omissions,2009,1,NA,quarterly,70.89395462572148,26 Balance of payments - main components.xls,BOP,NA,14,net,baseline,2026-09,FALSE,FALSE,NA,TRUE,"Quarterly year total exceeds the annual figure by 0.392 EUR million. No monthly series before 2014, so it cannot be localised to a quarter. Isolated to errors and omissions; all other components reconcile exactly in this year. Nearly offset by the opposite deviation in 2010."
errors_omissions,2009,2,NA,quarterly,1.2772027393952214,26 Balance of payments - main components.xls,BOP,NA,14,net,baseline,2026-09,FALSE,FALSE,NA,TRUE,"Quarterly year total exceeds the annual figure by 0.392 EUR million. No monthly series before 2014, so it cannot be localised to a quarter. Isolated to errors and omissions; all other components reconcile exactly in this year. Nearly offset by the opposite deviation in 2010."
errors_omissions,2009,3,NA,quarterly,145.66489163326696,26 Balance of payments - main components.xls,BOP,NA,14,net,baseline,2026-09,FALSE,FALSE,NA,TRUE,"Quarterly year total exceeds the annual figure by 0.392 EUR million. No monthly series before 2014, so it cannot be localised to a quarter. Isolated to errors and omissions; all other components reconcile exactly in this year. Nearly offset by the opposite deviation in 2010."
errors_omissions,2009,4,NA,quarterly,-53.04251253644655,26 Balance of payments - main components.xls,BOP,NA,14,net,baseline,2026-09,FALSE,FALSE,NA,TRUE,"Quarterly year total exceeds the annual figure by 0.392 EUR million. No monthly series before 2014, so it cannot be localised to a quarter. Isolated to errors and omissions; all other components reconcile exactly in this year. Nearly offset by the opposite deviation in 2010."
errors_omissions,2010,1,NA,quarterly,43.297562558329865,26 Balance of payments - main components.xls,BOP,NA,14,net,baseline,2026-09,FALSE,FALSE,NA,TRUE,"Quarterly year total falls short of the annual figure by 0.423 EUR million. No monthly series before 2014, so it cannot be localised to a quarter. Isolated to errors and omissions; all other components reconcile exactly in this year. Nearly offset by the opposite deviation in 2009."
errors_omissions,2010,2,NA,quarterly,-8.525876320295822,26 Balance of payments - main components.xls,BOP,NA,14,net,baseline,2026-09,FALSE,FALSE,NA,TRUE,"Quarterly year total falls short of the annual figure by 0.423 EUR million. No monthly series before 2014, so it cannot be localised to a quarter. Isolated to errors and omissions; all other components reconcile exactly in this year. Nearly offset by the opposite deviation in 2009."
errors_omissions,2010,3,NA,quarterly,163.881348690486,26 Balance of payments - main components.xls,BOP,NA,14,net,baseline,2026-09,FALSE,FALSE,NA,TRUE,"Quarterly year total falls short of the annual figure by 0.423 EUR million. No monthly series before 2014, so it cannot be localised to a quarter. Isolated to errors and omissions; all other components reconcile exactly in this year. Nearly offset by the opposite deviation in 2009."
errors_omissions,2010,4,NA,quarterly,-1.4935216562304277,26 Balance of payments - main components.xls,BOP,NA,14,net,baseline,2026-09,FALSE,FALSE,NA,TRUE,"Quarterly year total falls short of the annual figure by 0.423 EUR million. No monthly series before 2014, so it cannot be localised to a quarter. Isolated to errors and omissions; all other components reconcile exactly in this year. Nearly offset by the opposite deviation in 2009."
errors_omissions,2011,1,NA,quarterly,59.08003280610699,26 Balance of payments - main components.xls,BOP,NA,14,net,baseline,2026-09,FALSE,FALSE,NA,FALSE,NA
errors_omissions,2011,2,NA,quarterly,-26.22140859018134,26 Balance of payments - main components.xls,BOP,NA,14,net,baseline,2026-09,FALSE,FALSE,NA,FALSE,NA
errors_omissions,2011,3,NA,quarterly,56.839234995016355,26 Balance of payments - main components.xls,BOP,NA,14,net,baseline,2026-09,FALSE,FALSE,NA,FALSE,NA
errors_omissions,2011,4,NA,quarterly,102.11798186472143,26 Balance of payments - main components.xls,BOP,NA,14,net,baseline,2026-09,FALSE,FALSE,NA,FALSE,NA
errors_omissions,2012,1,NA,quarterly,1.3336798464279696,26 Balance of payments - main components.xls,BOP,NA,14,net,baseline,2026-09,FALSE,FALSE,NA,FALSE,NA
errors_omissions,2012,2,NA,quarterly,47.38022974274706,26 Balance of payments - main components.xls,BOP,NA,14,net,baseline,2026-09,FALSE,FALSE,NA,FALSE,NA
errors_omissions,2012,3,NA,quarterly,-53.01916629637433,26 Balance of payments - main components.xls,BOP,NA,14,net,baseline,2026-09,FALSE,FALSE,NA,FALSE,NA
errors_omissions,2012,4,NA,quarterly,52.082225588035314,26 Balance of payments - main components.xls,BOP,NA,14,net,baseline,2026-09,FALSE,FALSE,NA,FALSE,NA
errors_omissions,2013,1,NA,quarterly,-7.97068060709659,26 Balance of payments - main components.xls,BOP,NA,14,net,baseline,2026-09,FALSE,FALSE,NA,FALSE,NA
errors_omissions,2013,2,NA,quarterly,-29.000014155988666,26 Balance of payments - main components.xls,BOP,NA,14,net,baseline,2026-09,FALSE,FALSE,NA,FALSE,NA
errors_omissions,2013,3,NA,quarterly,-42.625834553256134,26 Balance of payments - main components.xls,BOP,NA,14,net,baseline,2026-09,FALSE,FALSE,NA,FALSE,NA
errors_omissions,2013,4,NA,quarterly,91.6961958396289,26 Balance of payments - main components.xls,BOP,NA,14,net,baseline,2026-09,FALSE,FALSE,NA,FALSE,NA
errors_omissions,2014,1,NA,quarterly,71.25093460822114,26 Balance of payments - main components.xls,BOP,NA,14,net,baseline,2026-09,FALSE,FALSE,NA,FALSE,NA
errors_omissions,2014,2,NA,quarterly,64.83401421520512,26 Balance of payments - main components.xls,BOP,NA,14,net,baseline,2026-09,FALSE,FALSE,NA,FALSE,NA
errors_omissions,2014,3,NA,quarterly,-33.94007267731722,26 Balance of payments - main components.xls,BOP,NA,14,net,baseline,2026-09,FALSE,FALSE,NA,FALSE,NA
errors_omissions,2014,4,NA,quarterly,116.25485523801306,26 Balance of payments - main components.xls,BOP,NA,14,net,baseline,2026-09,FALSE,FALSE,NA,FALSE,NA
errors_omissions,2015,1,NA,quarterly,88.29156441753386,26 Balance of payments - main components.xls,BOP,NA,14,net,baseline,2026-09,FALSE,FALSE,NA,FALSE,NA
errors_omissions,2015,2,NA,quarterly,47.32599602151551,26 Balance of payments - main components.xls,BOP,NA,14,net,baseline,2026-09,FALSE,FALSE,NA,FALSE,NA
errors_omissions,2015,3,NA,quarterly,-125.16424898728782,26 Balance of payments - main components.xls,BOP,NA,14,net,baseline,2026-09,FALSE,FALSE,NA,FALSE,NA
errors_omissions,2015,4,NA,quarterly,148.61050014135265,26 Balance of payments - main components.xls,BOP,NA,14,net,baseline,2026-09,FALSE,FALSE,NA,FALSE,NA
errors_omissions,2016,1,NA,quarterly,107.86077705300545,26 Balance of payments - main components.xls,BOP,NA,14,net,baseline,2026-09,FALSE,FALSE,NA,FALSE,NA
errors_omissions,2016,2,NA,quarterly,121.47542667419052,26 Balance of payments - main components.xls,BOP,NA,14,net,baseline,2026-09,FALSE,FALSE,NA,FALSE,NA
errors_omissions,2016,3,NA,quarterly,-62.3837544455566,26 Balance of payments - main components.xls,BOP,NA,14,net,baseline,2026-09,FALSE,FALSE,NA,FALSE,NA
errors_omissions,2016,4,NA,quarterly,101.17771797346578,26 Balance of payments - main components.xls,BOP,NA,14,net,baseline,2026-09,FALSE,FALSE,NA,FALSE,NA
errors_omissions,2017,1,NA,quarterly,77.51203759815752,26 Balance of payments - main components.xls,BOP,NA,14,net,baseline,2026-09,FALSE,FALSE,NA,FALSE,NA
errors_omissions,2017,2,NA,quarterly,32.29069610724965,26 Balance of payments - main components.xls,BOP,NA,14,net,baseline,2026-09,FALSE,FALSE,NA,FALSE,NA
errors_omissions,2017,3,NA,quarterly,-67.21138714716984,26 Balance of payments - main components.xls,BOP,NA,14,net,baseline,2026-09,FALSE,FALSE,NA,FALSE,NA
errors_omissions,2017,4,NA,quarterly,46.860810233221756,26 Balance of payments - main components.xls,BOP,NA,14,net,baseline,2026-09,FALSE,FALSE,NA,FALSE,NA
errors_omissions,2018,1,NA,quarterly,82.27992818168582,26 Balance of payments - main components.xls,BOP,NA,14,net,baseline,2026-09,FALSE,FALSE,NA,FALSE,NA
errors_omissions,2018,2,NA,quarterly,64.60466325517623,26 Balance of payments - main components.xls,BOP,NA,14,net,baseline,2026-09,FALSE,FALSE,NA,FALSE,NA
errors_omissions,2018,3,NA,quarterly,-17.31823352222372,26 Balance of payments - main components.xls,BOP,NA,14,net,baseline,2026-09,FALSE,FALSE,NA,FALSE,NA
errors_omissions,2018,4,NA,quarterly,63.45511414003968,26 Balance of payments - main components.xls,BOP,NA,14,net,baseline,2026-09,FALSE,FALSE,NA,FALSE,NA
errors_omissions,2019,1,NA,quarterly,61.672161166804486,26 Balance of payments - main components.xls,BOP,NA,14,net,baseline,2026-09,FALSE,FALSE,NA,FALSE,NA
errors_omissions,2019,2,NA,quarterly,85.57849082779578,26 Balance of payments - main components.xls,BOP,NA,14,net,baseline,2026-09,FALSE,FALSE,NA,FALSE,NA
errors_omissions,2019,3,NA,quarterly,-37.66731894668509,26 Balance of payments - main components.xls,BOP,NA,14,net,baseline,2026-09,FALSE,FALSE,NA,FALSE,NA
errors_omissions,2019,4,NA,quarterly,137.6628083360717,26 Balance of payments - main components.xls,BOP,NA,14,net,baseline,2026-09,FALSE,FALSE,NA,FALSE,NA
errors_omissions,2020,1,NA,quarterly,-46.44807593667849,26 Balance of payments - main components.xls,BOP,NA,14,net,baseline,2026-09,FALSE,FALSE,NA,FALSE,NA
errors_omissions,2020,2,NA,quarterly,-87.80393996194456,26 Balance of payments - main components.xls,BOP,NA,14,net,baseline,2026-09,FALSE,FALSE,NA,FALSE,NA
errors_omissions,2020,3,NA,quarterly,65.55724920552974,26 Balance of payments - main components.xls,BOP,NA,14,net,baseline,2026-09,FALSE,FALSE,NA,FALSE,NA
errors_omissions,2020,4,NA,quarterly,-38.63848363600993,26 Balance of payments - main components.xls,BOP,NA,14,net,baseline,2026-09,FALSE,FALSE,NA,FALSE,NA
errors_omissions,2021,1,NA,quarterly,58.494960609233345,26 Balance of payments - main components.xls,BOP,NA,14,net,baseline,2026-09,FALSE,FALSE,NA,FALSE,NA
errors_omissions,2021,2,NA,quarterly,154.35589973779418,26 Balance of payments - main components.xls,BOP,NA,14,net,baseline,2026-09,FALSE,FALSE,NA,FALSE,NA
errors_omissions,2021,3,NA,quarterly,8.393031203085151,26 Balance of payments - main components.xls,BOP,NA,14,net,baseline,2026-09,FALSE,FALSE,NA,FALSE,NA
errors_omissions,2021,4,NA,quarterly,46.301754164830385,26 Balance of payments - main components.xls,BOP,NA,14,net,baseline,2026-09,FALSE,FALSE,NA,FALSE,NA
errors_omissions,2022,1,NA,quarterly,8.673535881206902,26 Balance of payments - main components.xls,BOP,NA,14,net,baseline,2026-09,FALSE,FALSE,NA,FALSE,NA
errors_omissions,2022,2,NA,quarterly,117.68965880041101,26 Balance of payments - main components.xls,BOP,NA,14,net,baseline,2026-09,FALSE,FALSE,NA,FALSE,NA
errors_omissions,2022,3,NA,quarterly,-57.295687560707,26 Balance of payments - main components.xls,BOP,NA,14,net,baseline,2026-09,FALSE,FALSE,NA,FALSE,NA
errors_omissions,2022,4,NA,quarterly,51.237594817952,26 Balance of payments - main components.xls,BOP,NA,14,net,baseline,2026-09,FALSE,FALSE,NA,FALSE,NA
errors_omissions,2023,1,NA,quarterly,77.53767141729169,26 Balance of payments - main components.xls,BOP,NA,14,net,baseline,2026-09,FALSE,FALSE,NA,FALSE,NA
errors_omissions,2023,2,NA,quarterly,142.75505878222796,26 Balance of payments - main components.xls,BOP,NA,14,net,baseline,2026-09,FALSE,FALSE,NA,FALSE,NA
errors_omissions,2023,3,NA,quarterly,-111.13445399328357,26 Balance of payments - main components.xls,BOP,NA,14,net,baseline,2026-09,FALSE,FALSE,NA,FALSE,NA
errors_omissions,2023,4,NA,quarterly,111.43970675877654,26 Balance of payments - main components.xls,BOP,NA,14,net,baseline,2026-09,FALSE,FALSE,NA,FALSE,NA
errors_omissions,2024,1,NA,quarterly,71.56005523636337,26 Balance of payments - main components.xls,BOP,NA,14,net,baseline,2026-09,FALSE,FALSE,NA,FALSE,NA
errors_omissions,2024,2,NA,quarterly,129.8742383931829,26 Balance of payments - main components.xls,BOP,NA,14,net,baseline,2026-09,FALSE,FALSE,NA,FALSE,NA
errors_omissions,2024,3,NA,quarterly,-64.71817767282661,26 Balance of payments - main components.xls,BOP,NA,14,net,baseline,2026-09,FALSE,FALSE,NA,FALSE,NA
errors_omissions,2024,4,NA,quarterly,107.59988754310791,26 Balance of payments - main components.xls,BOP,NA,14,net,baseline,2026-09,FALSE,FALSE,NA,FALSE,NA
errors_omissions,2025,1,NA,quarterly,19.624489679607734,26 Balance of payments - main components.xls,BOP,NA,14,net,baseline,2026-09,FALSE,FALSE,NA,FALSE,NA
errors_omissions,2025,2,NA,quarterly,114.42954359866188,26 Balance of payments - main components.xls,BOP,NA,14,net,baseline,2026-09,FALSE,FALSE,NA,FALSE,NA
errors_omissions,2025,3,NA,quarterly,6.861676837885426,26 Balance of payments - main components.xls,BOP,NA,14,net,baseline,2026-09,FALSE,FALSE,NA,FALSE,NA
errors_omissions,2025,4,NA,quarterly,82.73976114648663,26 Balance of payments - main components.xls,BOP,NA,14,net,baseline,2026-09,FALSE,FALSE,NA,FALSE,NA
errors_omissions,2026,1,NA,quarterly,23.992615172862173,26 Balance of payments - main components.xls,BOP,NA,14,net,baseline,2026-09,FALSE,FALSE,NA,FALSE,NA
errors_omissions,2026,2,NA,quarterly,138.021824002689,26 Balance of payments - main components.xls,BOP,NA,14,net,baseline,2026-09,FALSE,FALSE,NA,FALSE,NA
errors_omissions,2014,NA,1,monthly,51.32534548995466,26 Balance of payments - main components.xls,BOP,NA,14,net,baseline,2026-09,FALSE,FALSE,NA,FALSE,NA
errors_omissions,2014,NA,2,monthly,5.453152340268382,26 Balance of payments - main components.xls,BOP,NA,14,net,baseline,2026-09,FALSE,FALSE,NA,FALSE,NA
errors_omissions,2014,NA,3,monthly,14.472436777998102,26 Balance of payments - main components.xls,BOP,NA,14,net,baseline,2026-09,FALSE,FALSE,NA,FALSE,NA
errors_omissions,2014,NA,4,monthly,13.724333518877408,26 Balance of payments - main components.xls,BOP,NA,14,net,baseline,2026-09,FALSE,FALSE,NA,FALSE,NA
errors_omissions,2014,NA,5,monthly,30.043357459183355,26 Balance of payments - main components.xls,BOP,NA,14,net,baseline,2026-09,FALSE,FALSE,NA,FALSE,NA
errors_omissions,2014,NA,6,monthly,21.06632323714436,26 Balance of payments - main components.xls,BOP,NA,14,net,baseline,2026-09,FALSE,FALSE,NA,FALSE,NA
errors_omissions,2014,NA,7,monthly,-39.41191423445788,26 Balance of payments - main components.xls,BOP,NA,14,net,baseline,2026-09,FALSE,FALSE,NA,FALSE,NA
errors_omissions,2014,NA,8,monthly,-38.853871112261004,26 Balance of payments - main components.xls,BOP,NA,14,net,baseline,2026-09,FALSE,FALSE,NA,FALSE,NA
errors_omissions,2014,NA,9,monthly,44.32571266940167,26 Balance of payments - main components.xls,BOP,NA,14,net,baseline,2026-09,FALSE,FALSE,NA,FALSE,NA
errors_omissions,2014,NA,10,monthly,59.20485701022609,26 Balance of payments - main components.xls,BOP,NA,14,net,baseline,2026-09,FALSE,FALSE,NA,FALSE,NA
errors_omissions,2014,NA,11,monthly,46.13945519788284,26 Balance of payments - main components.xls,BOP,NA,14,net,baseline,2026-09,FALSE,FALSE,NA,FALSE,NA
errors_omissions,2014,NA,12,monthly,10.910543029904133,26 Balance of payments - main components.xls,BOP,NA,14,net,baseline,2026-09,FALSE,FALSE,NA,FALSE,NA
errors_omissions,2015,NA,1,monthly,45.49957179760102,26 Balance of payments - main components.xls,BOP,NA,14,net,baseline,2026-09,FALSE,FALSE,NA,FALSE,NA
errors_omissions,2015,NA,2,monthly,18.15369070564499,26 Balance of payments - main components.xls,BOP,NA,14,net,baseline,2026-09,FALSE,FALSE,NA,FALSE,NA
errors_omissions,2015,NA,3,monthly,24.638301914287844,26 Balance of payments - main components.xls,BOP,NA,14,net,baseline,2026-09,FALSE,FALSE,NA,FALSE,NA
errors_omissions,2015,NA,4,monthly,18.489576684473747,26 Balance of payments - main components.xls,BOP,NA,14,net,baseline,2026-09,FALSE,FALSE,NA,FALSE,NA
errors_omissions,2015,NA,5,monthly,27.842485212514504,26 Balance of payments - main components.xls,BOP,NA,14,net,baseline,2026-09,FALSE,FALSE,NA,FALSE,NA
errors_omissions,2015,NA,6,monthly,0.9939341245272573,26 Balance of payments - main components.xls,BOP,NA,14,net,baseline,2026-09,FALSE,FALSE,NA,FALSE,NA
errors_omissions,2015,NA,7,monthly,-85.47533518084228,26 Balance of payments - main components.xls,BOP,NA,14,net,baseline,2026-09,FALSE,FALSE,NA,FALSE,NA
errors_omissions,2015,NA,8,monthly,-52.92055153508529,26 Balance of payments - main components.xls,BOP,NA,14,net,baseline,2026-09,FALSE,FALSE,NA,FALSE,NA
errors_omissions,2015,NA,9,monthly,13.23163772863974,26 Balance of payments - main components.xls,BOP,NA,14,net,baseline,2026-09,FALSE,FALSE,NA,FALSE,NA
errors_omissions,2015,NA,10,monthly,41.32235956748752,26 Balance of payments - main components.xls,BOP,NA,14,net,baseline,2026-09,FALSE,FALSE,NA,FALSE,NA
errors_omissions,2015,NA,11,monthly,53.948957006993965,26 Balance of payments - main components.xls,BOP,NA,14,net,baseline,2026-09,FALSE,FALSE,NA,FALSE,NA
errors_omissions,2015,NA,12,monthly,53.339183566871164,26 Balance of payments - main components.xls,BOP,NA,14,net,baseline,2026-09,FALSE,FALSE,NA,FALSE,NA
errors_omissions,2016,NA,1,monthly,40.10452325890803,26 Balance of payments - main components.xls,BOP,NA,14,net,baseline,2026-09,FALSE,FALSE,NA,FALSE,NA
errors_omissions,2016,NA,2,monthly,32.72320116994657,26 Balance of payments - main components.xls,BOP,NA,14,net,baseline,2026-09,FALSE,FALSE,NA,FALSE,NA
errors_omissions,2016,NA,3,monthly,35.033052624150855,26 Balance of payments - main components.xls,BOP,NA,14,net,baseline,2026-09,FALSE,FALSE,NA,FALSE,NA
errors_omissions,2016,NA,4,monthly,31.02545838354252,26 Balance of payments - main components.xls,BOP,NA,14,net,baseline,2026-09,FALSE,FALSE,NA,FALSE,NA
errors_omissions,2016,NA,5,monthly,58.56881213597534,26 Balance of payments - main components.xls,BOP,NA,14,net,baseline,2026-09,FALSE,FALSE,NA,FALSE,NA
errors_omissions,2016,NA,6,monthly,31.881156154672645,26 Balance of payments - main components.xls,BOP,NA,14,net,baseline,2026-09,FALSE,FALSE,NA,FALSE,NA
errors_omissions,2016,NA,7,monthly,-109.38956555825513,26 Balance of payments - main components.xls,BOP,NA,14,net,baseline,2026-09,FALSE,FALSE,NA,FALSE,NA
errors_omissions,2016,NA,8,monthly,-9.37160670309855,26 Balance of payments - main components.xls,BOP,NA,14,net,baseline,2026-09,FALSE,FALSE,NA,FALSE,NA
errors_omissions,2016,NA,9,monthly,56.37741781579708,26 Balance of payments - main components.xls,BOP,NA,14,net,baseline,2026-09,FALSE,FALSE,NA,FALSE,NA
errors_omissions,2016,NA,10,monthly,34.988912830990046,26 Balance of payments - main components.xls,BOP,NA,14,net,baseline,2026-09,FALSE,FALSE,NA,FALSE,NA
errors_omissions,2016,NA,11,monthly,31.495806990347766,26 Balance of payments - main components.xls,BOP,NA,14,net,baseline,2026-09,FALSE,FALSE,NA,FALSE,NA
errors_omissions,2016,NA,12,monthly,34.692998152127956,26 Balance of payments - main components.xls,BOP,NA,14,net,baseline,2026-09,FALSE,FALSE,NA,FALSE,NA
errors_omissions,2017,NA,1,monthly,19.290002064791658,26 Balance of payments - main components.xls,BOP,NA,14,net,baseline,2026-09,FALSE,FALSE,NA,FALSE,NA
errors_omissions,2017,NA,2,monthly,32.077030809379586,26 Balance of payments - main components.xls,BOP,NA,14,net,baseline,2026-09,FALSE,FALSE,NA,FALSE,NA
errors_omissions,2017,NA,3,monthly,26.14500472398626,26 Balance of payments - main components.xls,BOP,NA,14,net,baseline,2026-09,FALSE,FALSE,NA,FALSE,NA
errors_omissions,2017,NA,4,monthly,19.524495324490893,26 Balance of payments - main components.xls,BOP,NA,14,net,baseline,2026-09,FALSE,FALSE,NA,FALSE,NA
errors_omissions,2017,NA,5,monthly,36.09422344315905,26 Balance of payments - main components.xls,BOP,NA,14,net,baseline,2026-09,FALSE,FALSE,NA,FALSE,NA
errors_omissions,2017,NA,6,monthly,-23.328022660400265,26 Balance of payments - main components.xls,BOP,NA,14,net,baseline,2026-09,FALSE,FALSE,NA,FALSE,NA
errors_omissions,2017,NA,7,monthly,-60.07668051763009,26 Balance of payments - main components.xls,BOP,NA,14,net,baseline,2026-09,FALSE,FALSE,NA,FALSE,NA
errors_omissions,2017,NA,8,monthly,-60.03932970420033,26 Balance of payments - main components.xls,BOP,NA,14,net,baseline,2026-09,FALSE,FALSE,NA,FALSE,NA
errors_omissions,2017,NA,9,monthly,52.904623074660584,26 Balance of payments - main components.xls,BOP,NA,14,net,baseline,2026-09,FALSE,FALSE,NA,FALSE,NA
errors_omissions,2017,NA,10,monthly,30.490595434057923,26 Balance of payments - main components.xls,BOP,NA,14,net,baseline,2026-09,FALSE,FALSE,NA,FALSE,NA
errors_omissions,2017,NA,11,monthly,3.515324728220648,26 Balance of payments - main components.xls,BOP,NA,14,net,baseline,2026-09,FALSE,FALSE,NA,FALSE,NA
errors_omissions,2017,NA,12,monthly,12.854890070943185,26 Balance of payments - main components.xls,BOP,NA,14,net,baseline,2026-09,FALSE,FALSE,NA,FALSE,NA
errors_omissions,2018,NA,1,monthly,37.68448322711315,26 Balance of payments - main components.xls,BOP,NA,14,net,baseline,2026-09,FALSE,FALSE,NA,FALSE,NA
errors_omissions,2018,NA,2,monthly,6.870138374400064,26 Balance of payments - main components.xls,BOP,NA,14,net,baseline,2026-09,FALSE,FALSE,NA,FALSE,NA
errors_omissions,2018,NA,3,monthly,37.7253065801726,26 Balance of payments - main components.xls,BOP,NA,14,net,baseline,2026-09,FALSE,FALSE,NA,FALSE,NA
errors_omissions,2018,NA,4,monthly,37.51266995552364,26 Balance of payments - main components.xls,BOP,NA,14,net,baseline,2026-09,FALSE,FALSE,NA,FALSE,NA
errors_omissions,2018,NA,5,monthly,31.057152103688935,26 Balance of payments - main components.xls,BOP,NA,14,net,baseline,2026-09,FALSE,FALSE,NA,FALSE,NA
errors_omissions,2018,NA,6,monthly,-3.9651588040363492,26 Balance of payments - main components.xls,BOP,NA,14,net,baseline,2026-09,FALSE,FALSE,NA,FALSE,NA
errors_omissions,2018,NA,7,monthly,-35.58974709961465,26 Balance of payments - main components.xls,BOP,NA,14,net,baseline,2026-09,FALSE,FALSE,NA,FALSE,NA
errors_omissions,2018,NA,8,monthly,-42.13986542485995,26 Balance of payments - main components.xls,BOP,NA,14,net,baseline,2026-09,FALSE,FALSE,NA,FALSE,NA
errors_omissions,2018,NA,9,monthly,60.41137900225087,26 Balance of payments - main components.xls,BOP,NA,14,net,baseline,2026-09,FALSE,FALSE,NA,FALSE,NA
errors_omissions,2018,NA,10,monthly,59.57641112477532,26 Balance of payments - main components.xls,BOP,NA,14,net,baseline,2026-09,FALSE,FALSE,NA,FALSE,NA
errors_omissions,2018,NA,11,monthly,16.43418308480763,26 Balance of payments - main components.xls,BOP,NA,14,net,baseline,2026-09,FALSE,FALSE,NA,FALSE,NA
errors_omissions,2018,NA,12,monthly,-12.555480069543265,26 Balance of payments - main components.xls,BOP,NA,14,net,baseline,2026-09,FALSE,FALSE,NA,FALSE,NA
errors_omissions,2019,NA,1,monthly,24.90798573298155,26 Balance of payments - main components.xls,BOP,NA,14,net,baseline,2026-09,FALSE,FALSE,NA,FALSE,NA
errors_omissions,2019,NA,2,monthly,18.584629698755336,26 Balance of payments - main components.xls,BOP,NA,14,net,baseline,2026-09,FALSE,FALSE,NA,FALSE,NA
errors_omissions,2019,NA,3,monthly,18.1795457350676,26 Balance of payments - main components.xls,BOP,NA,14,net,baseline,2026-09,FALSE,FALSE,NA,FALSE,NA
errors_omissions,2019,NA,4,monthly,62.18865243650724,26 Balance of payments - main components.xls,BOP,NA,14,net,baseline,2026-09,FALSE,FALSE,NA,FALSE,NA
errors_omissions,2019,NA,5,monthly,-0.9837874861062801,26 Balance of payments - main components.xls,BOP,NA,14,net,baseline,2026-09,FALSE,FALSE,NA,FALSE,NA
errors_omissions,2019,NA,6,monthly,24.373625877394808,26 Balance of payments - main components.xls,BOP,NA,14,net,baseline,2026-09,FALSE,FALSE,NA,FALSE,NA
errors_omissions,2019,NA,7,monthly,-9.306222985472171,26 Balance of payments - main components.xls,BOP,NA,14,net,baseline,2026-09,FALSE,FALSE,NA,FALSE,NA
errors_omissions,2019,NA,8,monthly,-54.07927060228735,26 Balance of payments - main components.xls,BOP,NA,14,net,baseline,2026-09,FALSE,FALSE,NA,FALSE,NA
errors_omissions,2019,NA,9,monthly,25.718174641074434,26 Balance of payments - main components.xls,BOP,NA,14,net,baseline,2026-09,FALSE,FALSE,NA,FALSE,NA
errors_omissions,2019,NA,10,monthly,43.307084900543174,26 Balance of payments - main components.xls,BOP,NA,14,net,baseline,2026-09,FALSE,FALSE,NA,FALSE,NA
errors_omissions,2019,NA,11,monthly,77.28915365900215,26 Balance of payments - main components.xls,BOP,NA,14,net,baseline,2026-09,FALSE,FALSE,NA,FALSE,NA
errors_omissions,2019,NA,12,monthly,17.06656977652635,26 Balance of payments - main components.xls,BOP,NA,14,net,baseline,2026-09,FALSE,FALSE,NA,FALSE,NA
errors_omissions,2020,NA,1,monthly,6.829986305197288,26 Balance of payments - main components.xls,BOP,NA,14,net,baseline,2026-09,FALSE,FALSE,NA,FALSE,NA
errors_omissions,2020,NA,2,monthly,15.248088264679776,26 Balance of payments - main components.xls,BOP,NA,14,net,baseline,2026-09,FALSE,FALSE,NA,FALSE,NA
errors_omissions,2020,NA,3,monthly,-68.52615050655555,26 Balance of payments - main components.xls,BOP,NA,14,net,baseline,2026-09,FALSE,FALSE,NA,FALSE,NA
errors_omissions,2020,NA,4,monthly,-11.221743500443772,26 Balance of payments - main components.xls,BOP,NA,14,net,baseline,2026-09,FALSE,FALSE,NA,FALSE,NA
errors_omissions,2020,NA,5,monthly,-69.55684607673018,26 Balance of payments - main components.xls,BOP,NA,14,net,baseline,2026-09,FALSE,FALSE,NA,FALSE,NA
errors_omissions,2020,NA,6,monthly,-7.025350384770604,26 Balance of payments - main components.xls,BOP,NA,14,net,baseline,2026-09,FALSE,FALSE,NA,FALSE,NA
errors_omissions,2020,NA,7,monthly,47.38228735013341,26 Balance of payments - main components.xls,BOP,NA,14,net,baseline,2026-09,FALSE,FALSE,NA,FALSE,NA
errors_omissions,2020,NA,8,monthly,-23.289250031188665,26 Balance of payments - main components.xls,BOP,NA,14,net,baseline,2026-09,FALSE,FALSE,NA,FALSE,NA
errors_omissions,2020,NA,9,monthly,41.464211886585,26 Balance of payments - main components.xls,BOP,NA,14,net,baseline,2026-09,FALSE,FALSE,NA,FALSE,NA
errors_omissions,2020,NA,10,monthly,18.423288083455283,26 Balance of payments - main components.xls,BOP,NA,14,net,baseline,2026-09,FALSE,FALSE,NA,FALSE,NA
errors_omissions,2020,NA,11,monthly,1.938246954557826,26 Balance of payments - main components.xls,BOP,NA,14,net,baseline,2026-09,FALSE,FALSE,NA,FALSE,NA
errors_omissions,2020,NA,12,monthly,-59.00001867402304,26 Balance of payments - main components.xls,BOP,NA,14,net,baseline,2026-09,FALSE,FALSE,NA,FALSE,NA
errors_omissions,2021,NA,1,monthly,31.6168587863533,26 Balance of payments - main components.xls,BOP,NA,14,net,baseline,2026-09,FALSE,FALSE,NA,FALSE,NA
errors_omissions,2021,NA,2,monthly,32.633941327865905,26 Balance of payments - main components.xls,BOP,NA,14,net,baseline,2026-09,FALSE,FALSE,NA,FALSE,NA
errors_omissions,2021,NA,3,monthly,-5.755839504985829,26 Balance of payments - main components.xls,BOP,NA,14,net,baseline,2026-09,FALSE,FALSE,NA,FALSE,NA
errors_omissions,2021,NA,4,monthly,47.054119561047685,26 Balance of payments - main components.xls,BOP,NA,14,net,baseline,2026-09,FALSE,FALSE,NA,FALSE,NA
errors_omissions,2021,NA,5,monthly,48.81148415926412,26 Balance of payments - main components.xls,BOP,NA,14,net,baseline,2026-09,FALSE,FALSE,NA,FALSE,NA
errors_omissions,2021,NA,6,monthly,58.49029601748238,26 Balance of payments - main components.xls,BOP,NA,14,net,baseline,2026-09,FALSE,FALSE,NA,FALSE,NA
errors_omissions,2021,NA,7,monthly,11.135392592953238,26 Balance of payments - main components.xls,BOP,NA,14,net,baseline,2026-09,FALSE,FALSE,NA,FALSE,NA
errors_omissions,2021,NA,8,monthly,-66.0618247381679,26 Balance of payments - main components.xls,BOP,NA,14,net,baseline,2026-09,FALSE,FALSE,NA,FALSE,NA
errors_omissions,2021,NA,9,monthly,63.31946334829981,26 Balance of payments - main components.xls,BOP,NA,14,net,baseline,2026-09,FALSE,FALSE,NA,FALSE,NA
errors_omissions,2021,NA,10,monthly,27.587689140341894,26 Balance of payments - main components.xls,BOP,NA,14,net,baseline,2026-09,FALSE,FALSE,NA,FALSE,NA
errors_omissions,2021,NA,11,monthly,56.584530545769255,26 Balance of payments - main components.xls,BOP,NA,14,net,baseline,2026-09,FALSE,FALSE,NA,FALSE,NA
errors_omissions,2021,NA,12,monthly,-37.870465521280764,26 Balance of payments - main components.xls,BOP,NA,14,net,baseline,2026-09,FALSE,FALSE,NA,FALSE,NA
errors_omissions,2022,NA,1,monthly,23.64756640694357,26 Balance of payments - main components.xls,BOP,NA,14,net,baseline,2026-09,FALSE,FALSE,NA,FALSE,NA
errors_omissions,2022,NA,2,monthly,21.16794163748297,26 Balance of payments - main components.xls,BOP,NA,14,net,baseline,2026-09,FALSE,FALSE,NA,FALSE,NA
errors_omissions,2022,NA,3,monthly,-36.141972163219634,26 Balance of payments - main components.xls,BOP,NA,14,net,baseline,2026-09,FALSE,FALSE,NA,FALSE,NA
errors_omissions,2022,NA,4,monthly,47.37975169593409,26 Balance of payments - main components.xls,BOP,NA,14,net,baseline,2026-09,FALSE,FALSE,NA,FALSE,NA
errors_omissions,2022,NA,5,monthly,43.765020519103146,26 Balance of payments - main components.xls,BOP,NA,14,net,baseline,2026-09,FALSE,FALSE,NA,FALSE,NA
errors_omissions,2022,NA,6,monthly,26.544886585373774,26 Balance of payments - main components.xls,BOP,NA,14,net,baseline,2026-09,FALSE,FALSE,NA,FALSE,NA
errors_omissions,2022,NA,7,monthly,-47.97720214725697,26 Balance of payments - main components.xls,BOP,NA,14,net,baseline,2026-09,FALSE,FALSE,NA,FALSE,NA
errors_omissions,2022,NA,8,monthly,-72.88781604137702,26 Balance of payments - main components.xls,BOP,NA,14,net,baseline,2026-09,FALSE,FALSE,NA,FALSE,NA
errors_omissions,2022,NA,9,monthly,63.569330627926995,26 Balance of payments - main components.xls,BOP,NA,14,net,baseline,2026-09,FALSE,FALSE,NA,FALSE,NA
errors_omissions,2022,NA,10,monthly,74.54858549198335,26 Balance of payments - main components.xls,BOP,NA,14,net,baseline,2026-09,FALSE,FALSE,NA,FALSE,NA
errors_omissions,2022,NA,11,monthly,2.734511416306276,26 Balance of payments - main components.xls,BOP,NA,14,net,baseline,2026-09,FALSE,FALSE,NA,FALSE,NA
errors_omissions,2022,NA,12,monthly,-26.04550209033762,26 Balance of payments - main components.xls,BOP,NA,14,net,baseline,2026-09,FALSE,FALSE,NA,FALSE,NA
errors_omissions,2023,NA,1,monthly,46.501565917891675,26 Balance of payments - main components.xls,BOP,NA,14,net,baseline,2026-09,FALSE,FALSE,NA,FALSE,NA
errors_omissions,2023,NA,2,monthly,51.922690891810994,26 Balance of payments - main components.xls,BOP,NA,14,net,baseline,2026-09,FALSE,FALSE,NA,FALSE,NA
errors_omissions,2023,NA,3,monthly,-20.88658539241098,26 Balance of payments - main components.xls,BOP,NA,14,net,baseline,2026-09,FALSE,FALSE,NA,FALSE,NA
errors_omissions,2023,NA,4,monthly,45.75031919546586,26 Balance of payments - main components.xls,BOP,NA,14,net,baseline,2026-09,FALSE,FALSE,NA,FALSE,NA
errors_omissions,2023,NA,5,monthly,71.77475252041309,26 Balance of payments - main components.xls,BOP,NA,14,net,baseline,2026-09,FALSE,FALSE,NA,FALSE,NA
errors_omissions,2023,NA,6,monthly,25.22998706634901,26 Balance of payments - main components.xls,BOP,NA,14,net,baseline,2026-09,FALSE,FALSE,NA,FALSE,NA
errors_omissions,2023,NA,7,monthly,-80.28650857650405,26 Balance of payments - main components.xls,BOP,NA,14,net,baseline,2026-09,FALSE,FALSE,NA,FALSE,NA
errors_omissions,2023,NA,8,monthly,-85.03947699376315,26 Balance of payments - main components.xls,BOP,NA,14,net,baseline,2026-09,FALSE,FALSE,NA,FALSE,NA
errors_omissions,2023,NA,9,monthly,54.19153157698362,26 Balance of payments - main components.xls,BOP,NA,14,net,baseline,2026-09,FALSE,FALSE,NA,FALSE,NA
errors_omissions,2023,NA,10,monthly,81.11272646432363,26 Balance of payments - main components.xls,BOP,NA,14,net,baseline,2026-09,FALSE,FALSE,NA,FALSE,NA
errors_omissions,2023,NA,11,monthly,52.60055418978641,26 Balance of payments - main components.xls,BOP,NA,14,net,baseline,2026-09,FALSE,FALSE,NA,FALSE,NA
errors_omissions,2023,NA,12,monthly,-22.2735738953335,26 Balance of payments - main components.xls,BOP,NA,14,net,baseline,2026-09,FALSE,FALSE,NA,FALSE,NA
errors_omissions,2024,NA,1,monthly,-66.54700817206788,26 Balance of payments - main components.xls,BOP,NA,14,net,baseline,2026-09,FALSE,FALSE,NA,FALSE,NA
errors_omissions,2024,NA,2,monthly,64.55919196400528,26 Balance of payments - main components.xls,BOP,NA,14,net,baseline,2026-09,FALSE,FALSE,NA,FALSE,NA
errors_omissions,2024,NA,3,monthly,73.54787144442597,26 Balance of payments - main components.xls,BOP,NA,14,net,baseline,2026-09,FALSE,FALSE,NA,FALSE,NA
errors_omissions,2024,NA,4,monthly,57.253266313441145,26 Balance of payments - main components.xls,BOP,NA,14,net,baseline,2026-09,FALSE,FALSE,NA,FALSE,NA
errors_omissions,2024,NA,5,monthly,30.61428059916456,26 Balance of payments - main components.xls,BOP,NA,14,net,baseline,2026-09,FALSE,FALSE,NA,FALSE,NA
errors_omissions,2024,NA,6,monthly,42.0066914805772,26 Balance of payments - main components.xls,BOP,NA,14,net,baseline,2026-09,FALSE,FALSE,NA,FALSE,NA
errors_omissions,2024,NA,7,monthly,-46.964601007008504,26 Balance of payments - main components.xls,BOP,NA,14,net,baseline,2026-09,FALSE,FALSE,NA,FALSE,NA
errors_omissions,2024,NA,8,monthly,-35.08017185752382,26 Balance of payments - main components.xls,BOP,NA,14,net,baseline,2026-09,FALSE,FALSE,NA,FALSE,NA
errors_omissions,2024,NA,9,monthly,17.3265951917057,26 Balance of payments - main components.xls,BOP,NA,14,net,baseline,2026-09,FALSE,FALSE,NA,FALSE,NA
errors_omissions,2024,NA,10,monthly,79.68975788517365,26 Balance of payments - main components.xls,BOP,NA,14,net,baseline,2026-09,FALSE,FALSE,NA,FALSE,NA
errors_omissions,2024,NA,11,monthly,50.43323120207923,26 Balance of payments - main components.xls,BOP,NA,14,net,baseline,2026-09,FALSE,FALSE,NA,FALSE,NA
errors_omissions,2024,NA,12,monthly,-22.523101544144964,26 Balance of payments - main components.xls,BOP,NA,14,net,baseline,2026-09,FALSE,FALSE,NA,FALSE,NA
errors_omissions,2025,NA,1,monthly,33.09824850046958,26 Balance of payments - main components.xls,BOP,NA,14,net,baseline,2026-09,FALSE,FALSE,NA,FALSE,NA
errors_omissions,2025,NA,2,monthly,27.084342936313092,26 Balance of payments - main components.xls,BOP,NA,14,net,baseline,2026-09,FALSE,FALSE,NA,FALSE,NA
errors_omissions,2025,NA,3,monthly,-40.55810175717494,26 Balance of payments - main components.xls,BOP,NA,14,net,baseline,2026-09,FALSE,FALSE,NA,FALSE,NA
errors_omissions,2025,NA,4,monthly,26.07826964060358,26 Balance of payments - main components.xls,BOP,NA,14,net,baseline,2026-09,FALSE,FALSE,NA,FALSE,NA
errors_omissions,2025,NA,5,monthly,37.477134411697534,26 Balance of payments - main components.xls,BOP,NA,14,net,baseline,2026-09,FALSE,FALSE,NA,FALSE,NA
errors_omissions,2025,NA,6,monthly,50.874139546360766,26 Balance of payments - main components.xls,BOP,NA,14,net,baseline,2026-09,FALSE,FALSE,NA,FALSE,NA
errors_omissions,2025,NA,7,monthly,-4.594638984625881,26 Balance of payments - main components.xls,BOP,NA,14,net,baseline,2026-09,FALSE,FALSE,NA,FALSE,NA
errors_omissions,2025,NA,8,monthly,-42.371464109289604,26 Balance of payments - main components.xls,BOP,NA,14,net,baseline,2026-09,FALSE,FALSE,NA,FALSE,NA
errors_omissions,2025,NA,9,monthly,53.82777993180091,26 Balance of payments - main components.xls,BOP,NA,14,net,baseline,2026-09,FALSE,FALSE,NA,FALSE,NA
errors_omissions,2025,NA,10,monthly,41.91749501970658,26 Balance of payments - main components.xls,BOP,NA,14,net,baseline,2026-09,FALSE,FALSE,NA,FALSE,NA
errors_omissions,2025,NA,11,monthly,30.3576312643973,26 Balance of payments - main components.xls,BOP,NA,14,net,baseline,2026-09,FALSE,FALSE,NA,FALSE,NA
errors_omissions,2025,NA,12,monthly,10.464634862382752,26 Balance of payments - main components.xls,BOP,NA,14,net,baseline,2026-09,FALSE,FALSE,NA,FALSE,NA
errors_omissions,2026,NA,1,monthly,-60.056954753319076,26 Balance of payments - main components.xls,BOP,NA,14,net,baseline,2026-09,FALSE,FALSE,NA,FALSE,NA
errors_omissions,2026,NA,2,monthly,37.18921094891576,26 Balance of payments - main components.xls,BOP,NA,14,net,baseline,2026-09,FALSE,FALSE,NA,FALSE,NA
errors_omissions,2026,NA,3,monthly,46.86035897726549,26 Balance of payments - main components.xls,BOP,NA,14,net,baseline,2026-09,FALSE,FALSE,NA,FALSE,NA
errors_omissions,2026,NA,4,monthly,64.21869101155684,26 Balance of payments - main components.xls,BOP,NA,14,net,baseline,2026-09,FALSE,FALSE,NA,FALSE,NA
errors_omissions,2026,NA,5,monthly,8.43637211469644,26 Balance of payments - main components.xls,BOP,NA,14,net,baseline,2026-09,FALSE,FALSE,NA,FALSE,NA
errors_omissions,2026,NA,6,monthly,65.36676087643568,26 Balance of payments - main components.xls,BOP,NA,14,net,baseline,2026-09,FALSE,FALSE,NA,FALSE,NA
fdi_equity_directional,2012,1,NA,quarterly,34.328682,33.1 Direct_investment_flows_In_&_Out.xls,In Kosova,NA,7,inward (directional),variant,2026-09,FALSE,FALSE,NA,FALSE,NA
fdi_equity_directional,2012,2,NA,quarterly,48.735198,33.1 Direct_investment_flows_In_&_Out.xls,In Kosova,NA,7,inward (directional),variant,2026-09,FALSE,FALSE,NA,FALSE,NA
fdi_equity_directional,2012,3,NA,quarterly,36.216712,33.1 Direct_investment_flows_In_&_Out.xls,In Kosova,NA,7,inward (directional),variant,2026-09,FALSE,FALSE,NA,FALSE,NA
fdi_equity_directional,2012,4,NA,quarterly,76.018654,33.1 Direct_investment_flows_In_&_Out.xls,In Kosova,NA,7,inward (directional),variant,2026-09,FALSE,FALSE,NA,FALSE,NA
fdi_equity_directional,2013,1,NA,quarterly,41.149458,33.1 Direct_investment_flows_In_&_Out.xls,In Kosova,NA,7,inward (directional),variant,2026-09,FALSE,FALSE,NA,FALSE,NA
fdi_equity_directional,2013,2,NA,quarterly,43.572824,33.1 Direct_investment_flows_In_&_Out.xls,In Kosova,NA,7,inward (directional),variant,2026-09,FALSE,FALSE,NA,FALSE,NA
fdi_equity_directional,2013,3,NA,quarterly,47.962768,33.1 Direct_investment_flows_In_&_Out.xls,In Kosova,NA,7,inward (directional),variant,2026-09,FALSE,FALSE,NA,FALSE,NA
fdi_equity_directional,2013,4,NA,quarterly,48.369153,33.1 Direct_investment_flows_In_&_Out.xls,In Kosova,NA,7,inward (directional),variant,2026-09,FALSE,FALSE,NA,FALSE,NA
fdi_equity_directional,2014,1,NA,quarterly,32.845902,33.1 Direct_investment_flows_In_&_Out.xls,In Kosova,NA,7,inward (directional),variant,2026-09,FALSE,FALSE,NA,FALSE,NA
fdi_equity_directional,2014,2,NA,quarterly,41.072289,33.1 Direct_investment_flows_In_&_Out.xls,In Kosova,NA,7,inward (directional),variant,2026-09,FALSE,FALSE,NA,FALSE,NA
fdi_equity_directional,2014,3,NA,quarterly,46.112045,33.1 Direct_investment_flows_In_&_Out.xls,In Kosova,NA,7,inward (directional),variant,2026-09,FALSE,FALSE,NA,FALSE,NA
fdi_equity_directional,2014,4,NA,quarterly,45.306111,33.1 Direct_investment_flows_In_&_Out.xls,In Kosova,NA,7,inward (directional),variant,2026-09,FALSE,FALSE,NA,FALSE,NA
fdi_equity_directional,2015,1,NA,quarterly,50.38269299413947,33.1 Direct_investment_flows_In_&_Out.xls,In Kosova,NA,7,inward (directional),variant,2026-09,FALSE,FALSE,NA,FALSE,NA
fdi_equity_directional,2015,2,NA,quarterly,56.51509702113308,33.1 Direct_investment_flows_In_&_Out.xls,In Kosova,NA,7,inward (directional),variant,2026-09,FALSE,FALSE,NA,FALSE,NA
fdi_equity_directional,2015,3,NA,quarterly,52.56833010344603,33.1 Direct_investment_flows_In_&_Out.xls,In Kosova,NA,7,inward (directional),variant,2026-09,FALSE,FALSE,NA,FALSE,NA
fdi_equity_directional,2015,4,NA,quarterly,39.968785071641854,33.1 Direct_investment_flows_In_&_Out.xls,In Kosova,NA,7,inward (directional),variant,2026-09,FALSE,FALSE,NA,FALSE,NA
fdi_equity_directional,2016,1,NA,quarterly,35.817177614869834,33.1 Direct_investment_flows_In_&_Out.xls,In Kosova,NA,7,inward (directional),variant,2026-09,FALSE,FALSE,NA,FALSE,NA
fdi_equity_directional,2016,2,NA,quarterly,40.3936366259128,33.1 Direct_investment_flows_In_&_Out.xls,In Kosova,NA,7,inward (directional),variant,2026-09,FALSE,FALSE,NA,FALSE,NA
fdi_equity_directional,2016,3,NA,quarterly,57.12526625672019,33.1 Direct_investment_flows_In_&_Out.xls,In Kosova,NA,7,inward (directional),variant,2026-09,FALSE,FALSE,NA,FALSE,NA
fdi_equity_directional,2016,4,NA,quarterly,44.44318681114442,33.1 Direct_investment_flows_In_&_Out.xls,In Kosova,NA,7,inward (directional),variant,2026-09,FALSE,FALSE,NA,FALSE,NA
fdi_equity_directional,2017,1,NA,quarterly,35.81028333170181,33.1 Direct_investment_flows_In_&_Out.xls,In Kosova,NA,7,inward (directional),variant,2026-09,FALSE,FALSE,NA,FALSE,NA
fdi_equity_directional,2017,2,NA,quarterly,43.981081652177195,33.1 Direct_investment_flows_In_&_Out.xls,In Kosova,NA,7,inward (directional),variant,2026-09,FALSE,FALSE,NA,FALSE,NA
fdi_equity_directional,2017,3,NA,quarterly,66.3967714468848,33.1 Direct_investment_flows_In_&_Out.xls,In Kosova,NA,7,inward (directional),variant,2026-09,FALSE,FALSE,NA,FALSE,NA
fdi_equity_directional,2017,4,NA,quarterly,65.08143285787257,33.1 Direct_investment_flows_In_&_Out.xls,In Kosova,NA,7,inward (directional),variant,2026-09,FALSE,FALSE,NA,FALSE,NA
fdi_equity_directional,2018,1,NA,quarterly,66.97517647803855,33.1 Direct_investment_flows_In_&_Out.xls,In Kosova,NA,7,inward (directional),variant,2026-09,FALSE,FALSE,NA,FALSE,NA
fdi_equity_directional,2018,2,NA,quarterly,59.97613100618278,33.1 Direct_investment_flows_In_&_Out.xls,In Kosova,NA,7,inward (directional),variant,2026-09,FALSE,FALSE,NA,FALSE,NA
fdi_equity_directional,2018,3,NA,quarterly,130.6050477475281,33.1 Direct_investment_flows_In_&_Out.xls,In Kosova,NA,7,inward (directional),variant,2026-09,FALSE,FALSE,NA,FALSE,NA
fdi_equity_directional,2018,4,NA,quarterly,56.748107146633124,33.1 Direct_investment_flows_In_&_Out.xls,In Kosova,NA,7,inward (directional),variant,2026-09,FALSE,FALSE,NA,FALSE,NA
fdi_equity_directional,2019,1,NA,quarterly,46.77599492839476,33.1 Direct_investment_flows_In_&_Out.xls,In Kosova,NA,7,inward (directional),variant,2026-09,FALSE,FALSE,NA,FALSE,NA
fdi_equity_directional,2019,2,NA,quarterly,67.64978739475072,33.1 Direct_investment_flows_In_&_Out.xls,In Kosova,NA,7,inward (directional),variant,2026-09,FALSE,FALSE,NA,FALSE,NA
fdi_equity_directional,2019,3,NA,quarterly,94.4762420419129,33.1 Direct_investment_flows_In_&_Out.xls,In Kosova,NA,7,inward (directional),variant,2026-09,FALSE,FALSE,NA,FALSE,NA
fdi_equity_directional,2019,4,NA,quarterly,69.22743016819697,33.1 Direct_investment_flows_In_&_Out.xls,In Kosova,NA,7,inward (directional),variant,2026-09,FALSE,FALSE,NA,FALSE,NA
fdi_equity_directional,2020,1,NA,quarterly,64.63211793500676,33.1 Direct_investment_flows_In_&_Out.xls,In Kosova,NA,7,inward (directional),variant,2026-09,FALSE,FALSE,NA,FALSE,NA
fdi_equity_directional,2020,2,NA,quarterly,63.16423795710665,33.1 Direct_investment_flows_In_&_Out.xls,In Kosova,NA,7,inward (directional),variant,2026-09,FALSE,FALSE,NA,FALSE,NA
fdi_equity_directional,2020,3,NA,quarterly,56.2722304516609,33.1 Direct_investment_flows_In_&_Out.xls,In Kosova,NA,7,inward (directional),variant,2026-09,FALSE,FALSE,NA,FALSE,NA
fdi_equity_directional,2020,4,NA,quarterly,94.7136072558446,33.1 Direct_investment_flows_In_&_Out.xls,In Kosova,NA,7,inward (directional),variant,2026-09,FALSE,FALSE,NA,FALSE,NA
fdi_equity_directional,2021,1,NA,quarterly,80.8433904461802,33.1 Direct_investment_flows_In_&_Out.xls,In Kosova,NA,7,inward (directional),variant,2026-09,FALSE,FALSE,NA,FALSE,NA
fdi_equity_directional,2021,2,NA,quarterly,83.51782280182624,33.1 Direct_investment_flows_In_&_Out.xls,In Kosova,NA,7,inward (directional),variant,2026-09,FALSE,FALSE,NA,FALSE,NA
fdi_equity_directional,2021,3,NA,quarterly,143.69468386173517,33.1 Direct_investment_flows_In_&_Out.xls,In Kosova,NA,7,inward (directional),variant,2026-09,FALSE,FALSE,NA,FALSE,NA
fdi_equity_directional,2021,4,NA,quarterly,140.2422681576613,33.1 Direct_investment_flows_In_&_Out.xls,In Kosova,NA,7,inward (directional),variant,2026-09,FALSE,FALSE,NA,FALSE,NA
fdi_equity_directional,2022,1,NA,quarterly,131.96838958784315,33.1 Direct_investment_flows_In_&_Out.xls,In Kosova,NA,7,inward (directional),variant,2026-09,FALSE,FALSE,NA,FALSE,NA
fdi_equity_directional,2022,2,NA,quarterly,142.66074198508593,33.1 Direct_investment_flows_In_&_Out.xls,In Kosova,NA,7,inward (directional),variant,2026-09,FALSE,FALSE,NA,FALSE,NA
fdi_equity_directional,2022,3,NA,quarterly,211.7797881828078,33.1 Direct_investment_flows_In_&_Out.xls,In Kosova,NA,7,inward (directional),variant,2026-09,FALSE,FALSE,NA,FALSE,NA
fdi_equity_directional,2022,4,NA,quarterly,160.05397762167513,33.1 Direct_investment_flows_In_&_Out.xls,In Kosova,NA,7,inward (directional),variant,2026-09,FALSE,FALSE,NA,FALSE,NA
fdi_equity_directional,2023,1,NA,quarterly,126.06057115721576,33.1 Direct_investment_flows_In_&_Out.xls,In Kosova,NA,7,inward (directional),variant,2026-09,FALSE,FALSE,NA,FALSE,NA
fdi_equity_directional,2023,2,NA,quarterly,131.80570561690115,33.1 Direct_investment_flows_In_&_Out.xls,In Kosova,NA,7,inward (directional),variant,2026-09,FALSE,FALSE,NA,FALSE,NA
fdi_equity_directional,2023,3,NA,quarterly,167.9144660265684,33.1 Direct_investment_flows_In_&_Out.xls,In Kosova,NA,7,inward (directional),variant,2026-09,FALSE,FALSE,NA,FALSE,NA
fdi_equity_directional,2023,4,NA,quarterly,154.5256832804331,33.1 Direct_investment_flows_In_&_Out.xls,In Kosova,NA,7,inward (directional),variant,2026-09,FALSE,FALSE,NA,FALSE,NA
fdi_equity_directional,2024,1,NA,quarterly,153.9298791286535,33.1 Direct_investment_flows_In_&_Out.xls,In Kosova,NA,7,inward (directional),variant,2026-09,FALSE,FALSE,NA,FALSE,NA
fdi_equity_directional,2024,2,NA,quarterly,148.0579340127083,33.1 Direct_investment_flows_In_&_Out.xls,In Kosova,NA,7,inward (directional),variant,2026-09,FALSE,FALSE,NA,FALSE,NA
fdi_equity_directional,2024,3,NA,quarterly,202.46403329925528,33.1 Direct_investment_flows_In_&_Out.xls,In Kosova,NA,7,inward (directional),variant,2026-09,FALSE,FALSE,NA,FALSE,NA
fdi_equity_directional,2024,4,NA,quarterly,194.72151324469925,33.1 Direct_investment_flows_In_&_Out.xls,In Kosova,NA,7,inward (directional),variant,2026-09,FALSE,FALSE,NA,FALSE,NA
fdi_equity_directional,2025,1,NA,quarterly,223.81908913834621,33.1 Direct_investment_flows_In_&_Out.xls,In Kosova,NA,7,inward (directional),variant,2026-09,FALSE,FALSE,NA,FALSE,NA
fdi_equity_directional,2025,2,NA,quarterly,215.69429489376748,33.1 Direct_investment_flows_In_&_Out.xls,In Kosova,NA,7,inward (directional),variant,2026-09,FALSE,FALSE,NA,FALSE,NA
fdi_equity_directional,2025,3,NA,quarterly,248.57920589860274,33.1 Direct_investment_flows_In_&_Out.xls,In Kosova,NA,7,inward (directional),variant,2026-09,FALSE,FALSE,NA,FALSE,NA
fdi_equity_directional,2025,4,NA,quarterly,233.6775619593086,33.1 Direct_investment_flows_In_&_Out.xls,In Kosova,NA,7,inward (directional),variant,2026-09,FALSE,FALSE,NA,FALSE,NA
fdi_equity_directional,2026,1,NA,quarterly,187.97670684838457,33.1 Direct_investment_flows_In_&_Out.xls,In Kosova,NA,7,inward (directional),variant,2026-09,FALSE,FALSE,NA,FALSE,NA
fdi_equity_directional,2026,2,NA,quarterly,188.61759551992836,33.1 Direct_investment_flows_In_&_Out.xls,In Kosova,NA,7,inward (directional),variant,2026-09,FALSE,FALSE,NA,FALSE,NA
fdi_equity_directional,2014,NA,1,monthly,12.852086,33.1 Direct_investment_flows_In_&_Out.xls,In Kosova,NA,7,inward (directional),variant,2026-09,FALSE,FALSE,NA,FALSE,NA
fdi_equity_directional,2014,NA,2,monthly,8.096996,33.1 Direct_investment_flows_In_&_Out.xls,In Kosova,NA,7,inward (directional),variant,2026-09,FALSE,FALSE,NA,FALSE,NA
fdi_equity_directional,2014,NA,3,monthly,11.89682,33.1 Direct_investment_flows_In_&_Out.xls,In Kosova,NA,7,inward (directional),variant,2026-09,FALSE,FALSE,NA,FALSE,NA
fdi_equity_directional,2014,NA,4,monthly,15.904251,33.1 Direct_investment_flows_In_&_Out.xls,In Kosova,NA,7,inward (directional),variant,2026-09,FALSE,FALSE,NA,FALSE,NA
fdi_equity_directional,2014,NA,5,monthly,10.45914,33.1 Direct_investment_flows_In_&_Out.xls,In Kosova,NA,7,inward (directional),variant,2026-09,FALSE,FALSE,NA,FALSE,NA
fdi_equity_directional,2014,NA,6,monthly,14.708898,33.1 Direct_investment_flows_In_&_Out.xls,In Kosova,NA,7,inward (directional),variant,2026-09,FALSE,FALSE,NA,FALSE,NA
fdi_equity_directional,2014,NA,7,monthly,12.154291,33.1 Direct_investment_flows_In_&_Out.xls,In Kosova,NA,7,inward (directional),variant,2026-09,FALSE,FALSE,NA,FALSE,NA
fdi_equity_directional,2014,NA,8,monthly,17.766866,33.1 Direct_investment_flows_In_&_Out.xls,In Kosova,NA,7,inward (directional),variant,2026-09,FALSE,FALSE,NA,FALSE,NA
fdi_equity_directional,2014,NA,9,monthly,16.190888,33.1 Direct_investment_flows_In_&_Out.xls,In Kosova,NA,7,inward (directional),variant,2026-09,FALSE,FALSE,NA,FALSE,NA
fdi_equity_directional,2014,NA,10,monthly,9.409227,33.1 Direct_investment_flows_In_&_Out.xls,In Kosova,NA,7,inward (directional),variant,2026-09,FALSE,FALSE,NA,FALSE,NA
fdi_equity_directional,2014,NA,11,monthly,9.439113,33.1 Direct_investment_flows_In_&_Out.xls,In Kosova,NA,7,inward (directional),variant,2026-09,FALSE,FALSE,NA,FALSE,NA
fdi_equity_directional,2014,NA,12,monthly,26.457771,33.1 Direct_investment_flows_In_&_Out.xls,In Kosova,NA,7,inward (directional),variant,2026-09,FALSE,FALSE,NA,FALSE,NA
fdi_equity_directional,2015,NA,1,monthly,19.8433919838963,33.1 Direct_investment_flows_In_&_Out.xls,In Kosova,NA,7,inward (directional),variant,2026-09,FALSE,FALSE,NA,FALSE,NA
fdi_equity_directional,2015,NA,2,monthly,12.44591957644813,33.1 Direct_investment_flows_In_&_Out.xls,In Kosova,NA,7,inward (directional),variant,2026-09,FALSE,FALSE,NA,FALSE,NA
fdi_equity_directional,2015,NA,3,monthly,18.093381433795038,33.1 Direct_investment_flows_In_&_Out.xls,In Kosova,NA,7,inward (directional),variant,2026-09,FALSE,FALSE,NA,FALSE,NA
fdi_equity_directional,2015,NA,4,monthly,12.355966750422409,33.1 Direct_investment_flows_In_&_Out.xls,In Kosova,NA,7,inward (directional),variant,2026-09,FALSE,FALSE,NA,FALSE,NA
fdi_equity_directional,2015,NA,5,monthly,17.758793040190273,33.1 Direct_investment_flows_In_&_Out.xls,In Kosova,NA,7,inward (directional),variant,2026-09,FALSE,FALSE,NA,FALSE,NA
fdi_equity_directional,2015,NA,6,monthly,26.4003372305204,33.1 Direct_investment_flows_In_&_Out.xls,In Kosova,NA,7,inward (directional),variant,2026-09,FALSE,FALSE,NA,FALSE,NA
fdi_equity_directional,2015,NA,7,monthly,17.754005695771312,33.1 Direct_investment_flows_In_&_Out.xls,In Kosova,NA,7,inward (directional),variant,2026-09,FALSE,FALSE,NA,FALSE,NA
fdi_equity_directional,2015,NA,8,monthly,18.743768080298327,33.1 Direct_investment_flows_In_&_Out.xls,In Kosova,NA,7,inward (directional),variant,2026-09,FALSE,FALSE,NA,FALSE,NA
fdi_equity_directional,2015,NA,9,monthly,16.070556327376394,33.1 Direct_investment_flows_In_&_Out.xls,In Kosova,NA,7,inward (directional),variant,2026-09,FALSE,FALSE,NA,FALSE,NA
fdi_equity_directional,2015,NA,10,monthly,13.97140225484846,33.1 Direct_investment_flows_In_&_Out.xls,In Kosova,NA,7,inward (directional),variant,2026-09,FALSE,FALSE,NA,FALSE,NA
fdi_equity_directional,2015,NA,11,monthly,11.929793036664003,33.1 Direct_investment_flows_In_&_Out.xls,In Kosova,NA,7,inward (directional),variant,2026-09,FALSE,FALSE,NA,FALSE,NA
fdi_equity_directional,2015,NA,12,monthly,14.067589780129387,33.1 Direct_investment_flows_In_&_Out.xls,In Kosova,NA,7,inward (directional),variant,2026-09,FALSE,FALSE,NA,FALSE,NA
fdi_equity_directional,2016,NA,1,monthly,12.605135911724442,33.1 Direct_investment_flows_In_&_Out.xls,In Kosova,NA,7,inward (directional),variant,2026-09,FALSE,FALSE,NA,FALSE,NA
fdi_equity_directional,2016,NA,2,monthly,10.366600394983905,33.1 Direct_investment_flows_In_&_Out.xls,In Kosova,NA,7,inward (directional),variant,2026-09,FALSE,FALSE,NA,FALSE,NA
fdi_equity_directional,2016,NA,3,monthly,12.845441308161488,33.1 Direct_investment_flows_In_&_Out.xls,In Kosova,NA,7,inward (directional),variant,2026-09,FALSE,FALSE,NA,FALSE,NA
fdi_equity_directional,2016,NA,4,monthly,14.043420992065386,33.1 Direct_investment_flows_In_&_Out.xls,In Kosova,NA,7,inward (directional),variant,2026-09,FALSE,FALSE,NA,FALSE,NA
fdi_equity_directional,2016,NA,5,monthly,11.633844782075423,33.1 Direct_investment_flows_In_&_Out.xls,In Kosova,NA,7,inward (directional),variant,2026-09,FALSE,FALSE,NA,FALSE,NA
fdi_equity_directional,2016,NA,6,monthly,14.716370851771991,33.1 Direct_investment_flows_In_&_Out.xls,In Kosova,NA,7,inward (directional),variant,2026-09,FALSE,FALSE,NA,FALSE,NA
fdi_equity_directional,2016,NA,7,monthly,16.97055493193566,33.1 Direct_investment_flows_In_&_Out.xls,In Kosova,NA,7,inward (directional),variant,2026-09,FALSE,FALSE,NA,FALSE,NA
fdi_equity_directional,2016,NA,8,monthly,20.68219481705214,33.1 Direct_investment_flows_In_&_Out.xls,In Kosova,NA,7,inward (directional),variant,2026-09,FALSE,FALSE,NA,FALSE,NA
fdi_equity_directional,2016,NA,9,monthly,19.472516507732387,33.1 Direct_investment_flows_In_&_Out.xls,In Kosova,NA,7,inward (directional),variant,2026-09,FALSE,FALSE,NA,FALSE,NA
fdi_equity_directional,2016,NA,10,monthly,13.927890661219866,33.1 Direct_investment_flows_In_&_Out.xls,In Kosova,NA,7,inward (directional),variant,2026-09,FALSE,FALSE,NA,FALSE,NA
fdi_equity_directional,2016,NA,11,monthly,12.492534806603187,33.1 Direct_investment_flows_In_&_Out.xls,In Kosova,NA,7,inward (directional),variant,2026-09,FALSE,FALSE,NA,FALSE,NA
fdi_equity_directional,2016,NA,12,monthly,18.02276134332137,33.1 Direct_investment_flows_In_&_Out.xls,In Kosova,NA,7,inward (directional),variant,2026-09,FALSE,FALSE,NA,FALSE,NA
fdi_equity_directional,2017,NA,1,monthly,11.452244012705508,33.1 Direct_investment_flows_In_&_Out.xls,In Kosova,NA,7,inward (directional),variant,2026-09,FALSE,FALSE,NA,FALSE,NA
fdi_equity_directional,2017,NA,2,monthly,10.232138697465546,33.1 Direct_investment_flows_In_&_Out.xls,In Kosova,NA,7,inward (directional),variant,2026-09,FALSE,FALSE,NA,FALSE,NA
fdi_equity_directional,2017,NA,3,monthly,14.125900621530757,33.1 Direct_investment_flows_In_&_Out.xls,In Kosova,NA,7,inward (directional),variant,2026-09,FALSE,FALSE,NA,FALSE,NA
fdi_equity_directional,2017,NA,4,monthly,13.411647713843017,33.1 Direct_investment_flows_In_&_Out.xls,In Kosova,NA,7,inward (directional),variant,2026-09,FALSE,FALSE,NA,FALSE,NA
fdi_equity_directional,2017,NA,5,monthly,14.11555005388553,33.1 Direct_investment_flows_In_&_Out.xls,In Kosova,NA,7,inward (directional),variant,2026-09,FALSE,FALSE,NA,FALSE,NA
fdi_equity_directional,2017,NA,6,monthly,16.45388388444865,33.1 Direct_investment_flows_In_&_Out.xls,In Kosova,NA,7,inward (directional),variant,2026-09,FALSE,FALSE,NA,FALSE,NA
fdi_equity_directional,2017,NA,7,monthly,15.347601672009011,33.1 Direct_investment_flows_In_&_Out.xls,In Kosova,NA,7,inward (directional),variant,2026-09,FALSE,FALSE,NA,FALSE,NA
fdi_equity_directional,2017,NA,8,monthly,20.541303830111726,33.1 Direct_investment_flows_In_&_Out.xls,In Kosova,NA,7,inward (directional),variant,2026-09,FALSE,FALSE,NA,FALSE,NA
fdi_equity_directional,2017,NA,9,monthly,30.507865944764056,33.1 Direct_investment_flows_In_&_Out.xls,In Kosova,NA,7,inward (directional),variant,2026-09,FALSE,FALSE,NA,FALSE,NA
fdi_equity_directional,2017,NA,10,monthly,18.796754460685637,33.1 Direct_investment_flows_In_&_Out.xls,In Kosova,NA,7,inward (directional),variant,2026-09,FALSE,FALSE,NA,FALSE,NA
fdi_equity_directional,2017,NA,11,monthly,15.666347238462652,33.1 Direct_investment_flows_In_&_Out.xls,In Kosova,NA,7,inward (directional),variant,2026-09,FALSE,FALSE,NA,FALSE,NA
fdi_equity_directional,2017,NA,12,monthly,30.618331158724285,33.1 Direct_investment_flows_In_&_Out.xls,In Kosova,NA,7,inward (directional),variant,2026-09,FALSE,FALSE,NA,FALSE,NA
fdi_equity_directional,2018,NA,1,monthly,18.295108904873292,33.1 Direct_investment_flows_In_&_Out.xls,In Kosova,NA,7,inward (directional),variant,2026-09,FALSE,FALSE,NA,FALSE,NA
fdi_equity_directional,2018,NA,2,monthly,14.563316151817837,33.1 Direct_investment_flows_In_&_Out.xls,In Kosova,NA,7,inward (directional),variant,2026-09,FALSE,FALSE,NA,FALSE,NA
fdi_equity_directional,2018,NA,3,monthly,34.11675142134741,33.1 Direct_investment_flows_In_&_Out.xls,In Kosova,NA,7,inward (directional),variant,2026-09,FALSE,FALSE,NA,FALSE,NA
fdi_equity_directional,2018,NA,4,monthly,19.315016067200958,33.1 Direct_investment_flows_In_&_Out.xls,In Kosova,NA,7,inward (directional),variant,2026-09,FALSE,FALSE,NA,FALSE,NA
fdi_equity_directional,2018,NA,5,monthly,22.012896069596714,33.1 Direct_investment_flows_In_&_Out.xls,In Kosova,NA,7,inward (directional),variant,2026-09,FALSE,FALSE,NA,FALSE,NA
fdi_equity_directional,2018,NA,6,monthly,18.648218869385108,33.1 Direct_investment_flows_In_&_Out.xls,In Kosova,NA,7,inward (directional),variant,2026-09,FALSE,FALSE,NA,FALSE,NA
fdi_equity_directional,2018,NA,7,monthly,20.48927261958164,33.1 Direct_investment_flows_In_&_Out.xls,In Kosova,NA,7,inward (directional),variant,2026-09,FALSE,FALSE,NA,FALSE,NA
fdi_equity_directional,2018,NA,8,monthly,87.27482348604713,33.1 Direct_investment_flows_In_&_Out.xls,In Kosova,NA,7,inward (directional),variant,2026-09,FALSE,FALSE,NA,FALSE,NA
fdi_equity_directional,2018,NA,9,monthly,22.840951641899313,33.1 Direct_investment_flows_In_&_Out.xls,In Kosova,NA,7,inward (directional),variant,2026-09,FALSE,FALSE,NA,FALSE,NA
fdi_equity_directional,2018,NA,10,monthly,20.67413991395869,33.1 Direct_investment_flows_In_&_Out.xls,In Kosova,NA,7,inward (directional),variant,2026-09,FALSE,FALSE,NA,FALSE,NA
fdi_equity_directional,2018,NA,11,monthly,18.405113360980735,33.1 Direct_investment_flows_In_&_Out.xls,In Kosova,NA,7,inward (directional),variant,2026-09,FALSE,FALSE,NA,FALSE,NA
fdi_equity_directional,2018,NA,12,monthly,17.6688538716937,33.1 Direct_investment_flows_In_&_Out.xls,In Kosova,NA,7,inward (directional),variant,2026-09,FALSE,FALSE,NA,FALSE,NA
fdi_equity_directional,2019,NA,1,monthly,17.131062644533497,33.1 Direct_investment_flows_In_&_Out.xls,In Kosova,NA,7,inward (directional),variant,2026-09,FALSE,FALSE,NA,FALSE,NA
fdi_equity_directional,2019,NA,2,monthly,13.820284144045512,33.1 Direct_investment_flows_In_&_Out.xls,In Kosova,NA,7,inward (directional),variant,2026-09,FALSE,FALSE,NA,FALSE,NA
fdi_equity_directional,2019,NA,3,monthly,15.82464813981575,33.1 Direct_investment_flows_In_&_Out.xls,In Kosova,NA,7,inward (directional),variant,2026-09,FALSE,FALSE,NA,FALSE,NA
fdi_equity_directional,2019,NA,4,monthly,16.453717209719677,33.1 Direct_investment_flows_In_&_Out.xls,In Kosova,NA,7,inward (directional),variant,2026-09,FALSE,FALSE,NA,FALSE,NA
fdi_equity_directional,2019,NA,5,monthly,26.119090192189816,33.1 Direct_investment_flows_In_&_Out.xls,In Kosova,NA,7,inward (directional),variant,2026-09,FALSE,FALSE,NA,FALSE,NA
fdi_equity_directional,2019,NA,6,monthly,25.07697999284123,33.1 Direct_investment_flows_In_&_Out.xls,In Kosova,NA,7,inward (directional),variant,2026-09,FALSE,FALSE,NA,FALSE,NA
fdi_equity_directional,2019,NA,7,monthly,30.623099208167876,33.1 Direct_investment_flows_In_&_Out.xls,In Kosova,NA,7,inward (directional),variant,2026-09,FALSE,FALSE,NA,FALSE,NA
fdi_equity_directional,2019,NA,8,monthly,33.72868280991901,33.1 Direct_investment_flows_In_&_Out.xls,In Kosova,NA,7,inward (directional),variant,2026-09,FALSE,FALSE,NA,FALSE,NA
fdi_equity_directional,2019,NA,9,monthly,30.124460023826014,33.1 Direct_investment_flows_In_&_Out.xls,In Kosova,NA,7,inward (directional),variant,2026-09,FALSE,FALSE,NA,FALSE,NA
fdi_equity_directional,2019,NA,10,monthly,23.4358042819006,33.1 Direct_investment_flows_In_&_Out.xls,In Kosova,NA,7,inward (directional),variant,2026-09,FALSE,FALSE,NA,FALSE,NA
fdi_equity_directional,2019,NA,11,monthly,18.053322234302104,33.1 Direct_investment_flows_In_&_Out.xls,In Kosova,NA,7,inward (directional),variant,2026-09,FALSE,FALSE,NA,FALSE,NA
fdi_equity_directional,2019,NA,12,monthly,27.738303651994276,33.1 Direct_investment_flows_In_&_Out.xls,In Kosova,NA,7,inward (directional),variant,2026-09,FALSE,FALSE,NA,FALSE,NA
fdi_equity_directional,2020,NA,1,monthly,32.30148469749878,33.1 Direct_investment_flows_In_&_Out.xls,In Kosova,NA,7,inward (directional),variant,2026-09,FALSE,FALSE,NA,FALSE,NA
fdi_equity_directional,2020,NA,2,monthly,20.714366638673187,33.1 Direct_investment_flows_In_&_Out.xls,In Kosova,NA,7,inward (directional),variant,2026-09,FALSE,FALSE,NA,FALSE,NA
fdi_equity_directional,2020,NA,3,monthly,11.616266598834795,33.1 Direct_investment_flows_In_&_Out.xls,In Kosova,NA,7,inward (directional),variant,2026-09,FALSE,FALSE,NA,FALSE,NA
fdi_equity_directional,2020,NA,4,monthly,5.78677270417623,33.1 Direct_investment_flows_In_&_Out.xls,In Kosova,NA,7,inward (directional),variant,2026-09,FALSE,FALSE,NA,FALSE,NA
fdi_equity_directional,2020,NA,5,monthly,10.828966114890338,33.1 Direct_investment_flows_In_&_Out.xls,In Kosova,NA,7,inward (directional),variant,2026-09,FALSE,FALSE,NA,FALSE,NA
fdi_equity_directional,2020,NA,6,monthly,46.548499138040086,33.1 Direct_investment_flows_In_&_Out.xls,In Kosova,NA,7,inward (directional),variant,2026-09,FALSE,FALSE,NA,FALSE,NA
fdi_equity_directional,2020,NA,7,monthly,19.70624831794158,33.1 Direct_investment_flows_In_&_Out.xls,In Kosova,NA,7,inward (directional),variant,2026-09,FALSE,FALSE,NA,FALSE,NA
fdi_equity_directional,2020,NA,8,monthly,17.854599303494233,33.1 Direct_investment_flows_In_&_Out.xls,In Kosova,NA,7,inward (directional),variant,2026-09,FALSE,FALSE,NA,FALSE,NA
fdi_equity_directional,2020,NA,9,monthly,18.71138283022509,33.1 Direct_investment_flows_In_&_Out.xls,In Kosova,NA,7,inward (directional),variant,2026-09,FALSE,FALSE,NA,FALSE,NA
fdi_equity_directional,2020,NA,10,monthly,19.77244706168364,33.1 Direct_investment_flows_In_&_Out.xls,In Kosova,NA,7,inward (directional),variant,2026-09,FALSE,FALSE,NA,FALSE,NA
fdi_equity_directional,2020,NA,11,monthly,37.98411353800194,33.1 Direct_investment_flows_In_&_Out.xls,In Kosova,NA,7,inward (directional),variant,2026-09,FALSE,FALSE,NA,FALSE,NA
fdi_equity_directional,2020,NA,12,monthly,36.95704665615901,33.1 Direct_investment_flows_In_&_Out.xls,In Kosova,NA,7,inward (directional),variant,2026-09,FALSE,FALSE,NA,FALSE,NA
fdi_equity_directional,2021,NA,1,monthly,28.756850885933414,33.1 Direct_investment_flows_In_&_Out.xls,In Kosova,NA,7,inward (directional),variant,2026-09,FALSE,FALSE,NA,FALSE,NA
fdi_equity_directional,2021,NA,2,monthly,24.099077926767112,33.1 Direct_investment_flows_In_&_Out.xls,In Kosova,NA,7,inward (directional),variant,2026-09,FALSE,FALSE,NA,FALSE,NA
fdi_equity_directional,2021,NA,3,monthly,27.987461633479672,33.1 Direct_investment_flows_In_&_Out.xls,In Kosova,NA,7,inward (directional),variant,2026-09,FALSE,FALSE,NA,FALSE,NA
fdi_equity_directional,2021,NA,4,monthly,24.237333626182618,33.1 Direct_investment_flows_In_&_Out.xls,In Kosova,NA,7,inward (directional),variant,2026-09,FALSE,FALSE,NA,FALSE,NA
fdi_equity_directional,2021,NA,5,monthly,31.89422622447868,33.1 Direct_investment_flows_In_&_Out.xls,In Kosova,NA,7,inward (directional),variant,2026-09,FALSE,FALSE,NA,FALSE,NA
fdi_equity_directional,2021,NA,6,monthly,27.386262951164948,33.1 Direct_investment_flows_In_&_Out.xls,In Kosova,NA,7,inward (directional),variant,2026-09,FALSE,FALSE,NA,FALSE,NA
fdi_equity_directional,2021,NA,7,monthly,40.33910897434205,33.1 Direct_investment_flows_In_&_Out.xls,In Kosova,NA,7,inward (directional),variant,2026-09,FALSE,FALSE,NA,FALSE,NA
fdi_equity_directional,2021,NA,8,monthly,45.32431529029343,33.1 Direct_investment_flows_In_&_Out.xls,In Kosova,NA,7,inward (directional),variant,2026-09,FALSE,FALSE,NA,FALSE,NA
fdi_equity_directional,2021,NA,9,monthly,58.03125959709971,33.1 Direct_investment_flows_In_&_Out.xls,In Kosova,NA,7,inward (directional),variant,2026-09,FALSE,FALSE,NA,FALSE,NA
fdi_equity_directional,2021,NA,10,monthly,40.00868256107574,33.1 Direct_investment_flows_In_&_Out.xls,In Kosova,NA,7,inward (directional),variant,2026-09,FALSE,FALSE,NA,FALSE,NA
fdi_equity_directional,2021,NA,11,monthly,42.0076923409214,33.1 Direct_investment_flows_In_&_Out.xls,In Kosova,NA,7,inward (directional),variant,2026-09,FALSE,FALSE,NA,FALSE,NA
fdi_equity_directional,2021,NA,12,monthly,58.22589325566416,33.1 Direct_investment_flows_In_&_Out.xls,In Kosova,NA,7,inward (directional),variant,2026-09,FALSE,FALSE,NA,FALSE,NA
fdi_equity_directional,2022,NA,1,monthly,46.66031317174219,33.1 Direct_investment_flows_In_&_Out.xls,In Kosova,NA,7,inward (directional),variant,2026-09,FALSE,FALSE,NA,FALSE,NA
fdi_equity_directional,2022,NA,2,monthly,34.067698272571064,33.1 Direct_investment_flows_In_&_Out.xls,In Kosova,NA,7,inward (directional),variant,2026-09,FALSE,FALSE,NA,FALSE,NA
fdi_equity_directional,2022,NA,3,monthly,51.2403781435299,33.1 Direct_investment_flows_In_&_Out.xls,In Kosova,NA,7,inward (directional),variant,2026-09,FALSE,FALSE,NA,FALSE,NA
fdi_equity_directional,2022,NA,4,monthly,44.84375888722607,33.1 Direct_investment_flows_In_&_Out.xls,In Kosova,NA,7,inward (directional),variant,2026-09,FALSE,FALSE,NA,FALSE,NA
fdi_equity_directional,2022,NA,5,monthly,47.65092924915013,33.1 Direct_investment_flows_In_&_Out.xls,In Kosova,NA,7,inward (directional),variant,2026-09,FALSE,FALSE,NA,FALSE,NA
fdi_equity_directional,2022,NA,6,monthly,50.166053848709744,33.1 Direct_investment_flows_In_&_Out.xls,In Kosova,NA,7,inward (directional),variant,2026-09,FALSE,FALSE,NA,FALSE,NA
fdi_equity_directional,2022,NA,7,monthly,56.873004188714845,33.1 Direct_investment_flows_In_&_Out.xls,In Kosova,NA,7,inward (directional),variant,2026-09,FALSE,FALSE,NA,FALSE,NA
fdi_equity_directional,2022,NA,8,monthly,69.61948413162204,33.1 Direct_investment_flows_In_&_Out.xls,In Kosova,NA,7,inward (directional),variant,2026-09,FALSE,FALSE,NA,FALSE,NA
fdi_equity_directional,2022,NA,9,monthly,85.28729986247093,33.1 Direct_investment_flows_In_&_Out.xls,In Kosova,NA,7,inward (directional),variant,2026-09,FALSE,FALSE,NA,FALSE,NA
fdi_equity_directional,2022,NA,10,monthly,50.48379246614875,33.1 Direct_investment_flows_In_&_Out.xls,In Kosova,NA,7,inward (directional),variant,2026-09,FALSE,FALSE,NA,FALSE,NA
fdi_equity_directional,2022,NA,11,monthly,44.01507492978446,33.1 Direct_investment_flows_In_&_Out.xls,In Kosova,NA,7,inward (directional),variant,2026-09,FALSE,FALSE,NA,FALSE,NA
fdi_equity_directional,2022,NA,12,monthly,65.55511022574193,33.1 Direct_investment_flows_In_&_Out.xls,In Kosova,NA,7,inward (directional),variant,2026-09,FALSE,FALSE,NA,FALSE,NA
fdi_equity_directional,2023,NA,1,monthly,46.130777280345775,33.1 Direct_investment_flows_In_&_Out.xls,In Kosova,NA,7,inward (directional),variant,2026-09,FALSE,FALSE,NA,FALSE,NA
fdi_equity_directional,2023,NA,2,monthly,36.72512757071621,33.1 Direct_investment_flows_In_&_Out.xls,In Kosova,NA,7,inward (directional),variant,2026-09,FALSE,FALSE,NA,FALSE,NA
fdi_equity_directional,2023,NA,3,monthly,43.20466630615378,33.1 Direct_investment_flows_In_&_Out.xls,In Kosova,NA,7,inward (directional),variant,2026-09,FALSE,FALSE,NA,FALSE,NA
fdi_equity_directional,2023,NA,4,monthly,40.36994419723576,33.1 Direct_investment_flows_In_&_Out.xls,In Kosova,NA,7,inward (directional),variant,2026-09,FALSE,FALSE,NA,FALSE,NA
fdi_equity_directional,2023,NA,5,monthly,46.188056040038504,33.1 Direct_investment_flows_In_&_Out.xls,In Kosova,NA,7,inward (directional),variant,2026-09,FALSE,FALSE,NA,FALSE,NA
fdi_equity_directional,2023,NA,6,monthly,45.24770537962691,33.1 Direct_investment_flows_In_&_Out.xls,In Kosova,NA,7,inward (directional),variant,2026-09,FALSE,FALSE,NA,FALSE,NA
fdi_equity_directional,2023,NA,7,monthly,49.65021311451045,33.1 Direct_investment_flows_In_&_Out.xls,In Kosova,NA,7,inward (directional),variant,2026-09,FALSE,FALSE,NA,FALSE,NA
fdi_equity_directional,2023,NA,8,monthly,54.5512968167843,33.1 Direct_investment_flows_In_&_Out.xls,In Kosova,NA,7,inward (directional),variant,2026-09,FALSE,FALSE,NA,FALSE,NA
fdi_equity_directional,2023,NA,9,monthly,63.71295609527365,33.1 Direct_investment_flows_In_&_Out.xls,In Kosova,NA,7,inward (directional),variant,2026-09,FALSE,FALSE,NA,FALSE,NA
fdi_equity_directional,2023,NA,10,monthly,54.67470299146083,33.1 Direct_investment_flows_In_&_Out.xls,In Kosova,NA,7,inward (directional),variant,2026-09,FALSE,FALSE,NA,FALSE,NA
fdi_equity_directional,2023,NA,11,monthly,40.31426860081145,33.1 Direct_investment_flows_In_&_Out.xls,In Kosova,NA,7,inward (directional),variant,2026-09,FALSE,FALSE,NA,FALSE,NA
fdi_equity_directional,2023,NA,12,monthly,59.53671168816079,33.1 Direct_investment_flows_In_&_Out.xls,In Kosova,NA,7,inward (directional),variant,2026-09,FALSE,FALSE,NA,FALSE,NA
fdi_equity_directional,2024,NA,1,monthly,52.66842624275847,33.1 Direct_investment_flows_In_&_Out.xls,In Kosova,NA,7,inward (directional),variant,2026-09,FALSE,FALSE,NA,FALSE,NA
fdi_equity_directional,2024,NA,2,monthly,43.963504898242945,33.1 Direct_investment_flows_In_&_Out.xls,In Kosova,NA,7,inward (directional),variant,2026-09,FALSE,FALSE,NA,FALSE,NA
fdi_equity_directional,2024,NA,3,monthly,57.29794798765211,33.1 Direct_investment_flows_In_&_Out.xls,In Kosova,NA,7,inward (directional),variant,2026-09,FALSE,FALSE,NA,FALSE,NA
fdi_equity_directional,2024,NA,4,monthly,49.10437430755976,33.1 Direct_investment_flows_In_&_Out.xls,In Kosova,NA,7,inward (directional),variant,2026-09,FALSE,FALSE,NA,FALSE,NA
fdi_equity_directional,2024,NA,5,monthly,47.1230046763293,33.1 Direct_investment_flows_In_&_Out.xls,In Kosova,NA,7,inward (directional),variant,2026-09,FALSE,FALSE,NA,FALSE,NA
fdi_equity_directional,2024,NA,6,monthly,51.83055502881924,33.1 Direct_investment_flows_In_&_Out.xls,In Kosova,NA,7,inward (directional),variant,2026-09,FALSE,FALSE,NA,FALSE,NA
fdi_equity_directional,2024,NA,7,monthly,63.086080736333045,33.1 Direct_investment_flows_In_&_Out.xls,In Kosova,NA,7,inward (directional),variant,2026-09,FALSE,FALSE,NA,FALSE,NA
fdi_equity_directional,2024,NA,8,monthly,68.79475310096898,33.1 Direct_investment_flows_In_&_Out.xls,In Kosova,NA,7,inward (directional),variant,2026-09,FALSE,FALSE,NA,FALSE,NA
fdi_equity_directional,2024,NA,9,monthly,70.58319946195327,33.1 Direct_investment_flows_In_&_Out.xls,In Kosova,NA,7,inward (directional),variant,2026-09,FALSE,FALSE,NA,FALSE,NA
fdi_equity_directional,2024,NA,10,monthly,61.01154437087782,33.1 Direct_investment_flows_In_&_Out.xls,In Kosova,NA,7,inward (directional),variant,2026-09,FALSE,FALSE,NA,FALSE,NA
fdi_equity_directional,2024,NA,11,monthly,56.32180377613244,33.1 Direct_investment_flows_In_&_Out.xls,In Kosova,NA,7,inward (directional),variant,2026-09,FALSE,FALSE,NA,FALSE,NA
