geo,month,sum_contrib,yoy_I25_total,RCH_A,R_der,bound_der,ratio_der,R_pub,bound_pub,ratio_pub,R_der_norm1000
XK,2017-01,1.6787122957409564,1.6949152542372836,1.7,-0.016202958496327247,0.027577712173257243,0.5875381683053331,-0.021287704259043583,0.06423782175992354,0.3313889493109257,-0.016202958496327247
XK,2017-02,1.6567699939627722,1.651228352799028,1.7,0.0055416411637443375,0.027528246842530572,0.20130744959692154,-0.04323000603722771,0.06421520560390555,0.6732051331250192,0.0055416411637443375
XK,2017-03,1.514620411458318,1.5021459227467782,1.5,0.012474488711539777,0.02747051036505423,0.4541047307009198,0.014620411458317939,0.06416090031291659,0.22787104587082332,0.012474488711539777
XK,2017-04,2.2170329062692886,2.207774617364211,2.2,0.009258288905077627,0.027928616283258156,0.3314983030730212,0.01703290626928844,0.06453475817592291,0.2639338358231146,0.009258288905077627
XK,2017-05,1.5498224717564861,1.546391752577314,1.5,0.003430719179172037,0.028022523765999546,0.12242720205432095,0.04982247175648613,0.06456303198592998,0.7716872988143398,0.003430719179172037
XK,2017-06,1.9224464814661695,1.9275145920998993,1.9,-0.005068110633729805,0.027978571062294087,0.18114258310210674,0.022446481466169566,0.06453465755372756,0.3478205714112919,-0.005068110633729805
XK,2017-07,1.6864705462986163,1.6827249287556079,1.7,0.003745617543008395,0.028006547044649912,0.13374078343313373,-0.013529453701383698,0.06455086894546296,0.2095936727484539,0.003745617543008395
XK,2017-08,1.712749874454248,1.7066233238520967,1.7,0.006126550602151282,0.027920676077244796,0.21942701477577717,0.012749874454248022,0.06449245424432277,0.19769560026272973,0.006126550602151282
XK,2017-09,1.6688792741007283,1.6765819361817424,1.7,-0.007702662081014111,0.027821685369374287,0.276858212532771,-0.031120725899271617,0.06441316567019523,0.4831423137719121,-0.007702662081014111
XK,2017-10,0.9038893041528505,0.897642015005351,0.9,0.006247289147499502,0.027340812053319286,0.22849683964456555,0.0038893041528504924,0.06400413846054016,0.06076644802036241,0.006247289147499502
XK,2017-11,0.8781496399875484,0.8835341365461824,0.9,-0.005384496558634044,0.027288824631486356,0.19731507792465752,-0.021850360012451664,0.06396036179026209,0.3416234586680897,-0.005384496558634044
XK,2017-12,0.4979633957937379,0.5068694144324315,0.5,-0.008906018638693614,0.026879827379649716,0.33132722591203156,-0.002036604206262116,0.06350735376163093,0.03206879338582307,-0.008906018638693614
XK,2018-01,-0.1748483852732894,-0.18518518518518823,-0.2,0.010336799911898842,0.027120481497042576,0.3811436722842124,0.025151614726710625,0.06390521596603746,0.3935768676547075,0.010336799911898842
XK,2018-02,-0.013340127534794714,-0.013206550449029741,0,-1.3357708576497256e-4,0.02717269155609941,0.004915857727571663,-0.013340127534794714,0.06396701317184396,0.20854698184761536,-1.3357708576497256e-4
XK,2018-03,0.09970491528464256,0.10570824524311906,0.1,-0.006003329958476494,0.027178065700741952,0.22088878673630571,-2.9508471535744096e-4,0.06397072568996508,0.004612808627302006,-0.006003329958476494
XK,2018-04,0.40548970853009947,0.41081367611979225,0.4,-0.00532396758969278,0.027219953197851757,0.1955906224744338,0.005489708530099446,0.06399441421982371,0.08578418283886542,-0.00532396758969278
XK,2018-05,0.9926921396101525,0.9885118888592004,1,0.004180250750952075,0.027553125244528708,0.1517160290839297,-0.0073078603898475425,0.0642614389230864,0.1137207711547545,0.004180250750952075
XK,2018-06,0.8035002054880931,0.7990411506192396,0.8,0.0044590548688534515,0.027377512341450735,0.1628729014250959,0.0035002054880930444,0.06411395922374499,0.054593500861146664,0.0044590548688534515
XK,2018-07,1.2377055930464058,1.241158414520216,1.2,-0.003452821473810097,0.027526888815392555,0.12543449777293175,0.03770559304640586,0.0642634598000455,0.5867345636809173,-0.003452821473810097
XK,2018-08,1.4662698668787333,1.4649087761352986,1.5,0.001361090743434712,0.027502883931913497,0.04948901892631501,-0.033730133121266714,0.06428325621509287,0.5247110228580381,0.001361090743434712
XK,2018-09,1.4429907225323648,1.4361702127659637,1.4,0.006820509766401139,0.02744859708047045,0.2484830006577604,0.04299072253236491,0.06424712176412309,0.6691462800497284,0.006820509766401139
XK,2018-10,1.451454165991842,1.4606293984862573,1.5,-0.009175232494415209,0.027385958192693884,0.33503419635187376,-0.04854583400815793,0.06420326525246306,0.7561271816513342,-0.009175232494415209
XK,2018-11,2.062149101074992,2.070063694267521,2.1,-0.007914593192528852,0.027450699859906703,0.2883202698991497,-0.037850898925007925,0.06431735554699473,0.5885021018526084,-0.007914593192528852
XK,2018-12,2.8962932569746656,2.89316522893166,2.9,0.003128028043005493,0.027233804949295826,0.11485828178725989,-0.003706743025334358,0.06377042304910056,0.058126367179347715,0.003128028043005493
XK,2019-01,3.148166755569153,3.140736814206213,3.1,0.007429941362939729,0.0273951289778852,0.2712139581068434,0.04816675556915273,0.06435216559998025,0.748486940883424,0.007429941362939729
XK,2019-02,3.1869656684837047,3.183199049002794,3.2,0.0037666194809107267,0.02730190990887188,0.13796175774819133,-0.013034331516295516,0.06430433576367701,0.2026975531509665,0.0037666194809107267
XK,2019-03,3.268621509514037,3.2734952481520363,3.3,-0.004873738637999114,0.027283151267926655,0.17863547323173593,-0.03137849048596264,0.06429897411495712,0.4880091932705257,-0.004873738637999114
XK,2019-04,3.383502288239021,3.3918437376270427,3.4,-0.008341449388021616,0.027301982091463284,0.30552541423832374,-0.016497711760978806,0.06432687062524668,0.25646687924694206,-0.008341449388021616
XK,2019-05,3.4162135900675987,3.412698412698423,3.4,0.003515177369175948,0.027337388624018254,0.1285849726731968,0.016213590067598815,0.0643360479337043,0.2520140821255646,0.003515177369175948
XK,2019-06,2.9573074750631614,2.9594398203197425,3,-0.002132345256581125,0.027215151860516148,0.0783514002607768,-0.042692524936838616,0.06419858263816292,0.6650072818190226,-0.002132345256581125
XK,2019-07,2.6054345538646166,2.6100711837595547,2.6,-0.004636629894938071,0.027099494371713564,0.1710965463539343,0.005434553864616554,0.0640887375777856,0.08479733054533244,-0.004636629894938071
XK,2019-08,2.6642853944784677,2.6643916524478284,2.7,-1.0625796936070131e-4,0.02697141987759343,0.003939650557625087,-0.035714605521532494,0.06402117569412466,0.5578561332920052,-1.0625796936070131e-4
XK,2019-09,2.4271037788277914,2.425275301520702,2.4,0.001828477307089571,0.02687520429740057,0.0680358477225204,0.02710377882779147,0.06392481967812859,0.4239946074820893,0.001828477307089571
XK,2019-10,2.21419298370943,2.211752388430832,2.2,0.002440595278597968,0.026788641125697926,0.09110560207761874,0.014192983709429896,0.06384639754349022,0.22229889634355748,0.002440595278597968
XK,2019-11,1.7337820402599404,1.7290691627665167,1.7,0.0047128774934237505,0.026554950903344428,0.17747641524843466,0.03378204025994047,0.06366743757242246,0.5306015374266162,0.0047128774934237505
XK,2019-12,1.1764045552792197,1.1737391977299172,1.2,0.0026653575493025272,0.026161774384109715,0.1018798461514685,-0.023595444720780234,0.0631878456348273,0.37341745843246654,0.0026653575493025272
XK,2020-01,1.548117979050134,1.5546704355646979,1.6,-0.00655245651456382,0.026287642350908972,0.24925995367314674,-0.05188202094986605,0.0635381605010399,0.8165489926170733,-0.00655245651456382
XK,2020-02,0.9748109381864075,0.972862263184826,1,0.001948675001581468,0.026189884212437467,0.07440563638139532,-0.025189061813592484,0.06345158157597787,0.39698083464524403,0.001948675001581468
XK,2020-03,0.7394174061235217,0.7285276073619729,0.7,0.01088979876154883,0.02615631123613011,0.41633541760684456,0.03941740612352174,0.0634230742227776,0.6214994559403662,0.01088979876154883
XK,2020-04,0.2869940466781719,0.2808271636456361,0.3,0.006166883032535819,0.026197529959931454,0.23539940757651318,-0.013005953321828079,0.06345136969238413,0.20497513899040612,0.006166883032535819
XK,2020-05,0.1868757101743308,0.19186492709131198,0.2,-0.004989216916981176,0.026221094250752756,0.19027493167406412,-0.013124289825669211,0.06344173165831493,0.2068715572953483,-0.004989216916981176
XK,2020-06,0.11138577040571536,0.10265622994996004,0.1,0.008729540455755316,0.026306115787970884,0.3318445233844486,0.011385770405715354,0.06348179366044789,0.17935489451693326,0.008729540455755316
XK,2020-07,-0.1026298035391219,-0.10277492291880241,-0.1,1.4511937968050836e-4,0.02632528552920745,0.005512547224587589,-0.0026298035391219,0.06348502184220176,0.041423999910696015,1.4511937968050836e-4
XK,2020-08,-0.49588898646615776,-0.4858092559447691,-0.5,-0.010079730521388663,0.026100758759184856,0.3861853448165221,0.004111013533842245,0.06334735868507346,0.06489636851758625,-0.010079730521388663
XK,2020-09,-0.4402847373830816,-0.4351721489824545,-0.4,-0.005112588400627116,0.02614553135638151,0.19554348813718997,-0.04028473738308158,0.06337419973797356,0.6356646324473133,-0.005112588400627116
XK,2020-10,-0.20947423608844964,-0.21766965428935414,-0.2,0.008195418200904497,0.0261725638761096,0.3131301251072808,-0.009474236088449633,0.06338240188251819,0.14947739131140073,0.008195418200904497
XK,2020-11,-0.2977957940460787,-0.3067092651757086,-0.3,0.008913471129629924,0.026047081235036188,0.34220614007378014,0.00220420595392129,0.06328712655562918,0.03482866222380629,0.008913471129629924
XK,2020-12,0.08313522997243873,0.08924018357980845,0.1,-0.00610495360736972,0.025789147679972656,0.23672568334279256,-0.016864770027561274,0.06303486159029267,0.26754671307406247,-0.00610495360736972
XK,2021-01,-0.20728550454963057,-0.20242914979758941,-0.2,-0.004856354752041159,0.02659743025414132,0.18258736673573966,-0.0072855045496305615,0.06395841387862092,0.11391002540270707,-0.004856354752041159
XK,2021-02,0.7300771944932167,0.7352941176470562,0.7,-0.005216923153839481,0.026851683665492326,0.19428663091781692,0.030077194493216775,0.06422014590452002,0.46834515975616686,-0.005216923153839481
XK,2021-03,1.234092943629877,1.2434970181449012,1.2,-0.009404074515024119,0.027194914104604246,0.34580269232885563,0.03409294362987714,0.06458386784498116,0.527886371124589,-0.009404074515024119
XK,2021-04,1.9009257016399337,1.8966395112016254,1.9,0.004286190438308246,0.027456790223661064,0.1561067555017627,9.257016399337736e-4,0.06484892438128359,0.01427474162086404,0.004286190438308246
XK,2021-05,1.96826466843388,1.966041108132277,2,0.002223560301602978,0.02741024655070405,0.08112149949070285,-0.03173533156611996,0.06476952704641173,0.48997318667124834,0.002223560301602978
XK,2021-06,2.3632351178719553,2.371490834508383,2.4,-0.008255716636427657,0.027226172315338755,0.30322722345279984,-0.03676488212804463,0.06455824380696747,0.5694839258325173,-0.008255716636427657
XK,2021-07,3.504100829274743,3.4979423868312765,3.5,0.0061584424434664164,0.027789993376799105,0.22160647395504185,0.004100829274742868,0.06515562218984605,0.06293899339636644,0.0061584424434664164
XK,2021-08,4.684373610664604,4.6762589928057485,4.7,0.008114617858855588,0.02834109974617523,0.2863197946279659,-0.015626389335396063,0.06579565320228303,0.23749880994955827,0.008114617858855588
XK,2021-09,4.866609547114703,4.859236405707668,4.9,0.00737314140703571,0.028280132220339045,0.2607180670015734,-0.03339045288529707,0.06573828768246451,0.5079300672780358,0.00737314140703571
XK,2021-10,5.6952423919763975,5.697420762222505,5.7,-0.0021783702461073418,0.02898242721593548,0.07516176025828517,-0.0047576080236027,0.06651566627687379,0.07152612745092246,-0.0021783702461073418
XK,2021-11,6.893732246306713,6.896551724137923,6.9,-0.002819477831209838,0.029587657573304598,0.09529236385896617,-0.006267753693287581,0.06721045675116026,0.09325563307050998,-0.002819477831209838
XK,2021-12,6.706399851820493,6.6997834670742495,6.7,0.0066163847462430425,0.029073746675420654,0.2275724838669185,0.006399851820492408,0.06590983230394828,0.09710010778026254,0.0066163847462430425
XK,2022-01,7.124495576703571,7.124746450304276,7.1,-2.5087360070497056e-4,0.029513413841153007,0.008500324701683836,0.024495576703571054,0.06728751657327575,0.36404340583584327,-2.5087360070497056e-4
XK,2022-02,7.520303843255666,7.525799144223511,7.5,-0.00549530096784423,0.02976567441656538,0.18461872863817763,0.020303843255666365,0.06765359340314281,0.3001147793388778,-0.00549530096784423
XK,2022-03,10.01249598763826,10.013786188745444,10,-0.0012902011071833641,0.030992418252538203,0.04162957200274941,0.01249598763826043,0.06908686654053964,0.18087356199499774,-0.0012902011071833641
XK,2022-04,11.243526101055135,11.242973141786393,11.2,5.529592687416596e-4,0.03154077947835095,0.017531566368586465,0.04352610105513577,0.06975090309330627,0.624022043082519,5.529592687416596e-4
XK,2022-05,12.485587614635513,12.482784524852875,12.5,0.002803089782638324,0.032405919178535886,0.08649931412823356,-0.01441238536448708,0.07066736845378985,0.20394682411177506,0.002803089782638324
XK,2022-06,14.07972307935524,14.074630603556226,14.1,0.00509247579901384,0.033147731134449465,0.15362969424237244,-0.0202769206447595,0.07150766198450918,0.2835629089530591,0.00509247579901384
XK,2022-07,14.202813731502445,14.202286282306154,14.2,5.274491962907746e-4,0.0325798050821018,0.016189452176327987,0.002813731502445904,0.07103677210476411,0.039609506725562495,5.274491962907746e-4
XK,2022-08,13.041653330059363,13.046146293568972,13,-0.004492963509608927,0.03147437678481255,0.14274988001595426,0.041653330059363114,0.07000144848068919,0.5950352594611485,-0.004492963509608927
XK,2022-09,12.71068413616948,12.713007233051377,12.7,-0.0023230968818968023,0.03103403234647767,0.07485643038457654,0.010684136169480496,0.06955360823410377,0.15361009213957377,-0.0023230968818968023
XK,2022-10,12.671362062204405,12.674517421391274,12.7,-0.0031553591868682673,0.030846241591592813,0.1022931489886361,-0.02863793779559387,0.06947488106674868,0.4122056397344486,-0.0031553591868682673
XK,2022-11,11.598750629902568,11.596114642043421,11.6,0.002635987859147093,0.029955462706663338,0.08799690009664715,-0.0012493700974314237,0.06865922734346105,0.018196681579033393,0.002635987859147093
XK,2022-12,12.065817821926993,12.068759699176312,12.1,-0.002941877249318381,0.02960434301940148,0.09937316451813825,-0.0341821780730065,0.0669465443026189,0.5105891338990192,-0.002941877249318381
XK,2023-01,12.039497197083437,12.03550295857989,12,0.003994238503546299,0.029795824259201725,0.13405363344874657,0.039497197083436575,0.06867413736248992,0.5751393261040086,0.00397547438571344
XK,2023-02,10.49964248455363,10.498595505617981,10.5,0.001046978935649534,0.028863687177608552,0.036273222101081526,-3.575154463693053e-4,0.06777407396667857,0.005275106326721327,0.001034634038832749
XK,2023-03,7.100384531927606,7.0972886762360465,7.1,0.003095855691559457,0.02672685896692865,0.11583312859136252,3.8453192760634636e-4,0.0657393606978846,0.005849340844270183,0.0030928792823115003
XK,2023-04,5.553492160154167,5.558674901740601,5.6,-0.005182741586434503,0.02584311623844604,0.20054630945490587,-0.046507839845832954,0.06492499773249193,0.716331790067325,-0.005185442796571849
XK,2023-05,4.288154617587059,4.296527159394481,4.3,-0.00837254180742164,0.025482229076408524,0.32856394871565414,-0.01184538241294053,0.06458951881794077,0.18339480816274925,-0.00836847428440457
XK,2023-06,2.811169428478226,2.810098792535687,2.8,0.0010706359425389778,0.02521418765762697,0.04246164727084214,0.011169428478225996,0.06439158831890061,0.17346098721636094,0.001075336094824575
XK,2023-07,2.345240120508651,2.3501251224023356,2.4,-0.004885001893684571,0.024688188781270225,0.19786797391109523,-0.05475987949134886,0.06393529764512175,0.856489005420733,-0.004889117974036239
XK,2023-08,3.171194605954773,3.170122679405063,3.2,0.0010719265497098895,0.02428972341456629,0.044130866844991186,-0.028805394045227306,0.06360533879538659,0.45287698471180243,0.001046926529484793
XK,2023-09,4.2469621866495215,4.252773547966071,4.3,-0.005811361316549579,0.023897670012183393,0.24317690024118918,-0.0530378133504783,0.06325165907175424,0.8385205088503829,-0.005854117097512379
XK,2023-10,3.252057242771947,3.2539597026182587,3.3,-0.0019024598463115439,0.023148656633593334,0.08218446004986284,-0.047942757228052635,0.06254905286130426,0.7664825450572449,-0.001944458043904529
XK,2023-11,2.8713035123122235,2.8798624543305396,2.9,-0.008558942018316085,0.023021998812617777,0.37177232472208904,-0.02869648768777644,0.06243005515074655,0.45965821459687245,-0.008598914333137309
XK,2023-12,2.3068797728130783,2.311461440136342,2.3,-0.004581667323263705,0.021747865613485465,0.21067204500393338,0.0068797728130785,0.060972862341625654,0.11283335813450465,-0.0046278049187193915
XK,2024-01,1.8176388997412065,1.816837435301566,1.8,8.014644396405757e-4,0.02196688028336649,0.036485128033745026,0.01763889974120647,0.06149991294305403,0.28681178390511297,7.724602196703678e-4
XK,2024-02,2.1863234201611843,2.1819722487024684,2.2,0.004351171458715886,0.022001717966327432,0.19776507749872732,-0.013676579838815872,0.061525638873932136,0.22229074072419777,0.004316464865373959
XK,2024-03,2.3072885777671517,2.3082650781831804,2.3,-9.765004160287027e-4,0.022121658437923155,0.044142278878815354,0.00728857776715186,0.06160715530426561,0.11830732536107226,-0.0010197950470005601
XK,2024-04,2.4071558193602938,2.40425531914894,2.4,0.002900500211353574,0.022153026932945675,0.13093019839379105,0.007155819360293858,0.061642923545627906,0.11608500941713354,0.0028569804805158583
XK,2024-05,2.372890981224991,2.3692636072571993,2.4,0.0036273739677916694,0.022256821414138064,0.16297807761028604,-0.02710901877500893,0.06171127810297804,0.43928791638008086,0.003577247780713666
XK,2024-06,2.3797256177059394,2.3809523809523947,2.4,-0.0012267632464553202,0.02228552233551828,0.055047542883934396,-0.020274382294060533,0.061735580997240164,0.32840676262473145,-0.0012775808989715642
XK,2024-07,2.218515585942894,2.211119379185722,2.2,0.00739620675717223,0.02213903369624401,0.33407992682295934,0.01851558594289404,0.061626963524130995,0.30044618271098134,0.007354183917624102
XK,2024-08,1.4106247757619208,1.4100810270440967,1.4,5.43748717824144e-4,0.021860101320452168,0.024874025506707798,0.01062477576192089,0.061411357162581844,0.17300994885673368,5.224012949207602e-4
XK,2024-09,0.20330090000645665,0.19822639540949538,0.2,0.005074504596961266,0.021648432830927603,0.23440517087738913,0.0033009000064566363,0.061226334522034666,0.053913075676099466,0.005070326913501316
XK,2024-10,0.4246455665486048,0.4174058228112232,0.4,0.007239743737381621,0.021613484703755924,0.3349642057545455,0.02464556654860478,0.0612008730631894,0.40269959095450214,0.00723521963487872
XK,2024-11,0.6858607446155855,0.6893670357217552,0.7,-0.0035062911061696234,0.021593028736305055,0.16238069929830562,-0.014139255384414406,0.06118370945685432,0.23109509884138624,-0.003512678967503735
XK,2024-12,1.10436512642995,1.1035918792295707,1.1,7.732472003794122e-4,0.021081304854890508,0.03667928554242371,0.004365126429950017,0.06061261188906873,0.07201680135379963,7.732472003794122e-4
XK,2025-01,1.4537083121604364,1.452432824981842,1.5,0.0012754871785944921,0.021674812773853504,0.05884651424224168,-0.04629168783956361,0.0613757663896931,0.7542339682676031,0.0012754871785944921
XK,2025-02,1.747788147940982,1.7518399502435944,1.8,-0.004051802302612373,0.021650255714563853,0.1871480113690656,-0.052211852059018016,0.06137471597938481,0.8507062106251617,-0.004051802302612373
XK,2025-03,2.9012839147920952,2.900810979413593,2.9,4.7293537850245926e-4,0.021741026856586375,0.02175312976807188,0.0012839147920953309,0.06149470521192915,0.020878460798707407,4.7293537850245926e-4
XK,2025-04,2.9970511167795104,3.002285476833566,3,-0.005234360054055642,0.021743118804573195,0.24073639578121184,-0.0029488832204895843,0.061509990649208535,0.047941532576505574,-0.005234360054055642
XK,2025-05,3.6287790327747587,3.6280233527939965,3.6,7.556799807622028e-4,0.021847342026559337,0.03458910378404564,0.028779032774758573,0.061611183493674636,0.4671072870676668,7.556799807622028e-4
XK,2025-06,4.331983961550501,4.338304307018448,4.3,-0.0063203454679472415,0.021908009371566214,0.2884947400173308,0.03198396155050087,0.06170494667548583,0.5183370746385796,-0.0063203454679472415
XK,2025-07,4.280854403924982,4.284971398855952,4.3,-0.004116994930970286,0.021880074528315457,0.18816183307065054,-0.019145596075017757,0.06170205775250226,0.3102910465614306,-0.004116994930970286
XK,2025-08,4.543641480301549,4.5449828784891455,4.5,-0.0013413981875967096,0.021840430298007456,0.06141812085630419,0.043641480301548796,0.06169942687759129,0.7073239170945851,-0.0013413981875967096
XK,2025-09,4.67019029987363,4.675135360266558,4.7,-0.004945060392928191,0.02183694492382496,0.22645385653434225,-0.02980970012637041,0.061667497050067376,0.48339403336198544,-0.004945060392928191
XK,2025-10,5.140213130566757,5.143926010599609,5.1,-0.003712880032852084,0.021839246121969386,0.17000953293516294,0.040213130566757016,0.06171436304239947,0.6516008362450324,-0.003712880032852084
XK,2025-11,5.331959161704101,5.331950207468883,5.3,8.954235218183726e-6,0.021791429510991143,4.1090627917124005e-4,0.03195916170410129,0.061694539889979694,0.5180225310229121,8.954235218183726e-6
XK,2025-12,5.277087401490861,5.272371537431786,5.3,0.004715864059074981,0.021342838203042214,0.22095768211384278,-0.02291259850913896,0.06077377366153561,0.3770145760035401,0.004715864059074981
XK,2026-01,5.76566331413281,5.7674608855711185,5.8,-0.0017975714383080543,0.021557573913952903,0.08338468166608469,-0.03433668586718941,0.0616262857324367,0.5571759754639319,-0.0018098630152740824
XK,2026-02,5.767405513657193,5.766096169519153,5.8,0.0013093441380407356,0.021417900300886746,0.06113316990211809,-0.032594486342806483,0.061524293681883516,0.529782373631772,0.001293168125395816
XK,2026-03,6.520986094627535,6.517126401939977,6.5,0.0038596926875582582,0.021388199757870062,0.18045897884126666,0.020986094627534868,0.061613765373516996,0.3406072409357272,0.003827430685025668
XK,2026-04,7.514789096766922,7.5138678769540945,7.5,9.212198128274451e-4,0.02150145500318151,0.0428445336695184,0.014789096766921972,0.06179473338547249,0.23932616837535842,8.771668462532745e-4
XK,2026-05,6.782301739652411,6.780684104627754,6.8,0.0016176350246563942,0.021315803373783023,0.07588900105196009,-0.017698260347589034,0.061596684629937164,0.28732488532324907,0.0015782789131604247
XK,2026-06,6.020321742536556,6.016991504247882,6,0.003330238288674181,0.021079560859254307,0.15798423462944894,0.02032174253655583,0.061385590443139536,0.33105069756361677,0.0032918473902148193
XK,2026-07,6.45943678109258,6.462551111997605,6.5,-0.00311433090502522,0.02117158278355235,0.14709957856550349,-0.040563218907419873,0.06152045694626737,0.6593452149233583,-0.0031593893456740574
XK,2026-08,7.3376353678579145,7.334987593052111,7.3,0.002647774805803138,0.021237311712642894,0.12467561062480792,0.03763536785791466,0.061676035442390684,0.6102105556552588,0.0025890924576819074
ME,2016-01,1.1438640211725717,1.1450934918104227,1.1,-0.00122947063785106,0.031699285555036455,0.03878543684262054,0.0438640211725716,0.06728724283383747,0.6518920871953638,-0.00122947063785106
ME,2016-02,0.5330762455681157,0.5347593582887722,0.5,-0.0016831127206564656,0.0317655316910069,0.05298550444641132,0.033076245568115725,0.0673509770679186,0.4911026834066672,-0.0016831127206564656
ME,2016-03,-0.6365032253222042,-0.629740947473878,-0.6,-0.00676227784832617,0.03124504279698887,0.21642722310426346,-0.03650322532220418,0.0669778137250651,0.5450047305521944,-0.00676227784832617
ME,2016-04,-0.409030860048596,-0.3997715591090856,-0.4,-0.00925930093951044,0.03082103145513893,0.3004215142179025,-0.00903086004859599,0.06657201457630427,0.1356555018812732,-0.00925930093951044
ME,2016-05,-0.5644414242466289,-0.5667327854916304,-0.6,0.002291361245001511,0.030954628918973427,0.0740232180136728,0.03555857575337107,0.06682645753836228,0.5321032576499866,0.002291361245001511
ME,2016-06,-1.0315143507291331,-1.0358342665173548,-1,0.004319915788221662,0.03179618218362626,0.13586271972130803,-0.03151435072913311,0.06787091862509165,0.46432774695762496,0.004319915788221662
ME,2016-07,-0.6799703940772934,-0.6845487566359276,-0.7,0.004578362558634197,0.032757529514125645,0.13976519678200774,0.020029605922706528,0.06883496376605998,0.2909801186324209,0.004578362558634197
ME,2016-08,-0.5273855393007286,-0.5310971348707172,-0.5,0.0037115955699885683,0.03269958667473185,0.11350588638652892,-0.027385539300728623,0.06876045998964182,0.39827452150340503,0.0037115955699885683
ME,2016-09,-0.21080122079148708,-0.21020179372197578,-0.2,-5.994270695112991e-4,0.0315856230006035,0.018977845379204522,-0.01080122079148707,0.06758689834986711,0.1598123461084719,-5.994270695112991e-4
ME,2016-10,0.21732319557895316,0.22608449908154693,0.2,-0.00876130350259377,0.03047744675146425,0.28746842129000993,0.01732319557895315,0.06636190075063836,0.26104128096099644,-0.00876130350259377
ME,2016-11,0.5132823735992884,0.5103487383045113,0.5,0.0029336352947770816,0.030073157134885634,0.09754996063828594,0.01328237359928841,0.06593339359787459,0.20145138714225955,0.0029336352947770816
ME,2016-12,0.9103296630814407,0.9103840682788134,0.9,-5.440519737265337e-5,0.02953664450520823,0.0018419559257335423,0.010329663081440676,0.06524714350423311,0.1583159434523062,-5.440519737265337e-5
ME,2017-01,2.0923106660170383,2.1066208082545224,2.1,-0.014310142237484058,0.031617037981967085,0.45260856648386577,-0.007689333982961788,0.06743518075299633,0.11402555605399085,-0.014310142237484058
ME,2017-02,2.59011997525428,2.587694077055769,2.6,0.002425898198511245,0.03187663415595396,0.07610270854327739,-0.009880024745720029,0.06768690916025148,0.14596655200089978,0.002425898198511245
ME,2017-03,2.8567117169935625,2.851793172979966,2.9,0.004918544013596371,0.03162971097017647,0.15550391902834795,-0.04328828300643739,0.06743279539075066,0.6419470341633646,0.004918544013596371
ME,2017-04,2.482020886148571,2.479931192660545,2.5,0.002089693488025901,0.03135139241610065,0.06665392912350296,-0.01797911385142914,0.06719457694676602,0.26756792985947137,0.002089693488025901
ME,2017-05,2.5761740411456424,2.5790823596466117,2.6,-0.002908318500969287,0.031079803679711842,0.09357583242611561,-0.023825958854357676,0.06701406313684022,0.35553669989694486,-0.002908318500969287
ME,2017-06,2.346652409931962,2.347949080622347,2.3,-0.0012966706903849712,0.03151141225863392,0.04114924078116149,0.04665240993196207,0.06753300743086896,0.6908090089089904,-0.0012966706903849712
ME,2017-07,3.0201964915248847,3.0243353495568837,3,-0.004138858031998982,0.03280082063802882,0.12618153910455665,0.020196491524884674,0.068946274121627,0.29293086221390835,-0.004138858031998982
ME,2017-08,3.2184753697125976,3.217647885344932,3.2,8.274843676656651e-4,0.033305099956138236,0.024845575264912458,0.018475369712597445,0.06948040576309081,0.265907625461967,8.274843676656651e-4
ME,2017-09,3.1298248767527364,3.131582642887243,3.1,-0.001757766134506511,0.032171570358556625,0.054637250060098494,0.029824876752736262,0.06834823565319066,0.43636644702977,-0.001757766134506511
ME,2017-10,2.825538276141307,2.8196813760045014,2.8,0.005856900136805621,0.03136643368768427,0.18672508947376049,0.025538276141307215,0.06746761761251444,0.378526425639938,0.005856900136805621
ME,2017-11,2.9917557805781905,2.99012693935119,3,0.001628841227000688,0.03147035742266191,0.0517579513039707,-0.008244219421809529,0.0675770841239709,0.12199726473378783,0.001628841227000688
ME,2017-12,2.834395201242908,2.833380321398371,2.8,0.0010148798445368534,0.030776295857912347,0.0329760231452914,0.03439520124290807,0.06648017376016464,0.5173753210542584,0.0010148798445368534
ME,2018-01,3.289490765316424,3.2842105263158006,3.3,0.005280239000623244,0.032517709475732064,0.16238041011356846,-0.010509234683576008,0.06871383375641951,0.15294205124443655,0.005280239000623244
ME,2018-02,3.4414629703630717,3.447309417040345,3.4,-0.005846446677273409,0.0323727161477041,0.18059796560159946,0.04146297036307178,0.06859998748464069,0.6044165878653434,-0.005846446677273409
ME,2018-03,3.6272681425488784,3.62694300518136,3.6,3.2513736751837996e-4,0.032137389929193586,0.010117105596774844,0.027268142548878327,0.06838774655087079,0.3987284846210672,3.2513736751837996e-4
ME,2018-04,3.5435785256189964,3.5389564974122267,3.5,0.004622028206769713,0.03188166294961058,0.14497450192842493,0.043578525618996444,0.0681418532247585,0.6395265693062002,0.004622028206769713
ME,2018-05,3.3229952614464535,3.319905542436441,3.3,0.003089719010012537,0.03138361405069241,0.09845007031445982,0.022995261446453696,0.06772380609062578,0.33954472989427364,0.003089719010012537
ME,2018-06,3.293991520598161,3.2891100055279177,3.3,0.004881515070243481,0.0314991970277955,0.15497268282540463,-0.0060084794018386845,0.06790735575005294,0.08848053845527626,0.004881515070243481
ME,2018-07,2.672247804353818,2.6761332605133914,2.7,-0.003885456159573586,0.03195774142547095,0.12158106256147379,-0.027752195646182365,0.06848616594384313,0.40522337998798824,-0.003885456159573586
ME,2018-08,2.2296792013708475,2.232507487067803,2.2,-0.0028282856969554793,0.0313947128942876,0.09008796183226436,0.02967920137084734,0.06793343130669685,0.4368865343611986,-0.0028282856969554793
ME,2018-09,1.5100142079603363,1.5114379084967267,1.5,-0.0014237005363904043,0.02953947611335689,0.04819653980751028,0.010014207960336252,0.06602562742900811,0.1516715304387482,-0.0014237005363904043
ME,2018-10,1.622280647747342,1.631701631701632,1.6,-0.00942098395429003,0.029342646619801425,0.32106796896543155,0.022280647747341842,0.06574144407446908,0.3389132694150022,-0.00942098395429003
ME,2018-11,1.7154303910660051,1.7118597644480982,1.7,0.003570626617906969,0.029297122394358076,0.12187635938588243,0.015430391066005189,0.06571995182615259,0.2347900544240025,0.003570626617906969
ME,2018-12,1.460067960362901,1.466758053461259,1.5,-0.0066900930983579965,0.028519898529835077,0.23457632892204697,-0.039932039637099015,0.0647113476004226,0.6170794013388501,-0.0066900930983579965
ME,2019-01,0.3282335363482477,0.32613126783529456,0.3,0.0021022685129531427,0.028593548607586963,0.07352247675880741,0.028233536348247712,0.06502719012151735,0.43418047582076436,0.0021022685129531427
ME,2019-02,0.41097715123202666,0.40639393118397926,0.4,0.004583220048047398,0.028370246156821825,0.16155023903256938,0.010977151232026638,0.06485192865341563,0.1692648385322692,0.004583220048047398
ME,2019-03,0.8438785043605582,0.8513513513513482,0.9,-0.007472846990789983,0.028397065133916186,0.2631556097628113,-0.0561214956394418,0.06494006551591937,0.8642044813718922,-0.007472846990789983
ME,2019-04,0.9901254529091623,0.9862199405566097,1,0.0039055123525526536,0.028494943884433726,0.1370598365938936,-0.009874547090837682,0.06505222779164943,0.15179414181577422,0.0039055123525526536
ME,2019-05,0.7108209101668523,0.7125571390158569,0.7,-0.0017362288490045952,0.02833400042543508,0.0612772225218859,0.010820910166852382,0.06493719245916288,0.16663655691085413,-0.0017362288490045952
ME,2019-06,0.06225700772296725,0.06689858175008556,0.1,-0.00464157402711831,0.02860179673944772,0.1622826030616682,-0.037742992277032754,0.06522593478069025,0.5786500784379152,-0.00464157402711831
ME,2019-07,-0.32254630695520525,-0.3324468085106336,-0.3,0.00990050155542832,0.02898967523431259,0.34151819485407503,-0.022546306955205264,0.06571390707003216,0.3430979523280722,0.00990050155542832
ME,2019-08,-0.060641810661254715,-0.06657789613847553,-0.1,0.005936085477220819,0.029052030319752616,0.20432601136261536,0.03935818933874529,0.06574088370753556,0.5986866485373067,0.005936085477220819
ME,2019-09,0.3153058788431316,0.30851777330651586,0.3,0.0067881055366157406,0.028141030287818607,0.2412173778709909,0.015305878843131615,0.06474881660441517,0.23638854956443975,0.0067881055366157406
ME,2019-10,1.070637366455421,1.065839179708572,1.1,0.004798186746848954,0.028086899721458464,0.1708336197456185,-0.02936263354457913,0.06466781145731648,0.45405330539073097,0.004798186746848954
ME,2019-11,0.7927605016635707,0.7943988151339676,0.8,-0.0016383134703968905,0.02797692123712565,0.058559462512366524,-0.00723949833642934,0.06456579441512314,0.1121259081841893,-0.0016383134703968905
ME,2019-12,1.1426663893249602,1.1348284247500784,1.1,0.00783796457488184,0.027360026777448494,0.2864750330340423,0.04266638932496014,0.06377350770008638,0.669029991663801,0.00783796457488184
ME,2020-01,1.3488695630781034,1.3544629554381737,1.4,-0.005593392360070393,0.027751368281754774,0.20155375054958233,-0.05113043692189656,0.06429770961720843,0.7952139699267324,-0.005593392360070393
ME,2020-02,0.8348361317669083,0.8364813815434191,0.8,-0.0016452497765108154,0.02756075130334024,0.05969538922951707,0.03483613176690825,0.06412532165499774,0.5432507918530375,-0.0016452497765108154
ME,2020-03,-0.07070321549595888,-0.0669971861181784,-0.1,-0.003706029377780487,0.027274921552059093,0.1358768116237058,0.02929678450404112,0.06387997295091227,0.45862236864993433,-0.003706029377780487
ME,2020-04,-0.8560962487163566,-0.8561872909699009,-0.9,9.10422535442823e-5,0.027336797065535393,0.003330392120409123,0.04390375128364343,0.064016140697709,0.6858231503045709,9.10422535442823e-5
ME,2020-05,-0.9778819802006381,-0.9878520891736686,-1,0.009970108973030523,0.027251711735607198,0.3658525772531029,0.0221180197993619,0.06396829510860039,0.3457653476900025,0.009970108973030523
ME,2020-06,-0.7449399408203137,-0.7353924321433447,-0.7,-0.009547508676968963,0.0273420570486088,0.3491876510971859,-0.04493994082031372,0.06402044937529949,0.701962283283387,-0.009547508676968963
ME,2020-07,-1.2059515678027324,-1.200800533689128,-1.2,-0.005151034113604291,0.027363163486488203,0.18824702473264274,-0.005951567802732427,0.06410104210858941,0.09284666219076848,-0.005151034113604291
ME,2020-08,-1.2572923390518131,-1.2524983344436968,-1.3,-0.004794004608116298,0.02734126362108054,0.17533954079649947,0.0427076609481869,0.06410025751351703,0.6662634848101975,-0.004794004608116298
ME,2020-09,-0.459594133922545,-0.4546670232682626,-0.5,-0.004927110654282418,0.027301445538412274,0.18047068780113232,0.040405866077455,0.06395928633891741,0.6317435417172436,-0.004927110654282418
ME,2020-10,-0.8153659554614726,-0.8143105059404632,-0.8,-0.0010554495210094439,0.02723720175044314,0.03875029199694759,-0.015365955461472569,0.06394220178558012,0.24031007741960195,-0.0010554495210094439
ME,2020-11,-1.0240475264548352,-1.0152284263959421,-1,-0.008819100058893081,0.027248266862716412,0.32365728445504127,-0.02404752645483521,0.06395780656448233,0.37599048101486204,-0.008819100058893081
ME,2020-12,-0.9439581129992197,-0.9350788137857391,-0.9,-0.00887929921348063,0.02676358997552125,0.33176786901913724,-0.0439581129992197,0.06346777637816316,0.6926052165007629,-0.00887929921348063
ME,2021-01,-0.6872288036289134,-0.6949084591741261,-0.7,0.007679655545212771,0.027508954227813243,0.2791693018067611,0.01277119637108659,0.06419176249001812,0.19895382017392843,0.007677592316653881
ME,2021-02,-0.15090782347206705,-0.1471768798501416,-0.1,-0.003730943621925442,0.027525525764585723,0.1355448631148643,-0.05090782347206704,0.06415565533860446,0.7935048469754189,-0.0037372425798919418
ME,2021-03,0.5946913579050008,0.5899705014749124,0.6,0.00472085643008846,0.027571357343716497,0.17122321441183389,-0.00530864209499915,0.0642031227105038,0.0826851073729883,0.004709305973644273
ME,2021-04,1.7935375820124806,1.7946296046417398,1.8,-0.001092022629259226,0.02775699548839924,0.03934224904549291,-0.006462417987519453,0.06438447123807503,0.10037230815522757,-0.0011093906286581134
ME,2021-05,2.3131187765296866,2.3189968990157794,2.3,-0.005878122486092874,0.02784311587837354,0.21111582883791258,0.013118776529686738,0.06451611308986675,0.20334108645716356,-0.005901519961386992
ME,2021-06,2.8062283892250894,2.8017241379310276,2.8,0.004504251294061845,0.027950051325862004,0.1611535965193055,0.0062283892250896145,0.06466952415982907,0.09631104149918143,0.004475125140761538
ME,2021-07,3.572126234281682,3.5786630654963014,3.6,-0.006536831214619454,0.02812874212747614,0.23238974515800623,-0.027873765718318122,0.0648651087323508,0.42971893924254495,-0.006571132140932967
ME,2021-08,3.762643438322719,3.7511806773714795,3.8,0.011462760951239659,0.02821084804725585,0.406324578830046,-0.03735656167728063,0.06497202104645212,0.5749638240523923,0.011425790154231397
ME,2021-09,3.4753381563652805,3.4793121977431563,3.5,-0.003974041377875714,0.028048695618591687,0.1416836430440486,-0.02466184363471946,0.06484822303034711,0.3803009933391455,-0.004012589792955712
ME,2021-10,3.8482276152103285,3.8492597577388876,3.8,-0.001032142528559099,0.028011278188108855,0.03684739131244845,0.0482276152103287,0.0648112240482649,0.744124430891995,-0.0010725400088400505
ME,2021-11,4.381412137980395,4.3724696356275405,4.4,0.008942502352854653,0.028107196040719432,0.3181570420578232,-0.01858786201960516,0.06490816463878302,0.28637170875262746,0.008899498980050602
ME,2021-12,4.48300539725689,4.4768069039913705,4.5,0.006198493265519467,0.027863670375814175,0.22245788806415806,-0.016994602743110043,0.06407747789283082,0.26521959512097854,0.006153663211547311
ME,2022-01,5.4803251242719035,5.477055577984102,5.5,0.003269546287801184,0.029076461856999546,0.1124464972348109,-0.019674875728096453,0.06598829032281867,0.29815707653351503,0.0032026016802095825
ME,2022-02,6.380933941830262,6.378132118451041,6.4,0.002801823379221524,0.029117110562283416,0.096226010243298,-0.019066058169737943,0.06614536567236604,0.28824480711432954,0.0027124441842945046
ME,2022-03,8.736382789332847,8.731005065315923,8.7,0.005377724016923935,0.029359092082381993,0.18317065125290563,0.036382789332847665,0.06661194202326606,0.5461901909441399,0.0052358297890364724
ME,2022-04,10.197201954796228,10.2067868504772,10.2,-0.009584895680973204,0.029423824764843825,0.32575288078881676,-0.002798045203771693,0.06684347064533759,0.041859663730175564,-0.009761832106505608
ME,2022-05,10.607296894576146,10.607458163130845,10.6,-1.612685546987791e-4,0.0292493517738529,0.005513577051062825,0.007296894576146684,0.06677123447401381,0.10928200794290402,-3.52473577315493e-4
ME,2022-06,11.908293902412867,11.910377358490564,11.9,-0.002083456077697221,0.029199444052057856,0.07135259404195361,0.008293902412866316,0.06687673771326019,0.124017748120836,-0.0023063930356510554
ME,2022-07,13.728318846771629,13.728813559322028,13.7,-4.947125503989014e-4,0.0292812653435788,0.0168951903066371,0.028318846771629325,0.06713835948567018,0.42179831304447674,-7.590492896643042e-4
ME,2022-08,13.931246473342332,13.941995057874879,13.9,-0.010748584532546346,0.029211629108487822,0.36795566904631155,0.031246473342331882,0.06711125831188595,0.46559212460479044,-0.011019605208710814
ME,2022-09,14.683211546470009,14.682591198234451,14.7,6.203482355573442e-4,0.029157291932281434,0.021275920857057613,-0.016788453529990477,0.06712846107991356,0.2500944198617117,3.325914794309881e-4
ME,2022-10,15.440736707733064,15.435458786936241,15.4,0.00527792079682321,0.02911125461537292,0.18130172905828915,0.04073670773306404,0.06715207982413332,0.6066335970494239,0.004973292999132184
ME,2022-11,15.783176028622753,15.787432117920863,15.8,-0.004256089298110055,0.02913668611682491,0.1460732109700144,-0.01682397137724756,0.06722686713220319,0.2502566621788701,-0.004569967883618631
ME,2022-12,15.73452627991304,15.73309241094476,15.7,0.0014338689682791284,0.02830922649966735,0.05065023476695759,0.034526279913039915,0.06438736973594075,0.5362275249732323,0.0011191784426802798
ME,2023-01,14.793886342423068,14.79969379943864,14.8,-0.00580745701557106,0.02848281440983428,0.20389336994612148,-0.006113657576932496,0.06666781561443155,0.09170328321975313,-0.006095512304455042
ME,2023-02,13.88333359274247,13.880841415795441,13.9,0.002492176947029634,0.027946904635455305,0.08917541958718005,-0.01666640725752977,0.06622539221403785,0.251661888293007,0.0022331309048304604
ME,2023-03,10.260265033249912,10.261125413755057,10.3,-8.603805051450308e-4,0.026839039233210363,0.03205705307365863,-0.03973496675008903,0.0652085013299405,0.6093525528065573,-0.001058988825707985
ME,2023-04,8.582105415399266,8.575896078903057,8.6,0.006209336496208806,0.026097556427443606,0.23792788851599941,-0.01789458460073412,0.06458614884629044,0.27706536030382795,0.00605211262865879
ME,2023-05,8.420197161142623,8.422682868715746,8.4,-0.002485707573123719,0.025788311756604766,0.09638892210487926,0.020197161142622377,0.06437645277767062,0.31373522881689264,-0.0026222441327732326
ME,2023-06,8.217718714528234,8.219178082191792,8.2,-0.0014593676635588082,0.0252861135884246,0.05771419393713683,0.01771871452823426,0.06405887200900327,0.2766004766013355,-0.001559238222904824
ME,2023-07,7.79794673983357,7.795483205319265,7.8,0.0024635345143053655,0.02495233457487238,0.09872962014489041,-0.0020532601664298156,0.06393550609117968,0.032114552491406274,0.002407450515331533
ME,2023-08,9.138589322417353,9.131377696609967,9.1,0.007211625807386213,0.024916421299417353,0.28943264848210165,0.038589322417353245,0.06402416019620036,0.6027306301105283,0.007164506378446234
ME,2023-09,8.240167782759592,8.229567579805286,8.2,0.01060020295430597,0.02433664105002548,0.4355655709642343,0.04016778275959254,0.06348373002297863,0.6327256250546931,0.010569963291830575
ME,2023-10,6.566740879861884,6.567867969013141,6.6,-0.0011270891512573655,0.023882248182553058,0.04719359511893648,-0.033259120138115605,0.06302368827475623,0.5277241153059802,-0.0011405640032995379
ME,2023-11,5.511183592877979,5.505304299274161,5.5,0.005879293603817892,0.02368659252872118,0.24821187752898413,0.011183592877978654,0.0628276904001461,0.17800420175803006,0.005876558829974066
ME,2023-12,4.899423121922106,4.895728783316611,4.9,0.003694338605495062,0.023071954429941664,0.16012248189519343,-5.76878077894527e-4,0.06164696676587828,0.009357769054321586,0.003694338605495062
ME,2024-01,5.0233784575172615,5.023338519671028,5,3.993784623368413e-5,0.02324403680439211,0.0017181975131848703,0.02337845751726153,0.06240959683966438,0.37459715654505504,3.993784623368413e-5
ME,2024-02,4.912921000146056,4.910961176860962,4.9,0.0019598232850945863,0.02314242818785939,0.08468529184516244,0.012921000146056016,0.06235351550278363,0.20722167855121476,0.0019598232850945863
ME,2024-03,5.973569190356777,5.970647098065385,6,0.0029220922913921754,0.023354421086746357,0.12511944871330868,-0.026430809643223085,0.06256814641950462,0.422432358248409,0.0029220922913921754
ME,2024-04,5.780518632450721,5.782652043868386,5.8,-0.0021334114176649877,0.02313420192439882,0.09221893301687466,-0.019481367549278872,0.06237638566266271,0.3123195956661535,-0.0021334114176649877
ME,2024-05,5.092873938516687,5.087353038127662,5.1,0.005520900389024419,0.022800030811178203,0.2421444266784797,-0.007126061483313073,0.062092328077603745,0.11476557094794118,0.005520900389024419
ME,2024-06,3.9417698550018976,3.9381153305203753,3.9,0.003654524481522259,0.022346321420325665,0.16354031667145866,0.04176985500189767,0.06174075095555015,0.6765362318312196,0.003654524481522259
ME,2024-07,3.0372625622142566,3.0309475699244803,3,0.006314992289776278,0.02212879744372887,0.2853743998441225,0.03726256221425661,0.06165573446160723,0.6043649068434965,0.006314992289776278
ME,2024-08,1.9801129236402706,1.9872398284698223,2,-0.007126904829551695,0.022106669479099582,0.32238708939352984,-0.019887076359729416,0.06175069133887608,0.32205431111034716,-0.007126904829551695
ME,2024-09,1.3968209685879445,1.4015270369208244,1.4,-0.004706068332879898,0.02184832236782804,0.2153972398269649,-0.003179031412055444,0.06146196711685199,0.0517235546010339,-0.004706068332879898
ME,2024-10,1.7473812828237525,1.748841129372103,1.7,-0.0014598465483504075,0.02171077323141538,0.06724065203896179,0.047381282823752535,0.06126755375365825,0.7733503285321462,-0.0014598465483504075
ME,2024-11,2.2854242498384947,2.28619813717188,2.3,-7.738873333851259e-4,0.021715761654637747,0.03563712595914636,-0.014575750161505141,0.06125241758019999,0.237962038680687,-7.738873333851259e-4
ME,2024-12,2.5660027541675214,2.572825855836691,2.6,-0.006823101669169773,0.02167592090891222,0.3147779371331994,-0.03399724583247865,0.06090764396633113,0.5581769974762418,-0.006823101669169773
ME,2025-01,3.292542692576811,3.2910052910053,3.3,0.0015374015715110545,0.021838543074979205,0.07039854106716863,-0.00745730742318873,0.06143082244480677,0.1213935794183585,0.0015493714680228088
ME,2025-02,3.2154458268965525,3.215603584607285,3.2,-1.577577107325645e-4,0.02183448030216857,0.007225164444005393,0.015445826896552273,0.0614610110383815,0.25131097968607413,-1.4274586852636162e-4
ME,2025-03,3.1565945991914113,3.158115622704849,3.2,-0.001521023513437747,0.021740698375087353,0.06996203558854791,-0.0434054008085889,0.0614141362917009,0.7067656313267149,-0.0015016830310981
ME,2025-04,3.795376964465732,3.7909728767410167,3.8,0.004404087724715122,0.021766045566556938,0.20233752204773056,-0.004623035534268016,0.06149270705211657,0.07518022471103575,0.004431679629596452
ME,2025-05,4.513820380913202,4.516938519447922,4.5,-0.003118138534719428,0.021811978248567267,0.1429553293692765,0.013820380913202257,0.06159191876663534,0.22438626998399064,-0.003081724674740549
ME,2025-06,4.65032384130978,4.642448214843342,4.6,0.007875626466438135,0.021698428829600738,0.3629583749259439,0.050323841309780626,0.061531789893021764,0.8178510879867609,0.007917864734413804
ME,2025-07,4.655658814404326,4.655243600330317,4.7,4.152140740094623e-4,0.021715102945645923,0.019120981146106726,-0.044341185595674126,0.06163335614707466,0.7194348704598122,4.659520041148113e-4
ME,2025-08,4.714415483607884,4.70720951697261,4.7,0.007205966635273953,0.021830175471791557,0.3300920161904028,0.014415483607884028,0.06181692664833801,0.2331963814683045,0.007263658862954436
ME,2025-09,4.735778611972328,4.734399174832382,4.7,0.001379437139945594,0.021693883583702903,0.06358645443187814,0.03577861197232757,0.06162359776817808,0.5805992066046386,0.0014316663438256327
ME,2025-10,4.626622267581057,4.628287430109745,4.6,-0.0016651625286883132,0.02155720836615122,0.07724388521952243,0.026622267581057457,0.06144253437091488,0.43328726351593444,-0.0016178545481366768
ME,2025-11,3.8823532193123578,3.8907284768211925,3.9,-0.008375257508834721,0.02141915893174702,0.39101710461754374,-0.01764678068764214,0.06127191027620117,0.28800767934432076,-0.008334724649905478
ME,2025-12,3.7188121583910734,3.720978441127687,3.7,-0.0021662827366135673,0.021302070772449545,0.10169352828436146,0.018812158391073197,0.0607443915416631,0.3096937497212462,-0.0021290946150300805
ME,2026-01,2.6518495520135366,2.653416658129304,2.7,-0.0015671061157673805,0.021224677016905155,0.07383415608723763,-0.04815044798646362,0.06111558381125386,0.7878587584987966,-0.0015405876202470026
ME,2026-02,2.556347290144002,2.5536261491317713,2.6,0.0027211410122305324,0.021143416999356804,0.12869920752701947,-0.04365270985599823,0.061059610483759956,0.7149195599210144,0.0027467044851321454
ME,2026-03,2.8826028859445643,2.8885272579332932,2.9,-0.005924371988728971,0.02105790131616812,0.28133724722986886,-0.017397114055435647,0.06103332231398437,0.28504288142691364,-0.005895545959869519
ME,2026-04,3.637402201918053,3.6424175158914274,3.6,-0.00501531397337418,0.020933360703047844,0.23958474917235642,0.0374022019180531,0.061026811761938374,0.6128814669846536,-0.004978939951354899
ME,2026-05,3.4375835565955133,3.4413765506202676,3.4,-0.0037929940247543037,0.02079191600964325,0.18242638258999896,0.03758355659551338,0.060959672640173636,0.6165314701960041,-0.003758618189187768
ME,2026-06,3.5682052492931886,3.5810205908684,3.6,-0.01281534157521147,0.02077948619687115,0.616730435670788,-0.03179475070681148,0.061009039061758724,0.5211481969848113,-0.012779659522718756
ME,2026-07,3.937383551009013,3.9451622447973067,3.9,-0.007778693788293545,0.020936273986047034,0.37154145926240983,0.03738355100901325,0.0612671549831033,0.6101727919196371,-0.007739319952782431
ME,2026-08,4.625763125267155,4.632713026444657,4.6,-0.006949901177502049,0.0211449449776461,0.32867908546696667,0.025763125267155296,0.06157681634015724,0.41839001751628246,-0.006903643546249505
RS,2007-01,6.063073017561271,6.060606060606077,6.1,0.002466956955193389,0.06423592243258446,0.03840463189086228,-0.03692698243872883,0.08542807037946046,0.4322581825236593,0.0023671152832713815
RS,2007-02,4.580159157880208,4.581497797356837,4.6,-0.0013386394766294885,0.06318053132455723,0.02118753116767762,-0.01984084211979198,0.08448432288588603,0.23484643590730125,-0.0014198724783369698
RS,2007-03,4.39335612157134,4.407472270869839,4.4,-0.01411614929849847,0.06274752487854679,0.2249674282104591,-0.006643878428659988,0.08419808529724096,0.07890771393678828,-0.014174707236696449
RS,2007-04,3.098057595998333,3.1232091690544417,3.1,-0.02515157305610849,0.061207516755300284,0.4109229452431671,-0.0019424040016668975,0.08299446603991914,0.023404018296022643,-0.0251602708646943
RS,2007-05,2.3600134013070626,2.357563850687616,2.4,0.0024495506194464056,0.06034063584462083,0.04059537300458817,-0.0399865986929373,0.08260592674544873,0.4840645250086782,0.0025095399328436407
RS,2007-06,2.879976980761556,2.8940713683618835,2.9,-0.01409438760032744,0.06035629902237728,0.23351974572035808,-0.02002301923844385,0.0826611434423957,0.2422301265696542,-0.014028540534197553
RS,2007-07,3.843942641992168,3.8592508513053403,3.9,-0.015308209313172227,0.06079435555557884,0.25180313490085937,-0.05605735800783185,0.08296073387773081,0.6757095241039008,-0.015263070804434342
RS,2007-08,6.142366741924237,6.149050722584315,6.1,-0.006683980660078248,0.06072548594715776,0.11006878834851201,0.04236674192423706,0.08325816981689108,0.5088598754622381,-0.006586844916124157
RS,2007-09,7.718701420739409,7.729331823329555,7.7,-0.010630402590146026,0.060759315125865174,0.1749592234231863,0.018701420739408725,0.08353792087651266,0.22386744299099234,-0.010498536999747898
RS,2007-10,8.595123805741466,8.593306863301198,8.6,0.0018169424402678658,0.060843568361830205,0.029862522682146172,-0.004876194258534028,0.08370189802252953,0.05825667486323348,0.0019596990228905042
RS,2007-11,8.998948579577752,9.001406469760909,9,-0.0024578901831571187,0.06057722368139934,0.040574493741809284,-0.0010514204222484835,0.08371315767203398,0.012559798859429849,-0.002274172304312927
RS,2007-12,10.546493870415187,10.529279279279269,10.5,0.017214591135918056,0.060938288333710976,0.2824922000048198,0.04649387041518693,0.08130297312015161,0.5718594121579921,0.017425521013326062
RS,2008-01,11.110712118492874,11.120448179271714,11.1,-0.009736060778839928,0.06151500615786861,0.15827131275666065,0.010712118492874012,0.08505856022807866,0.12593815912413994,-0.009547515202282142
RS,2008-02,12.067362908572148,12.047177759056439,12,0.02018514951570971,0.061937407452035506,0.325895938271894,0.06736290857214833,0.0855526206055877,0.7873856825812844,0.020372634138789536
RS,2008-03,13.458017981857614,13.4470226446743,13.4,0.01099533718331358,0.062052391168943156,0.17719441549605713,0.05801798185761342,0.08597872794955161,0.6747946060757694,0.011153886564004623
RS,2008-04,14.620274737822996,14.58738538482911,14.6,0.03288935299388562,0.06205665878652891,0.5299891041028002,0.02027473782299616,0.08630688997417427,0.23491447587861175,0.03301667555510868
RS,2008-05,14.1040048986855,14.121195503153272,14.1,-0.017190604467772985,0.06110262330076283,0.28133987608283867,0.0040048986854994695,0.08561411415619913,0.046778486526096744,-0.017102031950852137
RS,2008-06,14.176357699384731,14.172583287820872,14.2,0.003774411563858493,0.060900624382261494,0.06197656595714419,-0.023642300615268397,0.08552926066104038,0.27642353543736115,0.0038495580181159283
RS,2008-07,13.114732552252118,13.114754098360649,13.1,-2.154610853111194e-5,0.06060857547978249,3.554960393071635e-4,0.014732552252118225,0.08507779829529427,0.17316565011453872,6.625260424542034e-5
RS,2008-08,10.923130212629125,10.918312867058177,10.9,0.004817345570948817,0.05845984081758533,0.08240435662458576,0.02313021262912507,0.0832233148642772,0.2779294800603225,0.004852693599584512
RS,2008-09,10.234607940914486,10.223390275952692,10.2,0.011217664961794327,0.05735643924927491,0.19557812703542504,0.034607940914487045,0.08242159372973855,0.4198892468394499,0.011211399207377681
RS,2008-10,11.483653845248279,11.491250979367983,11.5,-0.007597134119704307,0.057401267780762044,0.13235132974276356,-0.016346154751721187,0.08278335928203946,0.19745701181357617,-0.0076357840543437305
RS,2008-11,10.236462524584915,10.24516129032258,10.2,-0.00869876573766426,0.05637354990397286,0.15430580037059588,0.03646252458491617,0.0818868097426379,0.4452795840931434,-0.008761355483075661
RS,2008-12,8.029404099933318,8.048904737646478,8,-0.019500637713159463,0.05447425462351897,0.35797897278139473,0.02940409993331805,0.07797796008035848,0.377082189672778,-0.019580931754159536
RS,2009-01,9.676955914362003,9.654650869674807,9.7,0.02230504468719552,0.05468853302447806,0.4078559700479074,-0.02304408563799676,0.08070306049723011,0.28554165723104985,0.022208275128051014
RS,2009-02,10.461876160054377,10.476190476190483,10.5,-0.014314316136106342,0.054612610237511114,0.2621064269562131,-0.03812383994562296,0.08085917187294903,0.47148442239212535,-0.014418934897705071
RS,2009-03,9.030991164096406,9.043863972400201,9,-0.012872808303795225,0.053379012254088073,0.24115860822826204,0.03099116409640601,0.07984748420525212,0.38812949969396165,-0.012963118215436609
RS,2009-04,8.32419348787619,8.341416100872934,8.3,-0.017222612996743436,0.05237736529198887,0.32881785673510455,0.02419348787618958,0.07913621239037015,0.3057195580304727,-0.017305854931622733
RS,2009-05,8.697816709529516,8.697741470446907,8.7,7.523908260864687e-5,0.05204400143144482,0.001445682125494441,-0.002183290470483712,0.07906200863468521,0.0276149127524934,-1.173908448670602e-5
RS,2009-06,8.5195463228174,8.514709399665144,8.5,0.004836923152256034,0.0518916558801407,0.09321196385461962,0.019546322817399542,0.07899335203451177,0.247442630474269,0.004751727689027874
RS,2009-07,8.847983767399406,8.840579710144937,8.8,0.00740405725446891,0.05243232938145664,0.14121167878319457,0.0479837673994048,0.0793472312924604,0.604731464700322,0.007315577416793673
RS,2009-08,8.408564401435626,8.423586040914554,8.4,-0.01502163947892754,0.05194662299483513,0.289174514393767,0.008564401435625868,0.07888928758795423,0.10856228643308961,-0.01510572512294317
RS,2009-09,7.621618973060512,7.629947544110638,7.6,-0.008328571050125966,0.051057540899862676,0.16312127265315213,0.021618973060512303,0.07812159555117029,0.27673491443670906,-0.008404787239856049
RS,2009-10,5.618558404340298,5.6219255094870135,5.6,-0.0033671051467152324,0.04981078598212179,0.0675979123863607,0.01855840434029865,0.07704376692434776,0.2408813208539227,-0.0034232907307591987
RS,2009-11,6.2032340376882376,6.203183520599254,6.2,5.051708898395901e-5,0.04985382177586194,0.0010133042399653744,0.003234037688237379,0.07717162193353902,0.04190708458897709,-1.1515251393312553e-5
RS,2009-12,6.912747257575895,6.9071192833568995,6.9,0.005627974218995746,0.04989089818298641,0.1128056303647581,0.0127472575758949,0.07550297747496912,0.1688311905331269,0.005558846746419377
RS,2010-01,5.003720383429747,5.011494252873572,5,-0.0077738694438247435,0.04840428095637811,0.16060293201815243,0.0037203834297470095,0.07599002193671742,0.04895884137058483,-0.00780867021249243
RS,2010-02,3.988009708966028,3.9927404718693493,4,-0.004730762903321306,0.04754837507981591,0.09949368186357846,-0.011990291033971978,0.0753141735066152,0.1592036462156597,-0.004748554919202785
RS,2010-03,4.8771205365897465,4.8813559322033795,4.9,-0.004235395613632953,0.04759465177420009,0.08898889803263271,-0.02287946341025382,0.07554639020671775,0.3028531654212557,-0.00423639180486024
RS,2010-04,4.572949046538675,4.565801253357216,4.6,0.007147793181458972,0.04710496947064186,0.15174180690030653,-0.027050953461325022,0.07523613518607497,0.35954735572769997,0.007163469443814741
RS,2010-05,4.226604694568629,4.221927497789557,4.2,0.00467719677907219,0.046603719803639525,0.10036101836460969,0.026604694568629128,0.07496703566335274,0.3548852416694222,0.004714498504112541
RS,2010-06,4.161422520046663,4.165748291822791,4.2,-0.004325771776128029,0.046446690659673696,0.09313412246792825,-0.0385774799533376,0.07486382717557927,0.5153020010967547,-0.004283235151868681
RS,2010-07,5.031655177074489,5.015534842432312,5,0.016120334642176992,0.046662838175352016,0.34546408389475086,0.03165517707448906,0.0750303232524684,0.4218984498836961,0.016157654491340878
RS,2010-08,6.492881882471905,6.481687014428417,6.5,0.011194868043488349,0.04690133929526084,0.23868973064953686,-0.0071181175280949915,0.07542565414144708,0.09437263235060922,0.011246279336898368
RS,2010-09,7.6824726800474314,7.665042091271612,7.7,0.017430588775819267,0.047049396597317286,0.3704742257377461,-0.017527319952568732,0.07574898712417294,0.2313868556926939,0.01749799503092575
RS,2010-10,8.731505115769865,8.738079396762032,8.7,-0.006574280992166948,0.04728420940761741,0.13903755766524123,0.03150511576986581,0.07607384467450157,0.4141386031515467,-0.006498563759421927
RS,2010-11,9.391842675684634,9.38946440379107,9.4,0.002378271893563877,0.04718850197277254,0.05039939379588961,-0.00815732431536631,0.07618279566247281,0.10707567560932342,0.0024729908717144866
RS,2010-12,10.23248425545405,10.231532524807063,10.2,9.51730646987059e-4,0.04733277809897013,0.02010722136353469,0.03248425545405098,0.07415399832791698,0.4380647866134217,0.0010540554895417387
RS,2011-01,11.00834545367964,11.011383537653252,11,-0.00303808397361216,0.04779714757038367,0.06356203514317316,0.008345453679639903,0.0771103379580674,0.10822742968884613,-0.0029595054690894074
RS,2011-02,12.30261773311995,12.303664921465952,12.3,-0.001047188346001704,0.047955682674184694,0.02183658510538569,0.0026177331199495057,0.0774824682918036,0.033784844206188255,-9.889924334540723e-4
RS,2011-03,13.901919407430304,13.897866839043328,13.9,0.0040525683869763185,0.047803791207488094,0.0847750415733034,0.0019194074303037212,0.07775487631504495,0.024685364073202584,0.0040679732145356695
RS,2011-04,14.398503083747833,14.40496575342467,14.4,-0.006462669676835731,0.04754423603592663,0.13592961451630514,-0.0014969162521669688,0.07768037049732543,0.019270199698886714,-0.006466730602717519
RS,2011-05,13.522346490689827,13.53128313891836,13.5,-0.008936648228532462,0.04690637821556533,0.19052096044300731,0.022346490689827192,0.07713049378681475,0.28972316385775904,-0.008951379281668892
RS,2011-06,12.838363970361566,12.822683030046566,12.8,0.01568094031500067,0.046581808662043596,0.3366322769639046,0.03836397036156569,0.07678219428553634,0.49964670479328055,0.015668149971526546
RS,2011-07,12.177801527650296,12.172442941673701,12.2,0.005358585976594554,0.04636341415324001,0.11557789853187679,-0.022198472349703735,0.07651801687071469,0.29010778451316127,0.005349486891867983
RS,2011-08,10.652184247809219,10.652491140296029,10.7,-3.0689248680992876e-4,0.04530773765265685,0.006773511605515632,-0.047815752190780714,0.07557163981792053,0.6327208501229586,-3.2920042135664573e-4
RS,2011-09,9.391761357766502,9.403292181069967,9.4,-0.011530823303464999,0.044408745264788954,0.2596520850727035,-0.008238642233498794,0.07479765787132577,0.11014572471870324,-0.011567739338929073
RS,2011-10,8.772649815296722,8.770140730165199,8.8,0.0025090851315230367,0.04385195850261523,0.057217173809315736,-0.027350184703278657,0.0743511588793259,0.3678514916985867,0.002460716935196672
RS,2011-11,8.265299156437825,8.261132379609105,8.3,0.004166776828720131,0.0431588122725767,0.09654521543373702,-0.03470084356217562,0.07384282052692548,0.46992846853029635,0.004098679230244429
RS,2011-12,6.8704782549751044,6.881376275255047,6.9,-0.010898020279942244,0.042332671523939366,0.25743757451686816,-0.029521745024895907,0.07164039544093864,0.41208238512912804,-0.010966725062491633
RS,2012-01,5.556464414517606,5.561033326760012,5.6,-0.004568912242405965,0.042937407311838455,0.10640866620622086,-0.04353558548239356,0.07376484721559697,0.590194206667974,-0.004620426242370357
RS,2012-02,4.901321743768507,4.895104895104896,4.9,0.006216848663610719,0.04204664367535653,0.14785600276709848,0.001321743768506245,0.073098269412526,0.01808173817422486,0.006190157047683442
RS,2012-03,3.2050268522954943,3.19712447975784,3.2,0.007902372537654134,0.04104413577224434,0.19253353466874626,0.005026852295494155,0.07243014875340398,0.06940276089461862,0.00791300469400591
RS,2012-04,2.657762895816476,2.6566884939195345,2.7,0.0010744018969415237,0.04040739796985048,0.026589237390221867,-0.04223710418352411,0.07194704598639536,0.587058212112153,0.0011018701327945024
RS,2012-05,4.579836567067844,4.57687278161778,4.6,0.002963785450063483,0.04041287654985094,0.07333765134010027,-0.020163432932156056,0.07215982221937758,0.27942741974690494,0.003013343415329217
RS,2012-06,6.011697968636574,6.0202550637659336,6,-0.008557095129359205,0.04056147469848163,0.21096607539467813,0.011697968636574352,0.07236972121600047,0.16164175348499213,-0.008500676981523902
RS,2012-07,6.222280319757894,6.235870384325559,6.2,-0.013590064567664761,0.040886821724487765,0.33238251334966096,0.02228031975789424,0.0726321768729086,0.3067555003463579,-0.013540577254051556
RS,2012-08,7.916069409808867,7.912584777694054,7.9,0.003484632114813202,0.04097414518865912,0.08504465678951328,0.01606940980886673,0.0728806593219477,0.2204893583341595,0.003550809769056862
RS,2012-09,10.216520069362186,10.21252586044763,10.2,0.003994208914555486,0.040973029302848046,0.09748385663731843,0.016520069362186973,0.07312654766541574,0.22591069713523382,0.004086771165916048
RS,2012-10,12.913039479538542,12.900806300393786,12.9,0.012233179144756079,0.0414627262830446,0.29504039510683616,0.013039479538541343,0.07392337438467425,0.17639183339613188,0.012358627160233837
RS,2012-11,12.196152953411133,12.190582542341355,12.2,0.0055704110697778475,0.04115060827581865,0.13536643328432135,-0.003847046588866476,0.0736744984085807,0.05221680054788699,0.005703774937376949
RS,2012-12,12.326730570240871,12.315178738536403,12.3,0.01155183170446783,0.04059661051041467,0.2845516302772203,0.02673057024087022,0.07072807422628824,0.37793437094509486,0.0116750990101675
RS,2013-01,12.702873361722636,12.703157108163632,12.7,-2.8374644099571356e-4,0.04143699484602222,0.006847659731360853,0.002873361722636858,0.07394237403598312,0.03885947347644766,-1.6262803896971434e-4
RS,2013-02,12.286917122126606,12.277777777777787,12.3,0.009139344348819023,0.040982301658378045,0.22300710255375955,-0.013082877873394239,0.07360230688711313,0.1777509214957078,0.009250670536239625
RS,2013-03,11.17725924887964,11.182401466544455,11.2,-0.005142217664815263,0.04038568844941319,0.12732772083992988,-0.022740751120359448,0.07307790815847126,0.31118503106363643,-0.005042161282521107
RS,2013-04,11.532143459108452,11.536358665937673,11.5,-0.004215206829220719,0.0402269378563413,0.10478567482004454,0.03214345910845218,0.07305251907138399,0.44000480088910937,-0.00412149812853535
RS,2013-05,9.510084108781378,9.503394069310467,9.5,0.006690039470910847,0.03902167459207098,0.1714441919996491,0.010084108781377665,0.07200816746072894,0.14004118056298587,0.006762100205925492
RS,2013-06,9.614855747297682,9.605519193348666,9.6,0.00933655394901578,0.03854655105161351,0.24221502817500357,0.014855747297682242,0.07170807522458389,0.2071697957469259,0.009398102607143244
RS,2013-07,8.761565013374454,8.760418513920909,8.8,0.001146499453545502,0.038481006154518084,0.02979390530855157,-0.03843498662554623,0.07152433932590681,0.5373693345200143,0.0012107198054440715
RS,2013-08,7.444097661162575,7.45460893854748,7.5,-0.010511277384905426,0.03756376088450637,0.27982494663469465,-0.05590233883742535,0.07075454181891563,0.790088344865521,-0.010463636107344243
RS,2013-09,5.068828502790434,5.06825938566553,5.1,5.691171249040394e-4,0.036251757445725286,0.01569902164760148,-0.03117149720956558,0.06961945348815093,0.4477411937005638,5.931673438599461e-4
RS,2013-10,2.4726734273426807,2.4746719813984352,2.5,-0.0019985540557545534,0.0350293843905654,0.05705364483347391,-0.027326572657319304,0.06862601907528892,0.3981955098887434,-0.002001911656921429
RS,2013-11,1.7788659624058345,1.791639017916391,1.8,-0.012773055510556519,0.03489888117066641,0.36600186258385464,-0.021134037594165545,0.06845612179094353,0.308723851735368,-0.012777586775492233
RS,2013-12,2.333684279513733,2.332944509248458,2.3,7.397702652749416e-4,0.03435696438653136,0.021531886721777634,0.033684279513733095,0.0674986953883733,0.4990360083246177,7.397702652749416e-4
RS,2014-01,3.0266355884631113,3.0167412564230167,3,0.0098943320400946,0.03482222591532777,0.2841384139013179,0.026635588463111315,0.06849838453666227,0.38884987789537134,0.009906629493507957
RS,2014-02,2.684507548355013,2.68843806696355,2.7,-0.0039305186085369925,0.03459781453729906,0.11360597948461734,-0.015492451644987248,0.06832538974962904,0.2267451631341973,-0.003916490996536126
RS,2014-03,2.5210272986791185,2.5226710634789873,2.5,-0.0016437647998688298,0.034575854109965755,0.04754082992833573,0.021027298679118456,0.0682955065034745,0.3078870009998198,-0.0016311072831909357
RS,2014-04,2.2458150276323687,2.23856209150326,2.2,0.007252936129108711,0.03439807942009394,0.21085293863447055,0.045815027632368555,0.06824228431953608,0.6713583533904777,0.00727188850770677
RS,2014-05,2.4797217912732057,2.4796084828711207,2.5,1.1330840208501058e-4,0.03443282238096271,0.0032907091039872695,-0.02027820872679431,0.06832187907849031,0.2968040253034913,1.3630041937506832e-4
RS,2014-06,1.499100930971728,1.5009683666881823,1.5,-0.0018674357164543132,0.0341584156783573,0.054669857467584966,-8.990690282719704e-4,0.06813979346255698,0.013194478330287448,-0.0018434794331960713
RS,2014-07,2.4210548759725983,2.4131746290559253,2.4,0.007880246916672995,0.034179294441149546,0.23055616113554742,0.021054875972598364,0.06807208223759195,0.3093026580134649,0.007903133756503866
RS,2014-08,1.9004297761796296,1.900893582453289,1.9,-4.63806273659495e-4,0.03393323729599834,0.013668199989695368,4.2977617962969283e-4,0.06784062689520105,0.006335085616080806,-4.426144401465937e-4
RS,2014-09,2.4433884252801525,2.4524930972876335,2.5,-0.009104672007480996,0.033971423503145075,0.26800972901939435,-0.05661157471984746,0.06792743160434632,0.8334125607691191,-0.009077630575141438
RS,2014-10,1.9478687495932308,1.944894651539708,1.9,0.002974098053522667,0.03373771239000417,0.08815351850600975,0.04786874959323084,0.06768834795179889,0.7071933507273416,0.0029982852321162046
RS,2014-11,2.4175684521274468,2.411994784876148,2.4,0.0055736672512987084,0.03373450267226337,0.1652215627853734,0.017568452127446843,0.06763469352476408,0.2597550341676975,0.005596946604599751
RS,2014-12,1.9223815674640106,1.9215111545350938,1.9,8.704129289167639e-4,0.03344248226735929,0.026027162755388796,0.022381567464010654,0.06700204006318808,0.3340430745527019,8.896367445916376e-4
RS,2015-01,0.3404631273100912,0.3539823008849474,0.4,-0.013519173574856214,0.03365096736293325,0.4017469521469884,-0.059536872689908815,0.06758716558913473,0.8808902129708472,-0.013515768943583528
RS,2015-02,0.8219311934879507,0.8191455187921637,0.8,0.002785674695787055,0.033492240006039356,0.08317373502891234,0.021931193487950695,0.0674967948457345,0.32492199871230854,0.0027938940077216756
RS,2015-03,1.6309898184287006,1.62431650048247,1.6,0.006673317946230606,0.03361400349419723,0.19852791255235688,0.030989818428700522,0.06766334919502966,0.45800006646695723,0.006689627844415069
RS,2015-04,1.6197130448927928,1.6141921048425711,1.6,0.005520940050221634,0.033365668516973736,0.16546768866366426,0.019713044892792686,0.06751344173060499,0.2919869641878504,0.005537137180670282
RS,2015-05,1.3620774314317445,1.3689907672715718,1.4,-0.006913335839827228,0.0333213210580087,0.20747484254276358,-0.03792256856825538,0.0675106846457194,0.5617269142990376,-0.006899715065513012
RS,2015-06,1.9225897025505574,1.9239942757194983,1.9,-0.0014045731689409369,0.0332837789143119,0.04219993085992335,0.022589702550557478,0.06753574147709168,0.3344851489965498,-0.00138534727191586
RS,2015-07,1.2191227285626807,1.2259194395796813,1.2,-0.006796711017000634,0.03322224580815867,0.2045831295165334,0.019122728562680713,0.06739772152886656,0.2837295998869994,-0.006784519789714505
RS,2015-08,2.2504742925048835,2.2321428571428603,2.2,0.018331435362023196,0.03341360696161398,0.5486218648313727,0.050474292504883334,0.06765059721336981,0.7461026891704672,0.01835394010494884
RS,2015-09,1.5934232608202212,1.5852885225110969,1.6,0.008134738309124367,0.0332217835570553,0.24486157689739071,-0.006576739179778857,0.0674958449089316,0.09743917108753118,0.00815067254173285
RS,2015-10,1.6926126592821371,1.7011128775834772,1.7,-0.008500218301340068,0.033175339673293426,0.25622098778939867,-0.007387340717862845,0.06741096069347259,0.10958664053838595,-0.00848329217474686
RS,2015-11,1.6063133363659148,1.6072565245066839,1.6,-9.431881407691023e-4,0.033139839182463326,0.028460854489246012,0.00631333636591469,0.06735414298240057,0.09373345255932282,-9.271250074054382e-4
RS,2015-12,1.8375372388459046,1.8373542099376916,1.8,1.830289082129788e-4,0.03268222512239843,0.005600258474675943,0.03753723884590454,0.06655845501447082,0.5639740110815881,2.0140428060155813e-4
RS,2016-01,2.6868986364704033,2.6775693442360193,2.7,0.009329292234383946,0.033172373807390375,0.28123679928825296,-0.013101363529596899,0.06735517226205237,0.19451161788473598,0.009351372495411958
RS,2016-02,1.9201029657401336,1.9276724549944113,1.9,-0.007569489254277695,0.03294686851367831,0.22974836747034472,0.020102965740133705,0.06716803574975148,0.29929363745325965,-0.00755406117395685
RS,2016-03,1.1348697252167295,1.139420794429502,1.1,-0.004551069212772596,0.03276016998034733,0.13892080582923597,0.034869725216729375,0.06702431926478598,0.5202548209251211,-0.0045423839584166625
RS,2016-04,0.8814240914837035,0.8965083359547155,0.9,-0.015084244471011976,0.03252451747643538,0.4637807303964092,-0.018575908516296535,0.06686443095905262,0.27781450092160825,-0.015081770280134577
RS,2016-05,0.8371201368270338,0.8322864321608003,0.8,0.0048337046662334515,0.03247231731162513,0.14885616631071105,0.037120136827033745,0.066834907907725,0.5554004335321793,0.004834734524525985
RS,2016-06,0.29986665811490076,0.31201248049923525,0.3,-0.012145822384334481,0.032375637573830544,0.3751531489267731,-1.3334188509922518e-4,0.06679745667101929,0.0019962120078304843,-0.01215148227351176
RS,2016-07,1.1791418608772857,1.1796162315193426,1.2,-4.743706420569094e-4,0.03252914859900529,0.014582940608270797,-0.02085813912271428,0.06689362386503911,0.31181057203294166,-4.718341808154225e-4
RS,2016-08,1.3277145338149643,1.341235184029932,1.3,-0.013520650214967622,0.03236094647556484,0.41780762578056296,0.02771453381496425,0.06686766776901462,0.41446837821083254,-0.013526657790616348
RS,2016-09,0.7610344412720569,0.7646691635455616,0.8,-0.003634722273504698,0.032233397038268524,0.11276261913038328,-0.03896555872794316,0.06668700188515042,0.5843051513254466,-0.0036400191415397742
RS,2016-10,1.6178349541003982,1.6101297483195331,1.6,0.0077052057808650876,0.03225061056726126,0.23891658623935993,0.017834954100398148,0.06674533779553236,0.2672089870161979,0.007701667353422037
RS,2016-11,1.6615783822275325,1.660140955364131,1.7,0.0014374268634014253,0.0322529554591273,0.04456729136723644,-0.03842161777246744,0.06672147666577907,0.5758508308341082,0.0014357482519569142
RS,2016-12,1.6530241393356293,1.6630059617194881,1.7,-0.009981822383858807,0.03193887336740655,0.3125289445571115,-0.04697586066437065,0.06611968557594704,0.7104670909303218,-0.009981822383858807
RS,2017-01,2.453702770103528,2.4515927545283978,2.5,0.002110015575130131,0.03219979891477062,0.06552884323020505,-0.046297229896472114,0.0667762989762056,0.6933182971546418,0.002122763646129844
RS,2017-02,3.3141102186591356,3.3135354798374372,3.3,5.747388216983396e-4,0.03246593361182809,0.017702827479723206,0.014110218659135754,0.06709508998597961,0.21030180691439965,5.951132849890683e-4
RS,2017-03,3.728933214047147,3.723986856517003,3.7,0.004946357530144052,0.032578320750342275,0.15182972652425877,0.028933214047146993,0.06722343728466669,0.43040366895589416,0.004969794028146346
RS,2017-04,4.306038911352479,4.28682774746687,4.3,0.019211163885608507,0.03257395167253326,0.5897707493011228,0.006038911352479026,0.06732260717363764,0.08970109159473787,0.019244083398572087
RS,2017-05,3.7796926528927504,3.768883351502894,3.8,0.010809301389856252,0.03244701129462353,0.3331370427835784,-0.020307347107249463,0.06716827760373098,0.3023353855678064,0.010837969818342064
RS,2017-06,3.836467860725581,3.8258164852255083,3.8,0.010651375500072557,0.03228085005446824,0.3299595730007184,0.03646786072558106,0.06702790442782863,0.5440698323613462,0.010681985526078908
RS,2017-07,3.4170901708395376,3.4198663143168107,3.4,-0.002776143477273063,0.03212349310646264,0.08642097134556502,0.017090170839537677,0.06684402116692917,0.25567239285108984,-0.0027492041533210276
RS,2017-08,2.6213225232350448,2.6161895967990123,2.6,0.00513292643603247,0.03199218997248259,0.16044310941037324,0.021322523235044688,0.0668049366208014,0.31917586204857473,0.005161954353836151
RS,2017-09,3.3135169541546423,3.314232615765844,3.3,-7.156616112018455e-4,0.032097146217063166,0.02229673648747603,0.013516954154642491,0.0668666058179952,0.20214805266823932,-6.860349349664396e-4
RS,2017-10,2.8299349457581897,2.8307692307692367,2.8,-8.342850110469868e-4,0.031827011883822316,0.026213111494486678,0.02993494575818989,0.06666001962664425,0.44906896106320354,-8.027911287085132e-4
RS,2017-11,2.887090892871424,2.8809120320443693,2.9,0.006178860827054766,0.0317587979008337,0.19455587854263734,-0.012909107128575847,0.06657571900314577,0.193901129749209,0.006209495093731032
RS,2017-12,3.032606783787042,3.0246913580247003,3,0.0079154257623415,0.03167811000921695,0.2498705181602834,0.03260678378704185,0.06601262456526122,0.4939476956382218,0.007945751830179315
RS,2018-01,2.041769894620229,2.04237158969669,2,-6.016950764609064e-4,0.03122685289441476,0.01926851477782206,0.04176989462022895,0.06614082699951589,0.6315296695720888,-5.84186423373545e-4
RS,2018-02,1.6614674829629943,1.6641452344932084,1.7,-0.002677751530214101,0.031003468878515576,0.08636941694191187,-0.038532517037005665,0.06600035161227225,0.5838229054198076,-0.0026677428912651457
RS,2018-03,1.4801805143181566,1.493437924272123,1.5,-0.013257409953966404,0.03094107136082552,0.42847287992592287,-0.01981948568184344,0.06596648417578954,0.3004478096638872,-0.013250360585908005
RS,2018-04,1.010235304942351,1.0164424514200077,1,-0.006207146477656744,0.030798163589064606,0.20154274652468868,0.01023530494235092,0.06592551995392071,0.1552555815942747,-0.006209338668399678
RS,2018-05,2.2038803846760793,2.22122167191956,2.2,-0.017341287243480608,0.031003041711785653,0.5593414802550939,0.003880384676079096,0.06615886784868424,0.058652525387135515,-0.017339421276155953
RS,2018-06,2.4504979068759263,2.4565608148591878,2.5,-0.0060629079832614785,0.03092811617844044,0.196032242904204,-0.04950209312407372,0.06613216313783718,0.7485327981922816,-0.00606295435049109
RS,2018-07,2.409094853904799,2.404930106718761,2.4,0.004164747186037765,0.030913515144270435,0.13472253694221722,0.009094853904799027,0.06606406824806624,0.1376671789367928,0.004168236175757123
RS,2018-08,2.57631210059006,2.5794841031793636,2.6,-0.003172002589303613,0.03098717019703454,0.10236502943425187,-0.023687899409940094,0.0661831165145863,0.35791453557070624,-0.00317081939948638
RS,2018-09,2.0841678388980727,2.0836456303402695,2.1,5.22208557803161e-4,0.030778310150590436,0.01696677157544152,-0.015832161101927422,0.06594430400967514,0.2400838304337032,5.229900704897261e-4
RS,2018-10,2.2422333350806913,2.2441651705565446,2.2,-0.001931835475853294,0.03071796426329073,0.06288943692020371,0.04223333508069116,0.06592445001242822,0.64063234615881115,-0.00193306188453235
RS,2018-11,1.9216034882102133,1.9317160826594737,1.9,-0.010112594449260381,0.03060723894965174,0.3303987813437006,0.021603488210213406,0.0657758141893253,0.32844121317953096,-0.010112943970884247
RS,2018-12,1.996189759204618,1.9922109047333603,2,0.003978854471257787,0.03054816323859567,0.13024856650729022,-0.0038102407953819473,0.0654199269515589,0.058242816415910906,0.003978854471257787
RS,2019-01,2.0437084504321277,2.04630321135173,2,-0.0025947609196022015,0.03062022731668304,0.08474009329736357,0.04370845043212768,0.06583614320144204,0.6638974931807716,-0.00259814357864796
RS,2019-02,2.3228295672998907,2.3214285714285854,2.3,0.0014009958713052661,0.03049940062520743,0.04593519356401247,0.02282956729989083,0.06579138206467348,0.3469993574150665,0.0013911008689588833
RS,2019-03,2.6646159435714596,2.6605231866825063,2.7,0.004092756888953275,0.03058264181284051,0.1338261394813472,-0.03538405642854059,0.06591771231811715,0.5367913294347665,0.0040782799808387615
RS,2019-04,2.9494136028467386,2.959455460195315,3,-0.010041857348576322,0.03050865860868119,0.3291477831712643,-0.05058639715326141,0.06592885480080021,0.7672876664717588,-0.010063802634300512
RS,2019-05,1.9301125756162685,1.9233592717662562,1.9,0.006753303850012271,0.030168648215743357,0.22385172188418087,0.030112575616268566,0.06562870297082199,0.458832404925881,0.006733834469752731
RS,2019-06,1.4115796924826385,1.4035087719298067,1.4,0.008070920552831762,0.02997204013549209,0.26928165438008983,0.01157969248263857,0.06545593272398968,0.1769082190222094,0.008052325346614264
RS,2019-07,1.7177865107947772,1.7173051519154603,1.7,4.8135887931688437e-4,0.029970206021974578,0.016061246925161116,0.01778651079477722,0.06541848635815663,0.27188814332081424,4.636233738590789e-4
RS,2019-08,1.446063448268183,1.4473684210526194,1.4,-0.001304972784436531,0.030039355342469293,0.04344210351916493,0.04606344826818298,0.06552508330181578,0.702989541516638,-0.00132391197927606
RS,2019-09,1.412083738973346,1.409691629955967,1.4,0.0023921090173790738,0.029931195769068802,0.07992026231879126,0.012083738973346136,0.06535076080965732,0.1849058652666893,0.0023779065739579774
RS,2019-10,1.173100207214157,1.170617500731641,1.2,0.0024827064825159173,0.02987463943452026,0.08310414885366417,-0.02689979278584298,0.06532793054620754,0.41176557348340165,0.0024673461910960093
RS,2019-11,1.706836591444588,1.7041281034229527,1.7,0.002708488021635258,0.0299701058548069,0.09037298816216374,0.006836591444588036,0.06540491892244978,0.10452717558895137,0.0026918026206070866
RS,2019-12,2.0867466673573603,2.0854751064767196,2.1,0.001271560880640621,0.0299003152433218,0.042526671384330056,-0.013253332642639837,0.06506072976037935,0.20370710091098368,0.0012506934139673298
RS,2020-01,2.317262895397731,2.312646370023441,2.3,0.004616525374289804,0.02998106712786575,0.1539813561205431,0.01726289539773118,0.06551399155905957,0.26349936840848753,0.004599042985784951
RS,2020-02,2.304311199038679,2.29784758580569,2.3,0.006463613232988941,0.029826064678830408,0.2167102265280276,0.00431119903867927,0.06545075743693633,0.06586935289226,0.006452619608088739
RS,2020-03,1.7490446466443046,1.7373678876502208,1.7,0.011676758994083825,0.029711625203387843,0.393003038849332,0.049044646644304635,0.06536101867603994,0.7503653957321726,0.011670289333914896
RS,2020-04,1.189947284642702,1.17849956884164,1.2,0.011447715801061964,0.029611786521520876,0.3865932166146794,-0.010052715357298014,0.06532617248036574,0.1538849587478806,0.011448609687285671
RS,2020-05,1.1382111194446476,1.1380005762028134,1.1,2.105432418342268e-4,0.029660770383032317,0.007098374017779044,0.0382111194446475,0.06533769502045918,0.5848250299108725,2.0917755015537054e-4
RS,2020-06,1.8485570955371575,1.8454440599769306,1.8,0.0031130355602269066,0.02973040689513593,0.10470881112414972,0.04855709553715748,0.06544635774058083,0.7419373241461388,0.0031108880155257257
RS,2020-07,2.1865285257513487,2.1933621933621916,2.2,-0.0068336676108429195,0.029750928494184207,0.22969594418469272,-0.013471474248651472,0.06547817920448924,0.20573990316040822,-0.006836734650077503
RS,2020-08,1.9209617629603895,1.9167026949128196,1.9,0.004259068047569814,0.029725699695680962,0.14327898388170293,0.02096176296038954,0.06545312589856783,0.3202561019449829,0.004257260512207761
RS,2020-09,1.840115350726173,1.8389805965826733,1.8,0.0011347541434996167,0.02966716893602226,0.038249492088265405,0.040115350726172894,0.06532031475859126,0.6141328448037938,0.0011281847920832089
RS,2020-10,1.78484554019887,1.7934625397743709,1.8,-0.008616999575500772,0.029620775452034034,0.2909106680699357,-0.01515445980112995,0.06528581946107805,0.2321248308779321,-0.0086223675750694
RS,2020-11,1.6607594216442638,1.6611295681062899,1.7,-3.701464620260442e-4,0.02957147122917608,0.012517012060625743,-0.03924057835573613,0.0652467846252388,0.6014178105652899,-3.742644825053265e-4
RS,2020-12,1.3005585459250009,1.309164149043296,1.3,-0.008605603118295058,0.029221371305982888,0.2944968950356247,5.585459250008196e-4,0.06474078116389116,0.008627420228169036,-0.008605603118295058
RS,2021-01,1.1579728828523501,1.158798283261775,1.2,-8.254004094248035e-4,0.02927949378606639,0.028190392069469366,-0.04202711714764984,0.06505611377776876,0.6460133369050322,-8.296087359955795e-4
RS,2021-02,1.1389162885687523,1.1373329542223365,1.1,0.0015833343464157767,0.029119838245925227,0.05437304744085708,0.03891628856875218,0.06498424680616847,0.5988572689751963,0.0015730184777145162
RS,2021-03,1.725317162579255,1.736160523694319,1.7,-0.01084336111506401,0.029262811617095062,0.37055089773839156,0.02531716257925498,0.06515397952744695,0.38857430908866897,-0.010858581946634471
RS,2021-04,2.62125842695615,2.627840909090895,2.6,-0.0065824821347448825,0.02937501220967802,0.22408440506370886,0.02125842695614999,0.06535616817171377,0.3252703998847757,-0.006608497896270382
RS,2021-05,3.477434554014781,3.475288420452949,3.5,0.00214613356183202,0.02957615430869387,0.07256296878330686,-0.022565445985219146,0.06558096706155504,0.3440852887094355,0.0021143314197167307
RS,2021-06,3.1142587780785638,3.1143827859569706,3.1,-1.240078784068288e-4,0.029422184395267482,0.004214774699963314,0.014258778078563683,0.0654863219070635,0.21773673743349603,-1.5839490638658305e-4
RS,2021-07,3.1248117753070344,3.1205874046879467,3.1,0.004224370619087647,0.029341335712110166,0.14397335760498817,0.024811775307034267,0.06544194543671082,0.3791417743078839,0.004187492732849574
RS,2021-08,4.190852440578288,4.185520361990958,4.2,0.005332078587330535,0.0295240221087157,0.18060136141669086,-0.009147559421712081,0.06568042655729034,0.13927375172773948,0.0052858783174034585
RS,2021-09,5.626908992926622,5.630598606569048,5.6,-0.0036896136424262593,0.029690533535882697,0.12426902460230806,0.02690899292662241,0.06587162406474732,0.40850659610536855,-0.003744646929811246
RS,2021-10,6.5385410126833,6.535947712418322,6.5,0.002593300264978282,0.029785090905714396,0.08706705892513313,0.038541012683300124,0.06604121013920627,0.583590346119653,0.0025284991050495975
RS,2021-11,7.490990522154749,7.487922705314021,7.5,0.0030678168407280992,0.029931337543737776,0.10249514697581388,-0.00900947784525119,0.06625515527220414,0.13598153695718398,0.0029934662571236004
RS,2021-12,7.870578020780964,7.867083214995718,7.9,0.003494805785245525,0.02987881005348211,0.11696602973779528,-0.029421979219036665,0.06511971581778067,0.45181369189886905,0.003416100005038558
RS,2022-01,8.23044551482732,8.230801866779824,8.2,-3.563519525044967e-4,0.0300312660701918,0.011866031610908396,0.030445514827320608,0.06647095558767947,0.45802733777703875,-4.144116470001791e-4
RS,2022-02,8.756470261929678,8.757379814450395,8.8,-9.095525207172273e-4,0.029852784258965787,0.03046792931698015,-0.043529738070322566,0.06641137019522234,0.6554561055187221,-9.375511519316149e-4
RS,2022-03,9.102563358578092,9.09218072457687,9.1,0.010382634001221192,0.029701059278567022,0.34957116861867427,0.0025633585780919788,0.06635044702545319,0.03863362935759317,0.01037698517574448
RS,2022-04,9.52611117487157,9.522491349480955,9.5,0.0036198253906150057,0.02933276843580971,0.12340551484379804,0.026111174871569887,0.06615143494057385,0.3947181931129154,0.003656259665428152
RS,2022-05,10.230664320747678,10.227116311080508,10.2,0.003548009667170504,0.02926916958336803,0.12122003178343099,0.030664320747678886,0.06620889513803871,0.4631450303429312,0.0036159553977270775
RS,2022-06,11.624373616626805,11.628226249313567,11.6,-0.0038526326867618366,0.02942931777394969,0.13091138287181495,0.024373616626805372,0.06649827171276373,0.366530076632459,-0.003748372619114093
RS,2022-07,12.493654778901746,12.48801862248392,12.5,0.005636156417825333,0.02952496049428295,0.19089463028804687,-0.0063452210982539725,0.06668772175311305,0.09514826614927464,0.005765636422667697
RS,2022-08,12.776909743351743,12.785016286644924,12.8,-0.008106543293180835,0.02930528284340285,0.27662395672818985,-0.023090256648258034,0.06659958273523336,0.3467027224487779,-0.007943642637117776
RS,2022-09,13.547274242332147,13.541526450397079,13.5,0.005747791935068136,0.02916277025117929,0.19709348205133925,0.047274242332147054,0.06661417838422373,0.7096723772448875,0.00595121945220356
RS,2022-10,14.534721082059228,14.53720992264602,14.5,-0.002488840586792662,0.029078487750713332,0.08559044088293787,0.03472108205922808,0.06671067181660267,0.5204726787144548,-0.0022374268562632693
RS,2022-11,14.570874142480154,14.567085261070712,14.6,0.003788881409441558,0.02883679208828694,0.1313905304668248,-0.029125857519845866,0.0665813170732467,0.4374479028073934,0.00406801864239803
RS,2022-12,14.607535558486376,14.612954186413907,14.6,-0.005418627927531006,0.028768690247153835,0.1883515683536231,0.007535558486376104,0.06464198183540103,0.11657375396633142,-0.005126477216359504
RS,2023-01,15.27403753695491,15.275055533777593,15.3,-0.0010179968226822211,0.029069902490811223,0.03501892801339813,-0.02596246304509009,0.06700097654922814,0.3874938005719139,-7.429560543119607e-4
RS,2023-02,15.491725089242976,15.496962647020807,15.5,-0.005237557777830304,0.02866250692402726,0.18273201962804428,-0.00827491075702369,0.06673840763020614,0.12399023367285773,-0.004987244377192113
RS,2023-03,15.563743252229722,15.566098217720214,15.6,-0.002354965490491523,0.02834909897684308,0.08307020594958496,-0.03625674777027754,0.06652459508500294,0.5450126787536228,-0.0021225932716699702
RS,2023-04,14.755099696140183,14.76052066220146,14.8,-0.005420966061276289,0.02777561604141138,0.1951699668224831,-0.04490030385981747,0.06607017428206738,0.6795850676604649,-0.005220682474339711
RS,2023-05,14.511836294879839,14.51048951048952,14.5,0.0013467843903178789,0.02736515756995043,0.049215298208141044,0.011836294879838505,0.06578381285695238,0.1799271639297749,0.0015209337166304238
RS,2023-06,13.535261526004655,13.54076989300208,13.5,-0.005508366997425185,0.026848571554939762,0.20516424816692796,0.03526152600465515,0.06538194710425609,0.5393159360706739,-0.005367128486698292
RS,2023-07,12.362935329759594,12.367620206938511,12.4,-0.004684877178917191,0.026488601843736494,0.17686389061055627,-0.03706467024040627,0.06506792323496491,0.5696304476564145,-0.004565521437855935
RS,2023-08,11.482575518680017,11.480144404332137,11.5,0.0024311143478801256,0.025977429939489576,0.09358563774565198,-0.017424481319983087,0.06463477089281877,0.2695837098096534,0.0025263498440128984
RS,2023-09,10.155564013112025,10.160047421458218,10.2,-0.004483408346192874,0.025284757358358174,0.17731664506999237,-0.04443598688797401,0.06403111661213555,0.6939748865718242,-0.004419304400348878
RS,2023-10,8.453917804511637,8.45365626455521,8.5,2.6153995642630434e-4,0.024563986477500053,0.010647292802651063,-0.04608219548836345,0.06341204070094279,0.7267104950255656,2.890086464457653e-4
RS,2023-11,7.907250527889886,7.903542171454947,7.9,0.003708356434938942,0.024294745946738076,0.15264026399242273,0.007250527889885561,0.06321311210005778,0.1146997458123713,0.0037171872804364625
RS,2023-12,7.520758489713278,7.5120606478290775,7.5,0.008697841884200308,0.024007668689088695,0.36229431507247567,0.02075848971327776,0.0620899073377801,0.3343295328232316,0.008697841884200308
RS,2024-01,6.3964943801432925,6.3931081387440525,6.4,0.003386241399240042,0.023675806097034457,0.14302538994286618,-0.003505619856707831,0.06270323075231474,0.055908121713145034,0.0033832919441678655
RS,2024-02,5.674604740409801,5.673679498657136,5.7,9.252417526646184e-4,0.023298886273507232,0.0397118446694465,-0.025395259590199615,0.06242576239072405,0.40680735993659467,9.160001652341876e-4
RS,2024-03,5.122196473032276,5.125929213358482,5.1,-0.0037327403262059633,0.02304876742298584,0.16194967208890373,0.022196473032276565,0.062237631492959494,0.3566407091630326,-0.0037454538736314547
RS,2024-04,5.054645193361741,5.054509415262642,5.1,1.3577809909826044e-4,0.022838574060995227,0.0059451215621271454,-0.04535480663825897,0.062104887294822345,0.7302936791906903,1.1602211152794695e-4
RS,2024-05,4.5234431306073795,4.525627044711,4.5,-0.002183914103620843,0.022561824951660266,0.09679687296129538,0.02344313060737946,0.061903224036761906,0.37870613319683477,-0.002208434981364249
RS,2024-06,3.940913941971431,3.9428076256499134,3.9,-0.0018936836784821942,0.022392598758874508,0.08456739205991891,0.04091394197143128,0.06177404483040065,0.6623160598235012,-0.0019191835582841321
RS,2024-07,4.3907844036866734,4.387390315242112,4.4,0.0033940884445611275,0.022429873491532637,0.1513199994570816,-0.009215596313326913,0.06183482303611903,0.1490357028748006,0.0033641981287635403
RS,2024-08,4.3970825174313255,4.393350604490487,4.4,0.003731912940838633,0.022366225933923234,0.1668548351368649,-0.0029174825686748562,0.06180927507218774,0.04720137172402517,0.0036983327347215322
RS,2024-09,4.277066171071008,4.272492466637967,4.3,0.004573704433040504,0.02224821004281871,0.20557628790082405,-0.022933828928992206,0.06171665816394982,0.3715986835850488,0.004538305037064205
RS,2024-10,4.5836733233082505,4.5844964569465185,4.6,-8.231336382680254e-4,0.022181288746213727,0.03710936941878689,-0.016326676691749142,0.061690782529756974,0.2646534218280317,-8.639579892806282e-4
RS,2024-11,4.427724685552765,4.437553464499588,4.4,-0.009828778946823213,0.02202226679539733,0.4463109560037405,0.02772468555276486,0.06156556747567345,0.45032778368720117,-0.009872232380609525
RS,2024-12,4.5021421988131385,4.508547008547015,4.5,-0.006404809733876249,0.02196525967376443,0.29158816371864843,0.002142198813138485,0.06104065780399151,0.035094622014351956,-0.006449831155864061
RS,2025-01,4.835928450030092,4.836991263584078,4.8,-0.001062813553986075,0.022026408554804477,0.048251786093119135,0.035928450030092485,0.061629800076407025,0.5829720360207128,-0.0010987032396903018
RS,2025-02,4.742768054340346,4.744255003706432,4.7,-0.0014869493660860655,0.021885406693392034,0.06794250556627889,0.04276805434034614,0.06154659916854545,0.6948889933499942,-0.0015112822880061216
RS,2025-03,4.4696761635255875,4.474934036939304,4.5,-0.0052578734137167515,0.02179465550119265,0.24124599782864334,-0.030323836474412502,0.061476155147104916,0.49326175981323606,-0.005277939355377903
RS,2025-04,4.041820428340697,4.035639412997893,4,0.006181015342803242,0.021618574505035147,0.28591225297318434,0.04182042834069666,0.06134855361563591,0.6816856449902983,0.00617070055197555
RS,2025-05,3.8732776895692402,3.8706311945748695,3.9,0.0026464949943707516,0.021523527940257237,0.12295823443613037,-0.026722310430759677,0.061292746730163244,0.43597834746095915,0.002644217012600425
RS,2025-06,4.726493593627244,4.720716965402261,4.7,0.005776628224983149,0.021566463926352163,0.2678523583982008,0.026493593627243683,0.06139203032034207,0.43154776750338403,0.005785130005546257
RS,2025-07,4.989370180890823,4.991697799916972,5,-0.002327619026148753,0.02157875207308225,0.1078662481623425,-0.010629819109176708,0.06145977337693109,0.1729557159930337,-0.002307921049678363
RS,2025-08,4.848610751683228,4.849550201633757,4.8,-9.394499505281928e-4,0.021480154519900287,0.043735716596351275,0.04861075168322859,0.06139059146017165,0.7918273879926009,-9.137770950715662e-4
RS,2025-09,3.1744820124121103,3.1788626277221566,3.2,-0.0043806153100462986,0.02118221035937714,0.20680633586980912,-0.025517987587889923,0.06102482060867424,0.418157519077782,-0.00436795797519407
RS,2025-10,3.100637908657073,3.1002977107073226,3.1,3.40197949750376e-4,0.0210778795154654,0.016140046227172127,6.379086570729164e-4,0.06097116450196071,0.010462464712354356,3.6275293689103094e-4
RS,2025-11,3.0697408355996805,3.0613289648817377,3.1,0.008411870717942804,0.021010706347567958,0.4003611577254993,-0.030259164400319616,0.060929727167951794,0.49662399302906324,0.008439491644873787
RS,2025-12,3.016669778136063,3.015743201799226,3,9.26576336837126e-4,0.020934605778968444,0.044260510401776636,0.016669778136062963,0.06055759989100863,0.2752714467889278,9.567430346182348e-4
RS,2026-01,2.67816869229709,2.682926829268295,2.7,-0.004758136971204863,0.020995914379448383,0.22662204108920886,-0.021831307702909974,0.060969156785847335,0.35807134055653594,-0.004728615346398346
RS,2026-02,2.6266574867537,2.62865231018099,2.6,-0.001994823427290182,0.020885170229779225,0.09551386966651836,0.026657486753699722,0.0609076483747576,0.4376705958121932,-0.001961100178966557
RS,2026-03,3.0816768501701914,3.0710172744721653,3.1,0.010659575698026114,0.02091355367410151,0.5096970062637656,-0.01832314982980865,0.0609677175514064,0.3005385565624799,0.010703186997624847
RS,2026-04,3.645553996596669,3.647355163727961,3.6,-0.0018011671312923028,0.020934598167139114,0.08603781724932183,0.0455539965966687,0.06104259579065081,0.7462657183337816,-0.0017435202685409656
RS,2026-05,3.778867724528641,3.786661309762951,3.8,-0.007793585234309841,0.020897134772020213,0.372949943584845,-0.021132275471358763,0.061042327326192074,0.3461905270818748,-0.007730099184767081
RS,2026-06,3.0223412919149544,3.0251766344910003,3,-0.002835342576045896,0.02066674557557533,0.13719347178671426,0.022341291914954375,0.06086574577207512,0.36705854223188444,-0.002777634523412953
RS,2026-07,2.1953866922350898,2.1943263813383407,2.2,0.0010603108967490726,0.020549548332849416,0.05159777137554483,-0.004613307764910424,0.0607737475529124,0.07590954895275905,0.0011081923449607345
RS,2026-08,2.481912040830154,2.485207100591702,2.5,-0.0032950597615482025,0.020608330893444344,0.15988969599650518,-0.01808795916984618,0.06086861772651194,0.29716395484972197,-0.00323915869748026
AL,2017-01,3.961484806835243,3.9630118890356725,4,-0.0015270822004294082,0.028469603054021107,0.05363904082300578,-0.03851519316475693,0.06552111941639398,0.5878286803982791,-0.0015123398119469833
AL,2017-02,3.724077492301928,3.7177145838768633,3.7,0.006362908425064706,0.028083417675833028,0.22657172636577844,0.024077492301927794,0.0652821158490526,0.36882218029820824,0.006364940027830279
AL,2017-03,3.8042161574242144,3.802725502920201,3.8,0.0014906545040132002,0.028120340302301216,0.053009831601903236,0.0042161574242145505,0.06538871842176128,0.06447836149685753,0.001487612304067909
AL,2017-04,3.616220844095507,3.6124152321335368,3.6,0.0038056119619702677,0.028077325962767942,0.13554039893317177,0.016220844095506948,0.06527216336881413,0.24851090048682187,0.0038073630312807083
AL,2017-05,3.383331257550955,3.38490017188946,3.4,-0.0015689143385051452,0.028497755507904798,0.05505396163813514,-0.016668742449045038,0.06549906202385598,0.25448826187730705,-0.0015532532030024804
AL,2017-06,3.7320506414426298,3.727369542066028,3.7,0.004681099376601772,0.028801772146029317,0.1625281719773316,0.03205064144262959,0.06573845556838086,0.48754783125822987,0.004703687392568323
AL,2017-07,2.961421580297469,2.9529130087789346,3,0.008508571518534236,0.02873774547616104,0.29607651461707013,-0.038578419702531175,0.06563385681942369,0.5877823058405777,0.008530333567382975
AL,2017-08,2.552235788337404,2.555321390937837,2.6,-0.0030856026004331127,0.02830479043773211,0.10901344093047252,-0.047764211662596257,0.06530091465893889,0.731447819866914,-0.0030738580663078885
AL,2017-09,2.661544413404062,2.6640419947506544,2.7,-0.0024975813465926144,0.02807219801585156,0.08896992480540007,-0.038455586595938396,0.06512331657432245,0.5905041177079899,-0.002489527427214977
AL,2017-10,3.1770871611834557,3.1714699302539895,3.2,0.005617230929466199,0.028204166063286663,0.19916316323134062,-0.02291283881654449,0.06525395579773874,0.3511333303311934,0.005628082299082848
AL,2017-11,2.442910414695238,2.433250032881751,2.4,0.009660381813487273,0.028185019521215077,0.3427488069048819,0.04291041469523815,0.06519360631506929,0.6581997395244501,0.009670727225446818
AL,2017-12,2.4109311911021534,2.421559692748332,2.4,-0.010628501646178456,0.026574684925895226,0.3999483597196557,0.010931191102153459,0.06339791369336037,0.1724219373373209,-0.010628501646178456
AL,2018-01,1.7086711081426622,1.7026683608640347,1.7,0.006002747278627485,0.026366430898148493,0.22766628148556164,0.008671108142662254,0.0637688879405599,0.13597709514308523,0.005950305101823261
AL,2018-02,1.6173126468103098,1.6224374292541643,1.6,-0.005124782443854503,0.02652018709902493,0.1932408102823274,0.01731264681030975,0.0640445354733537,0.2703219983149512,-0.005205271344942863
AL,2018-03,1.3628771052414719,1.3628407101775375,1.4,3.639506393438019e-5,0.026555161872129432,0.0013705457383251004,-0.037122894758528036,0.06413723948600716,0.5788040622893841,-5.3767836140306e-5
AL,2018-04,1.6707647980365394,1.6740088105726914,1.7,-0.003244012536151919,0.026515106641028626,0.12234582270667688,-0.029235201963460522,0.06403351575257722,0.4565609371883327,-0.0033238451050365825
AL,2018-05,1.8191770503003668,1.816089013940414,1.8,0.003088036359952806,0.026550187420952356,0.11630939966607731,0.01917705030036676,0.06387735618259222,0.30021671913830505,0.0030517808270291713
AL,2018-06,2.0956405047650826,2.091889117043122,2.1,0.0037513877219605973,0.02669495484824032,0.1405279665497498,-0.004359495234917521,0.06399599385669379,0.06812137717057316,0.003717206837108744
AL,2018-07,2.3134335138500286,2.3126614987079908,2.3,7.720151420378407e-4,0.026978971172265682,0.02861544041499516,0.013433513850028778,0.06420857101333893,0.20921683255087625,7.515078860902413e-4
AL,2018-08,2.0552618108581178,2.054970459799632,2.1,2.91351058485656e-4,0.02673252907537804,0.01089874652952326,-0.04473818914188232,0.06402096685896377,0.6988052717235461,2.607421587499381e-4
AL,2018-09,1.8835475504747652,1.879074523839952,1.9,0.004473026634813193,0.026552089054781555,0.16846232421051938,-0.016452449525234725,0.063889940299994,0.2575123634171915,0.004433295667640058
AL,2018-10,1.2432212249775463,1.2499999999999956,1.3,-0.006778775022449279,0.02643406268753603,0.25644090742228404,-0.056778775022453765,0.06375781539399876,0.8905382763129945,-0.006806039900605354
AL,2018-11,1.4359506954664985,1.4381099126861807,1.4,-0.0021592172196822634,0.02672707401639399,0.08078763946842185,0.03595069546649854,0.06397885826583641,0.5619152395174201,-0.002172208948138854
AL,2018-12,1.8195017325427802,1.817719588153044,1.8,0.0017821443897363398,0.025832023259124686,0.06898973308669619,0.019501732542780204,0.06300516933765445,0.3095259126797581,0.0017275593377601428
AL,2019-01,2.40155494363366,2.398800599700124,2.4,0.0027543439335362407,0.025732076258849275,0.107039319557007,0.0015549436336601552,0.06338851736874068,0.02453036761555426,0.0027522573927503124
AL,2019-02,2.2723599661715714,2.2648514851485224,2.3,0.0075084810230490184,0.025822053732927088,0.29077784055086797,-0.02764003382842839,0.06358689707651949,0.43468128025128827,0.007534538776595934
AL,2019-03,1.4604283554465167,1.4555322560749984,1.5,0.004896099371518359,0.02571709633568017,0.19038305521006502,-0.039571644553483276,0.06347245124191644,0.623445979778872,0.004932080902405378
AL,2019-04,1.5729305842192776,1.5721713295370199,1.6,7.592546822576818e-4,0.02563424833338147,0.029618761290884584,-0.027069415780722528,0.06335235243269058,0.4272835142070333,7.846135775155805e-4
AL,2019-05,1.6578477069632402,1.6580831553824948,1.7,-2.3544841925460247e-4,0.025711179855165696,0.009157433481501548,-0.042152293036759714,0.06325405212343316,0.6663967227665393,-2.537801102442394e-4
AL,2019-06,1.5203132375300399,1.5210559396606094,1.5,-7.427021305694836e-4,0.02572826599238931,0.02886716620502846,0.020313237530039885,0.06325306615176106,0.3211423376900494,-7.632028407056346e-4
AL,2019-07,1.5327805651891928,1.5405985604243,1.5,-0.007817995235107178,0.025897238420518182,0.30188528630578004,0.03278056518919281,0.06336566641566464,0.5173237660622018,-0.007852178142401245
AL,2019-08,1.5027429041517102,1.4976088598037007,1.5,0.005134044348009459,0.025780407906550864,0.1991451945453852,0.0027429041517101904,0.06329034227252237,0.04333843131862834,0.0051099945480403974
AL,2019-09,1.4132501537523834,1.4178168130489333,1.4,-0.004566659296549869,0.025678455837045727,0.17784010555500976,0.013250153752383476,0.06321977851570514,0.20958874047766327,-0.004581540757993219
AL,2019-10,1.5865212161940923,1.5873015873016039,1.6,-7.803711075116126e-4,0.025842706475024686,0.03019695743809926,-0.013478783805907835,0.06334495772501307,0.2127838472072333,-8.075396586777472e-4
AL,2019-11,1.8426202035906505,1.848101265822777,1.8,-0.00548106223212641,0.026041966112512173,0.21047036957370774,0.04262020359065044,0.06350001289385795,0.6711841722283002,-0.005522611728667748
AL,2019-12,1.4493905451571418,1.4481897627965257,1.4,0.0012007823606161594,0.02525925265131629,0.04753831703542445,0.04939054515714192,0.06268445928183763,0.7879232862977327,0.0012007823606161594
AL,2020-01,1.6020730427842804,1.6105417276720546,1.6,-0.008468684887774192,0.025186266686641902,0.3362421669371804,0.0020730427842803323,0.06308241141353631,0.03286245306461915,-0.008468684887774192
AL,2020-02,1.3770472575180137,1.3796441970228779,1.4,-0.002596939504864171,0.02524744740176216,0.10285948767568938,-0.0229527424819862,0.06322847428784088,0.36301275241114134,-0.002596939504864171
AL,2020-03,2.6231124997753374,2.6261398176291806,2.6,-0.0030273178538431367,0.025442176043956044,0.11898816550175927,0.02311249977533736,0.06344339702746299,0.36430110710075253,-0.0030273178538431367
AL,2020-04,2.3095737562749816,2.315661182205986,2.3,-0.006087425931004198,0.025332453129039815,0.24030147810777502,0.009573756274981804,0.06328513358729121,0.15127970397307317,-0.006087425931004198
AL,2020-05,2.781924784258597,2.780180402817245,2.8,0.0017443814413518055,0.025325094522117664,0.06887956291054907,-0.018075215741403028,0.06314071723133832,0.2862687744768259,0.0017443814413518055
AL,2020-06,2.235887437378771,2.241208519068838,2.2,-0.005321081690067064,0.02525313849934728,0.21070971793088605,0.03588743737877076,0.06300886945221179,0.5695616774395403,-0.005321081690067064
AL,2020-07,2.14495689533278,2.1514736973013315,2.2,-0.006516801968551533,0.02534067062365148,0.25716769951893603,-0.05504310466722018,0.06303737750679925,0.8731820206397894,-0.006516801968551533
AL,2020-08,2.058953856836323,2.058276503409795,2.1,6.773534265280823e-4,0.025251046966257847,0.026824766015967876,-0.04104614316367705,0.0629794803961171,0.6517383583591408,6.773534265280823e-4
AL,2020-09,2.3186392269425564,2.3134974638129524,2.3,0.005141763129604016,0.02524054146374215,0.20371049238345856,0.018639226942556597,0.06301264223088245,0.2958013865576569,0.005141763129604016
AL,2020-10,2.8690610130737206,2.864583333333326,2.9,0.004477679740394702,0.025401359054315897,0.17627717205288304,-0.030938986926279277,0.0631787362052527,0.48970569505799955,0.004477679740394702
AL,2020-11,2.1714770455326717,2.162565249813575,2.2,0.008911795719096727,0.025345394133662158,0.35161401208042925,-0.028522954467328443,0.06305235342008654,0.45236938702817564,0.008911795719096727
AL,2020-12,1.5219611078055264,1.5136598572483173,1.5,0.008301250557209094,0.024880397133374744,0.3336462240819194,0.021961107805526403,0.062481082596422294,0.35148411155705406,0.008301250557209094
AL,2021-01,0.5568459662793608,0.5523535062439855,0.6,0.00449246003537529,0.02458786896595862,0.18271042690177847,-0.043154033720639196,0.0626138859232327,0.6892086808595123,0.00449246003537529
AL,2021-02,1.3480613851591707,1.3489315984242634,1.3,-8.702132650926231e-4,0.02482568768272261,0.03505293695039297,0.04806138515917069,0.06296865002985266,0.7632589413364488,-8.702132650926231e-4
AL,2021-03,1.3897494238935837,1.3860916952967761,1.4,0.0036577285968075746,0.02497155380014767,0.14647581108012367,-0.01025057610641622,0.0632071542713305,0.16217430170030098,0.0036577285968075746
AL,2021-04,2.085644422738348,2.084574151280516,2.1,0.001070271457832117,0.025015170587724428,0.042784895432906866,-0.01435557726165193,0.06322760148102767,0.22704605149318408,0.001070271457832117
AL,2021-05,2.333036805390635,2.3322914162058117,2.3,7.45389184823253e-4,0.024929658614666325,0.029899694831149206,0.03303680539063514,0.0630478229691832,0.5239959737671358,7.45389184823253e-4
AL,2021-06,2.0986299402877258,2.0951919583383827,2.1,0.003437981949343083,0.02475029749061118,0.13890669195581398,-0.0013700597122743297,0.06276665136707336,0.02182782867070469,0.003437981949343083
AL,2021-07,2.6637094106717067,2.6540053567080557,2.7,0.009704053963651038,0.024848549752399328,0.39052798092226826,-0.03629058932829343,0.06283694842927552,0.5775358325864496,0.009704053963651038
AL,2021-08,2.653117866443247,2.660673065241159,2.7,-0.0075551987979123325,0.024810435761156716,0.304516973044898,-0.0468821335567533,0.06282195092708075,0.7462699401228521,-0.0075551987979123325
AL,2021-09,2.642278537987496,2.6481257557436466,2.6,-0.005847217756150602,0.024786726965107208,0.23590116453785337,0.04227853798749592,0.06285422583583744,0.6726443198571713,-0.005847217756150602
AL,2021-10,2.4895589082430654,2.4954792043399454,2.5,-0.005920296096880051,0.024777916635515845,0.23893437789657,-0.01044109175693464,0.06287216851096021,0.16606858017175744,-0.005920296096880051
AL,2021-11,3.3299227513991294,3.3333333333333215,3.3,-0.0034105819341920807,0.02492160783788204,0.13685240360005313,0.029922751399129588,0.0629585003060933,0.4752773851608657,-0.0034105819341920807
AL,2021-12,3.820023694018892,3.8307673657413055,3.8,-0.010743671722413417,0.024859136482084425,0.4321820160630361,0.020023694018892257,0.06250425908069229,0.3203572734626275,-0.010743671722413417
AL,2022-01,3.850013906322379,3.8452352519703803,3.8,0.004778654351998757,0.024678660722151028,0.1936350763033725,0.05001390632237923,0.0629671006890294,0.7942863142036494,0.004778654351998757
AL,2022-02,4.026660284405357,4.0282685512367244,4,-0.0016082668313677217,0.024394214034182748,0.06592820859545277,0.026660284405356727,0.06285269766192386,0.42417088521416824,-0.0016082668313677217
AL,2022-03,5.6745030466771995,5.678896938537048,5.7,-0.004393891859848509,0.024576474519479762,0.17878446545967486,-0.025496953322800664,0.06322277676033317,0.40328746425446155,-0.004393891859848509
AL,2022-04,6.149838644067774,6.14935822637106,6.1,4.804176967141416e-4,0.024610591191347377,0.01952077026426929,0.049838644067774496,0.06330080817227336,0.7873302965127784,4.804176967141416e-4
AL,2022-05,5.996480992713307,5.991541353383445,6,0.004939639329862189,0.024576374823472573,0.20099137343659018,-0.0035190072866928546,0.06318078158100364,0.05569743201389745,0.004939639329862189
AL,2022-06,6.629293141957857,6.631079478054569,6.6,-0.0017863360967123043,0.024865211676542553,0.07184077577740895,0.02929314195785704,0.06339590603042966,0.4620667767378623,-0.0017863360967123043
AL,2022-07,7.207219190565369,7.210626185958269,7.2,-0.003406995392899681,0.024941773326873827,0.1365979615101694,0.007219190565368905,0.0635093618101747,0.11367128183316641,-0.003406995392899681
AL,2022-08,7.733277849910216,7.727810650887568,7.7,0.005467199022648472,0.024934802594147924,0.21925976762822247,0.033277849910215984,0.06355839697649322,0.523579125548488,0.005467199022648472
AL,2022-09,7.9008751004200395,7.892566851219218,7.9,0.008308249200821294,0.024815348208967542,0.3348028458379212,8.751004200391321e-4,0.06350124662786392,0.013780838432471717,0.008308249200821294
AL,2022-10,8.039193118658037,8.033403904963542,8,0.005789213694495032,0.02480295156315495,0.23340825706787943,0.03919311865803721,0.06351413612671769,0.6170770957168121,0.005789213694495032
AL,2022-11,7.990696454205682,7.993878031551693,8,-0.0031815773460115437,0.02479192852923123,0.12833117610274916,-0.009303545794318246,0.06348909799534443,0.14653769053390023,-0.0031815773460115437
AL,2022-12,7.538691691538881,7.53064798598948,7.5,0.008043705549400926,0.024458626799722986,0.3288698754540066,0.0386916915388813,0.06234358605332906,0.6206202432080856,0.008043705549400926
AL,2023-01,7.0946692970701335,7.095216191352338,7.1,-5.468942822046685e-4,0.024892210719066433,0.02197049865827182,-0.005330702929866149,0.06380056642255208,0.08355259567071593,-5.468942822046685e-4
AL,2023-02,6.839736003027104,6.83876811594204,6.8,9.67887085064234e-4,0.024347058216691073,0.039753759014742124,0.03973600302710434,0.06341186255841966,0.6266335891095554,9.67887085064234e-4
AL,2023-03,5.453322515952472,5.451127819548884,5.5,0.0021946964035874927,0.023562937693022905,0.09314188375744645,-0.04667748404752814,0.06280749304595974,0.7431833652932401,0.0021946964035874927
AL,2023-04,4.998843116242491,4.990656260305593,5,0.008186855936898496,0.023381234679290958,0.35014643363336556,-0.0011568837575088864,0.06266380200855995,0.018461754959439816,0.008186855936898496
AL,2023-05,5.613872180711199,5.619596541786742,5.6,-0.005724361075543527,0.02365892687830208,0.24195353850953466,0.013872180711199,0.06288571405469119,0.22059351507298586,-0.005724361075543527
AL,2023-06,5.791723060710542,5.795972855712539,5.8,-0.004249795001997292,0.02387455765873593,0.17800518287057146,-0.008276939289458163,0.06307176943305833,0.1312304912936199,-0.004249795001997292
AL,2023-07,5.008068688658963,5.011061946902662,5,-0.002993258243698449,0.023628274134775196,0.12668120517922574,0.008068688658963374,0.06284315662487155,0.12839407013125775,-0.002993258243698449
AL,2023-08,4.676476157974423,4.679775898055594,4.7,-0.0032997400811707323,0.023377967672948474,0.14114743109124006,-0.023523842025577224,0.0626492615551364,0.37548474541674115,-0.0032997400811707323
AL,2023-09,4.894158013043392,4.902281908505279,4.9,-0.008123895461887187,0.02317106736478761,0.3506051462365015,-0.005841986956608203,0.0625195788896277,0.09344251929338278,-0.008123895461887187
AL,2023-10,4.738823447329538,4.735982580293974,4.7,0.0028408670355641874,0.023056158009035745,0.12321510957943849,0.038823447329537686,0.06242696172715898,0.6219019195458853,0.0028408670355641874
AL,2023-11,4.494334454526678,4.491442276245494,4.5,0.0028921782811837105,0.023038979215204237,0.12553413300859526,-0.005665545473322098,0.0623825541984727,0.09081938926862354,0.0028921782811837105
AL,2023-12,4.504223630073595,4.50597176981542,4.5,-0.0017481397418253053,0.02240854052651209,0.07801220877178676,0.00422363007359472,0.06130615335105085,0.0688940643430913,-0.0017481397418253053
AL,2024-01,3.795065121666157,3.801138193922471,3.8,-0.006073072256314038,0.022602491860289498,0.2686903857261804,-0.004934878333842985,0.062068238238739325,0.0795073047644991,-0.006068593764916308
AL,2024-02,2.775675083942312,2.776600254345074,2.8,-9.251704027621876e-4,0.022189956175782077,0.04169320549501177,-0.02432491605768794,0.061739275268472164,0.3939941949741306,-9.174393064350639e-4
AL,2024-03,2.4424540780827613,2.4431162839467335,2.4,-6.622058639722539e-4,0.02201012466705147,0.03008642040831133,0.04245407808276136,0.06165266382353794,0.6886008722068082,-6.469979750090005e-4
AL,2024-04,2.29957442793302,2.303423725264353,2.3,-0.0038492973313331014,0.02192287958497382,0.17558356403013095,-4.255720669799068e-4,0.06157295419115348,0.0069116720574867434,-0.003834017192319017
AL,2024-05,2.5008714609116014,2.497638786861156,2.5,0.003232674050445361,0.021897051061114496,0.14763056639101738,8.71460911601396e-4,0.06153416430027342,0.014162228763664608,0.003247611383652149
AL,2024-06,2.512647957116159,2.5026288117770967,2.5,0.01001914533906234,0.021941151972682493,0.45663716068949023,0.01264795711615907,0.06155853720517353,0.20546227526498315,0.010032125548730342
AL,2024-07,2.506979908709169,2.4965764247339983,2.5,0.010403483975170769,0.021946846336421747,0.4740309298063355,0.0069799087091690915,0.061545360157166745,0.1134108028833479,0.010414591084068281
AL,2024-08,2.425493421182701,2.4241788225417116,2.4,0.0013145986409894839,0.021859934559010162,0.060137354823307856,0.025493421182701148,0.061492991963284116,0.414574415210153,0.001328767519397811
AL,2024-09,2.328708771913141,2.3209825145712015,2.3,0.007726257341939657,0.021689034085889763,0.35622874266061155,0.028708771913141362,0.06140262874813662,0.4675495577054196,0.007747731542654623
AL,2024-10,2.2908513723391146,2.297297297297285,2.3,-0.006445924958170313,0.021643867060303152,0.29781761919951605,-0.0091486276608852,0.06136758875688499,0.149079144972252,-0.006423509089420243
AL,2024-11,2.3737250995037504,2.3787167449139224,2.4,-0.004991645410171941,0.02171451493774758,0.22987598039754867,-0.026274900496249476,0.06140511136222517,0.42789435461252356,-0.0049720633355017085
AL,2024-12,2.4504636674389184,2.4519480519480608,2.5,-0.0014843845091423447,0.02113109763507352,0.07024644600943751,-0.049536332561081586,0.06061411332114555,0.8172409006237261,-0.001459879872468317
AL,2025-01,2.4423486186592296,2.441295127754217,2.4,0.0010534909050123886,0.02123539474363847,0.04961013994467821,0.042348618659229675,0.061017302372978824,0.694042788066349,0.0010779143911991973
AL,2025-02,2.4445933542978557,2.443802845947607,2.4,7.90508350248853e-4,0.021193114805588827,0.037300243852800175,0.044593354297855825,0.06100778710259391,0.7309452844579544,8.149542837916357e-4
AL,2025-03,2.5286305008776555,2.528147389969293,2.5,4.8311090836250514e-4,0.021138862602430995,0.022854158118561535,0.028630500877655507,0.061032880699364876,0.4690996156429733,5.083972133710368e-4
AL,2025-04,2.5779081453058104,2.579060485109008,2.6,-0.0011523398031978438,0.021113380327725112,0.05457865037767754,-0.022091854694189728,0.06101087064580579,0.3620970240277736,-0.0011265607217452178
AL,2025-05,2.27725304643727,2.2831985256476006,2.3,-0.0059454792103306175,0.021039002368028744,0.2825932098075847,-0.02274695356272982,0.060916718532826104,0.3734106844654182,-0.005922706679866163
AL,2025-06,2.4502281672871185,2.451784981534666,2.5,-0.0015568142475475,0.02108392783226391,0.07383890990013578,-0.04977183271288155,0.06095101191923895,0.8165874715719242,-0.0015323119658745554
AL,2025-07,2.4025420754578213,2.4049331963001075,2.4,-0.0023911208422862096,0.021111107022646177,0.11326364078024052,0.002542075457821369,0.060956952395629004,0.041702797760008285,-0.002367095421531573
AL,2025-08,2.28430915132944,2.28483606557377,2.3,-5.269142443298236e-4,0.021000929123917243,0.025090044408070448,-0.01569084867055981,0.06087202452520135,0.25776781358838674,-5.040711528168096e-4
AL,2025-09,2.2473170501006305,2.258162953921272,2.3,-0.010845903820641656,0.02084980805769604,0.5201920224219156,-0.05268294989936928,0.060791648722222334,0.8666149217320219,-0.010823430650140686
AL,2025-10,2.1612425220947693,2.154252616604002,2.2,0.006989905490767168,0.02078624072383654,0.33627559613275915,-0.038757477905230875,0.0607348349939799,0.6381424747276017,0.007011517915988197
AL,2025-11,2.0903962213664498,2.0890655253235524,2.1,0.0013306960428973724,0.02081980975975493,0.06391489923551713,-0.00960377863355033,0.0607358256020486,0.15812378507004932,0.001351600005111031
AL,2025-12,2.153634351410048,2.1498833789676652,2.1,0.0037509724423827606,0.020582550962192168,0.1822404059279569,0.05363435141004791,0.060332582227763255,0.8889782175669415,0.0037725087858970774
AL,2026-01,2.292654630722037,2.292234676360705,2.3,4.1995436133213104e-4,0.02066475564059943,0.020322251500862618,-0.00734536927796281,0.06068258228881884,0.12104575977011844,4.3716298296558875e-4
AL,2026-02,2.465929431466244,2.4660291897332653,2.5,-9.97582670212438e-5,0.02062305472904541,0.004837220689752849,-0.034070568533755896,0.060681727586300145,0.5614633908585006,-8.58478771941229e-5
AL,2026-03,2.54918995793541,2.5456723569931006,2.5,0.0035176009423092403,0.02055369474356765,0.17114202512957363,0.04918995793540981,0.06069808465846051,0.8104037913584047,0.0035232056317777705
AL,2026-04,2.7570410261297673,2.753666566896129,2.8,0.003374459233638216,0.020535556977489756,0.16432275186580825,-0.04295897387023251,0.06069620825353916,0.7077703056966098,0.0033794875683463843
AL,2026-05,3.269322055496002,3.2732732732732694,3.3,-0.0039512177772675905,0.02058334484818798,0.19196188988765978,-0.030677944503997967,0.06073676681269279,0.5050967661582354,-0.003942862436105532
AL,2026-06,3.1843199029179927,3.1941523981175557,3.2,-0.009832495199562974,0.02057145252230749,0.4779679601574419,-0.01568009708200746,0.06071736658070216,0.25824731810735474,-0.009823890315644679
AL,2026-07,3.3602197039119623,3.362103572862307,3.4,-0.0018838689503448691,0.020642963277474606,0.09125961835142768,-0.03978029608803757,0.06077535668515275,0.6545464849201911,-0.0018729275731192985
AL,2026-08,3.017080816694131,3.015125713713318,3,0.0019551029808129172,0.020575484182741594,0.09502099505647736,0.017080816694130974,0.06070966408461,0.2813525153149544,0.001964144671272816
MK,2006-01,3.2218315548148535,3.2180059523809534,3.2,0.003825602433900066,0.038764589828842164,0.09868806688762352,0.021831554814853327,0.07046340466838602,0.3098282706831541,0.0038452862392905907
MK,2006-02,2.9859118675218674,2.9787234042553123,3,0.00718846326655509,0.03852529537907432,0.1865907372240325,-0.014088132478132565,0.07030079032078868,0.20039792460151842,0.007197377620666856
MK,2006-03,3.20457945992128,3.2054845284417377,3.2,-9.050685204576858e-4,0.038600389459329955,0.023447134423637925,0.004579459921279838,0.07036837856322425,0.06507837774271445,-8.934616389990602e-4
MK,2006-04,3.556309949911717,3.5595105672969973,3.6,-0.0032006173852803244,0.03869042463143313,0.08272375958055674,-0.04369005008828308,0.07048066465126869,0.6198870329111835,-0.0031877905853421318
MK,2006-05,4.6406433235044195,4.6404141246071395,4.6,2.2919889728001408e-4,0.03889906388024382,0.005892144293899585,0.040643323504419904,0.07084035363124187,0.5737312339798296,2.364093545965673e-4
MK,2006-06,3.6568842987258767,3.651789007746231,3.7,0.0050952909796455614,0.038649890635766265,0.13183196370885522,-0.04311570127412345,0.07054420819100296,0.6111869759369178,0.0050978070474370085
MK,2006-07,4.254506960619388,4.241071428571441,4.2,0.013435532047946452,0.03888112053790967,0.34555413686821623,0.054506960619387534,0.07067687411762971,0.7712135164420247,0.013455312858044799
MK,2006-08,4.465147175912572,4.474817449915758,4.5,-0.009670274003186208,0.03913373967484364,0.24710835416024793,-0.0348528240874284,0.07082775548615781,0.492078618730758,-0.009637581560661523
MK,2006-09,3.529692111111039,3.5375162911934543,3.5,-0.007824180082415477,0.038942526207205716,0.20091608954140558,0.029692111111038866,0.0706518790209888,0.42025932675078786,-0.0078027338498158905
MK,2006-10,2.9587976590446954,2.9580329081160928,3,7.6475092860262e-4,0.03851105184813766,0.0198579600375055,-0.04120234095530462,0.07029692376483554,0.58611869124087,7.720360502641022e-4
MK,2006-11,4.11289766400722,4.114158636026688,4.1,-0.001260972019467843,0.038696604698097915,0.03258611522394947,0.012897664007220477,0.07054534790472847,0.18282798781627357,-0.0012489827118562502
MK,2006-12,3.3896667169212327,3.3892061153066866,3.4,4.606016145460856e-4,0.03823627781321199,0.01204619384753323,-0.010333283078767241,0.06950454028225703,0.14867061974374501,4.606016145460856e-4
MK,2007-01,1.1568662097277145,1.1533609659398092,1.2,0.003505243787905288,0.03800115247949881,0.09224046007016042,-0.04313379027228548,0.07008444419566451,0.6154545529656034,0.003505243787905288
MK,2007-02,0.7725119176698048,0.7725476104922802,0.8,-3.569282247539718e-5,0.03781455433684996,9.438911313735841e-4,-0.027488082330195285,0.06991772324025379,0.39314899078935606,-3.569282247539718e-5
MK,2007-03,1.0688634024669579,1.077199281867136,1.1,-0.008335879400178214,0.03778383997037656,0.220620228296376,-0.03113659753304221,0.0699257185639604,0.4452810521290797,-0.008335879400178214
MK,2007-04,1.2548265112835437,1.2531328320801949,1.3,0.0016936792033488413,0.03772061429816155,0.044900626218894554,-0.04517348871645632,0.06993118717566713,0.6459705682241677,0.0016936792033488413
MK,2007-05,0.7218671996533695,0.7243816254416835,0.7,-0.0025144257883139565,0.037398049589260476,0.06723414231302638,0.021867199653369584,0.0697937521313596,0.31331170750374737,-0.0025144257883139565
MK,2007-06,1.4120966147061618,1.405693950177933,1.4,0.006402664528228685,0.037514763052457406,0.17067053093939982,0.012096614706161857,0.06984736974938671,0.1731864027173059,0.006402664528228685
MK,2007-07,1.5486600309081793,1.552462526766596,1.6,-0.0038024958584166324,0.03761945914541813,0.10107789810900984,-0.051339969091820814,0.06991289754149921,0.7343418867934376,-0.0038024958584166324
MK,2007-08,2.2783187048972295,2.275985663082447,2.3,0.002333041814782444,0.037812925070460995,0.06169958580128434,-0.02168129510277028,0.07009613759342598,0.3093079853918182,0.002333041814782444
MK,2007-09,3.240438715044939,3.23682790864952,3.2,0.0036108063954189973,0.03788110436362733,0.09531945955847107,0.04043871504493879,0.07019040570622874,0.5761288118804851,0.0036108063954189973
MK,2007-10,3.420620946750618,3.4117435805351093,3.4,0.008877366215508609,0.03781231694571232,0.23477445796971314,0.020620946750617986,0.07016368149190874,0.29389773045184336,0.008877366215508609
MK,2007-11,3.851376428772467,3.84478462086153,3.8,0.006591807910937053,0.03744730987961647,0.17602887716442198,0.051376428772467175,0.06999073887797326,0.7340460980422057,0.006591807910937053
MK,2007-12,5.279500309580172,5.273472296454651,5.3,0.006028013125520815,0.0370549258310771,0.16267778143723233,-0.02049969041982802,0.06876938580852536,0.29809326023218125,0.006028013125520815
MK,2008-01,7.374227205200501,7.375734901122399,7.4,-0.0015076959218980335,0.03766325023202613,0.04003095624009626,-0.02577279479949901,0.07050421936752803,0.3655496795893769,-0.0014866657925427518
MK,2008-02,8.418484117285473,8.415047245498307,8.4,0.003436871787165785,0.037864091648373156,0.0907686316387165,0.018484117285472834,0.07078635238904343,0.26112543819017114,0.0034675590618125085
MK,2008-03,8.86830611539207,8.863232682060396,8.9,0.005073433331673982,0.03782035827314852,0.13414556506927616,-0.031693884607930656,0.07084641329684462,0.4473604679905828,0.005112525330110529
MK,2008-04,9.000325996574302,8.999292786421487,9,0.0010332101528156556,0.03767873071502742,0.027421575334637804,3.25996574302323e-4,0.0707941266854866,0.004604853390601329,0.0010784759180406667
MK,2008-05,8.46987627454137,8.472197860024577,8.5,-0.002321585483207045,0.03725625879815188,0.06231397241964103,-0.030123725458629735,0.07045811414775409,0.42754089891561414,-0.0022733704881154893
MK,2008-06,9.023881082875892,9.036673100543947,9,-0.012792017668054712,0.03740024106133822,0.34203035341604293,0.02388108287589219,0.0706438881113091,0.3380488180133047,-0.012738548171457253
MK,2008-07,8.282721072590506,8.293797223686528,8.3,-0.011076151096022002,0.037326067208563456,0.29674037273021037,-0.017278927409494216,0.07048119327878964,0.24515656738595648,-0.011031634370914034
MK,2008-08,7.56261623785833,7.569651305414404,7.6,-0.007035067556074637,0.03707923999368524,0.18973062978833277,-0.03738376214166994,0.07021885635735553,0.5323892196622757,-0.006994846130301546
MK,2008-09,6.691306366653003,6.6887301863786774,6.7,0.0025761802743256013,0.03673304005021163,0.07013250933775515,-0.008693633346997132,0.06989746110412458,0.1243769546085005,0.002613799372507053
MK,2008-10,7.0217456211332445,7.032470915089428,7,-0.010725293956183712,0.03656648138278374,0.2933094339570064,0.02174562113324452,0.06981105685849227,0.31149250723023886,-0.010681041116064272
MK,2008-11,5.734995464773082,5.7422008913266875,5.7,-0.007205426553605676,0.03577276638153728,0.2014221230965374,0.034995464773081686,0.06912276552715493,0.5062798704043994,-0.00716083083698571
MK,2008-12,4.919824125311727,4.9246911490945955,4.9,-0.004867023782868074,0.0350506278823857,0.13885696425181424,0.01982412531172706,0.06771057955315116,0.2927773686557446,-0.0048178255416155835
MK,2009-01,2.5589901545158997,2.5551684088269466,2.6,0.0038217456889531043,0.03461323700397356,0.11041283681483971,-0.04100984548410036,0.06823384525874043,0.6010191178379646,0.0038534547061077618
MK,2009-02,1.4986082273552699,1.4964643973030656,1.5,0.0021438300522043097,0.03426043567802212,0.06257451225524154,-0.001391772644730116,0.06793916878636296,0.020485570689076176,0.002167846595839018
MK,2009-03,1.066186581836301,1.0768477728830161,1.1,-0.010661191046715146,0.033798431986146224,0.31543448675622304,-0.033813418163699094,0.06756866574258798,0.5004304553314093,-0.01064880691600778
MK,2009-04,0.3508217791000843,0.3568532035685301,0.4,-0.006031424468445845,0.03355053973095324,0.17977130969614002,-0.04917822089991575,0.06735790310087234,0.7301032044638999,-0.006023679080575217
MK,2009-05,1.1754890009702443,1.1804657179818934,1.2,-0.0049767170116490345,0.03349668295284251,0.14857342796166964,-0.02451099902975562,0.0674205600790461,0.36355377352276685,-0.00498334941765699
MK,2009-06,-0.9540465410605784,-0.9655616350177088,-1,0.011515093957130351,0.03342150685286949,0.34454143578333885,0.0459534589394216,0.06740650537578338,0.6817362609622979,0.011520125168099193
MK,2009-07,-0.6491156784271801,-0.6490345610903892,-0.6,-8.11173367909479e-5,0.03394271248553636,0.0023898307133088893,-0.04911567842718012,0.06776950419157877,0.7247460198075844,-6.249970751848188e-5
MK,2009-08,-0.8183433019436502,-0.8307541944942098,-0.8,0.012410892550559605,0.03415578106158402,0.3633614036869,-0.018343301943650192,0.06793414514346208,0.270015938301912,0.012439003897139145
MK,2009-09,-0.6824798814081621,-0.6857142857142895,-0.7,0.0032344043061274252,0.03419144944049928,0.09459687609195999,0.017520118591837885,0.06792089550456215,0.257948875109591,0.0032656343832792034
MK,2009-10,-1.7238898990518454,-1.7196625567813095,-1.7,-0.004227342270535894,0.03385559278957859,0.12486392711567446,-0.023889899051845465,0.06777185354159976,0.35250473173470687,-0.00419846797202772
MK,2009-11,-1.509452055770285,-1.5075376884422065,-1.5,-0.0019143673280785922,0.0336533346930715,0.056884922268125755,-0.009452055770285073,0.06756543857455541,0.13989483336003444,-0.0018893713658585387
MK,2009-12,-1.0720839394999155,-1.0806451612903278,-1.1,0.008561221790412299,0.032079735130519905,0.2668732068883996,0.02791606050008455,0.06603785167547352,0.4227281747030633,0.008571942629807205
MK,2010-01,-0.5296227345121384,-0.5177155800032307,-0.5,-0.011907154508907669,0.03278463420486877,0.3631931481834062,-0.02962273451213837,0.06664790192715084,0.44446612204713293,-0.011901858281562538
MK,2010-02,0.10416733583831589,0.11341542449774256,0.1,-0.009248088659426668,0.03281331867306467,0.2818394796201491,0.004167335838315883,0.06661880467910943,0.06255494763661966,-0.00924913033278485
MK,2010-03,0.3283681594951104,0.32284100080710587,0.3,0.005527158688004519,0.03289192573683106,0.16803998440916545,0.0283681594951104,0.06677682447108031,0.4248204331338948,0.00552387500640944
MK,2010-04,1.1720194673503703,1.163730402456764,1.2,0.008289064893606257,0.03307496657512739,0.25061446017725364,-0.02798053264962963,0.06700743049381251,0.417573580175013,0.008277344698932598
MK,2010-05,-0.7006544106271235,-0.703212402109632,-0.7,0.0025579914825084593,0.03276445300127127,0.0780721558943532,-6.544106271235695e-4,0.06683854700814727,0.009790916415998692,0.0025649980266150285
MK,2010-06,1.1784106248042272,1.1862203444913844,1.2,-0.007809719687157157,0.0329461788912193,0.23704477878733843,-0.021589375195772753,0.06679169407643987,0.3232344304826998,-0.007821503793405071
MK,2010-07,0.9750298425085023,0.9635799444716708,1,0.011449898036831496,0.032940360416789355,0.34759480139129273,-0.02497015749149767,0.06668905221391697,0.3744266361951203,0.011440147738406514
MK,2010-08,1.4653295875612293,1.4618922470433615,1.5,0.003437340517867815,0.03318123346258531,0.10359290958076384,-0.03467041243877067,0.06687610591033841,0.5184275006271105,0.0034226872219920157
MK,2010-09,1.5973815176390762,1.5946079237218358,1.6,0.0027735939172404134,0.0332631631499781,0.08338334826230258,-0.0026184823609238794,0.06695543301003287,0.03910783999457543,0.002757620102064262
MK,2010-10,2.367910340092221,2.3605150214592197,2.4,0.0073953186330011356,0.03352991863214245,0.2205588004592363,-0.03208965990777912,0.06721886759644535,0.47739066507981576,0.00737163952959996
MK,2010-11,2.4512804217134287,2.4522712310730777,2.5,-9.908093596489032e-4,0.033375646436931174,0.02968659682805551,-0.04871957828657125,0.06711908699237716,0.7258677146800943,-0.001015322163865573
MK,2010-12,2.3232405619779257,2.3316484591553888,2.3,-0.008407897177463042,0.03300930482465703,0.25471294297547814,0.0232405619779259,0.06651398047591056,0.3494086778695038,-0.008431129583082786
MK,2011-01,2.5622815706930573,2.553260692795578,2.6,0.009020877897479185,0.03352870477180724,0.26904939987614523,-0.0377184293069428,0.06747498078690611,0.5589987409712944,0.00900019305839539
MK,2011-02,2.9645989502045893,2.9616442790095565,3,0.0029546711950327875,0.03330250415224287,0.08872219282746627,-0.0354010497954107,0.06735878782561538,0.5255594843401902,0.0029389658949492414
MK,2011-03,3.9240143853023417,3.9259855189058834,3.9,-0.0019711336035417304,0.033088072143089155,0.05957233153438423,0.02401438530234179,0.06731349798908295,0.35675438091534767,-0.001980940620868843
MK,2011-04,3.6347774504164057,3.6427544336155915,3.6,-0.007976983199185828,0.032779667980580914,0.24335155572385578,0.034777450416405564,0.06709240168045513,0.5183515501806321,-0.007979629527950838
MK,2011-05,4.198082984450241,4.2008691453404134,4.2,-0.0027861608901726953,0.033110805200422457,0.08414657611942179,-0.0019170155497594266,0.06735314358889566,0.028462154067527147,-0.0027963011712941466
MK,2011-06,3.4004772551262343,3.404528665488993,3.4,-0.0040514103627584674,0.03298346737965629,0.12283154818517707,4.7725512623442157e-4,0.06719708756835241,0.007102318619820553,-0.004059242376260208
MK,2011-07,3.394489031582927,3.396958912973158,3.4,-0.0024698813902310768,0.03335022069132879,0.07405892192111511,-0.005510968417072881,0.06744857228898458,0.08170622787182272,-0.0024850361599479953
MK,2011-08,3.200708180389842,3.2054395337542507,3.2,-0.004731353364408886,0.03338290526001412,0.1417298263155088,7.081803898416617e-4,0.06745251646424788,0.01049894691797038,-0.004747253105400695
MK,2011-09,3.0073126423349286,3.0097087378640808,3,-0.002396095529152209,0.033259379761490626,0.07204270032499308,0.007312642334928565,0.06732126621307238,0.10862306587912339,-0.002411530719984345
MK,2011-10,2.81158260731478,2.8059990324141193,2.8,0.005583574900660526,0.033082377465215966,0.16877792131267783,0.011582607314780002,0.06718310042726243,0.17240358425137317,0.005571530390790169
MK,2011-11,2.9700758098853255,2.9718875502007913,3,-0.0018117403154658263,0.03290633361689531,0.05505749551313164,-0.02992419011467451,0.06708049137352468,0.4460937822898087,-0.00181989042552555
MK,2011-12,2.1056330399693346,2.103250478011476,2.1,0.0023825619578587975,0.032114182969019044,0.07419033391437313,0.005633039969334508,0.06601290425046141,0.0853324063422817,0.0023825619578587975
MK,2012-01,2.044554601747967,2.0456707897240634,2,-0.001116187976096139,0.032393281683449356,0.034457391103613656,0.044554601747967215,0.06669739192853731,0.6680111539549416,-0.0011204924007475192
MK,2012-02,1.526512657565939,1.5246777742848217,1.5,0.00183488328111725,0.032014101194833534,0.057314846040824194,0.026512657565938902,0.06641588896281132,0.3991914883618332,0.0018268501585769759
MK,2012-03,0.3199273133454322,0.3096454559529338,0.3,0.010281857392498372,0.031699670320893415,0.32435218689708417,0.019927313345432185,0.06624295946630895,0.30082160437845745,0.010270796631244639
MK,2012-04,0.9872391194286396,0.9865885617388548,1,6.505576897848364e-4,0.03182293677350319,0.020443043783643245,-0.012760880571360378,0.06648363429727296,0.19194017755259518,6.285398046351753e-4
MK,2012-05,0.8917397215348649,0.8804448563484835,0.9,0.011294865186381453,0.03179001913573755,0.35529595431051647,-0.008260278465135107,0.0664133613201493,0.12437675643784954,0.011275803241802218
MK,2012-06,1.0145232269537847,1.0094735207330396,1,0.005049706220745076,0.031816510473839155,0.15871338954336783,0.014523226953784718,0.06636532029883291,0.2188375930137735,0.005034773251091806
MK,2012-07,0.7945052607444367,0.7978723404255428,0.8,-0.0033670796811060555,0.0318278043463723,0.10579051085218298,-0.005494739255563319,0.06624513367798306,0.08294555313712842,-0.003372523325069876
MK,2012-08,2.0476173428911806,2.0549019607843277,2.1,-0.007284617893147161,0.032050389090428545,0.2272864105516467,-0.05238265710881951,0.06652414067644377,0.7874232808747612,-0.00729997179435804
MK,2012-09,3.3073665249913806,3.3144831919572626,3.3,-0.007116666965881979,0.032352465040894084,0.21997294354190283,0.007366524991380796,0.06690322296099235,0.11010717668528193,-0.007143192235335327
MK,2012-10,3.3336913451920696,3.341176470588225,3.3,-0.007485125396155645,0.032281639184189526,0.2318694336879154,0.03369134519206973,0.06685624359425639,0.5039371550178472,-0.007513365635440916
MK,2012-11,2.7892699652409663,2.7925117004680367,2.8,-0.003241735227070386,0.03198676215521687,0.10134615099020507,-0.010730034759033558,0.0666034570246665,0.16110327058638568,-0.003269940446918529
MK,2012-12,2.8641684433822148,2.855805243445686,2.9,0.008363199936528787,0.03161512261370252,0.2645316305970623,-0.03583155661778514,0.06578679823428034,0.5446618102644484,0.008334558252094837
MK,2013-01,2.717994197946883,2.71950271950272,2.7,-0.001508521555837028,0.0320737497550871,0.0470329028366185,0.01799419794688273,0.06674480536225103,0.26959697985814696,-0.001532824929885379
MK,2013-02,2.54316637117002,2.5390927388140527,2.5,0.004073632355967138,0.031888260220382963,0.12774708710396418,0.04316637117001987,0.06660317274660173,0.6481128359192518,0.004053129307778569
MK,2013-03,2.3689718939736824,2.3769100169779067,2.4,-0.007938123004224362,0.0317692584054342,0.24986806122193048,-0.03102810602631756,0.06651698442669564,0.46646892209179697,-0.007955424201463668
MK,2013-04,3.7545981342693775,3.755151885208363,3.8,-5.537509389856865e-4,0.031736356915541025,0.017448472124868226,-0.045401865730622326,0.06675803638281999,0.6800958834419278,-5.599646304652595e-4
MK,2013-05,3.60829747981418,3.6135354463328717,3.6,-0.0052379665186919055,0.0317713758232975,0.16486432780953034,0.00829747981417972,0.06673562781398551,0.1243335844132248,-0.005247173207506339
MK,2013-06,4.143211056165193,4.151291512915112,4.2,-0.008080456749918419,0.031912275153710166,0.2532084193620703,-0.056788943834806815,0.06685501274492948,0.8494343431130956,-0.008093891947067888
MK,2013-07,3.7163791212015442,3.7094521185782714,3.7,0.006927002623272838,0.032171660804939925,0.21531380258146957,0.016379121201544056,0.06693988260530338,0.24468404431062452,0.00690391708212168
MK,2013-08,3.0399697705238404,3.043344604980014,3,-0.003374834456173481,0.031717476733057214,0.10640299304314124,0.03996977052384043,0.06658041824335235,0.600323211815077,-0.003387999963956556
MK,2013-09,1.8796982109525044,1.8701535654553902,1.9,0.009544645497114201,0.03117250536828407,0.3061879494237007,-0.020301789047495467,0.06611162980579462,0.30708347543590636,0.009542414077240657
MK,2013-10,1.6341794873804996,1.6393442622950838,1.6,-0.005164774914584225,0.03104872741139984,0.16634417398659399,0.034179487380499474,0.0659932488686958,0.5179239992943077,-0.005165306849680196
MK,2013-11,1.4500715512453186,1.4417969342844117,1.4,0.008274616960906922,0.030970017160742658,0.26718154265008803,0.0500715512453187,0.06590387253761201,0.7597664494865967,0.008274201047320018
MK,2013-12,1.8890248204461682,1.8965255651646196,1.9,-0.007500744718451413,0.030541872161311157,0.24558889772163225,-0.01097517955383176,0.0652257952700908,0.16826440380504512,-0.007500744718451413
MK,2014-01,1.5083823154723335,1.5128593040847127,1.5,-0.004476988612379218,0.03066746710242463,0.14598494872193923,0.00838231547233348,0.06565263392106443,0.1276767582913995,-0.004479843759227942
MK,2014-02,1.3178819339196481,1.3136041069001791,1.3,0.004277827019468994,0.030591771618466726,0.13983587066551853,0.017881933919648096,0.06559268961351654,0.27262083663608766,0.004275386262515113
MK,2014-03,0.8830814446361435,0.8894919342680607,0.9,-0.00641048963191726,0.03056217415236977,0.20975240831877123,-0.016918555363856558,0.06555212372032518,0.2580931692776075,-0.006421588501928754
MK,2014-04,-1.4016503457310159,-1.4123878181550586,-1.4,0.010737472424042771,0.029913513248666587,0.3589505630710696,-0.0016503457310159675,0.06530503802598987,0.025271338642497514,0.01073106461073281
MK,2014-05,-0.5568128949950902,-0.5615486921826451,-0.6,0.004735797187554902,0.029937562976952253,0.15818913487383077,0.04318710500490974,0.06520145751461076,0.6623641042875782,0.004741712897280426
MK,2014-06,-1.1938643078231832,-1.1957484499556914,-1.2,0.0018841421325082042,0.029973909722844864,0.06285940506026778,0.006135692176816754,0.06529984332479512,0.09396182080098436,0.0018738294357452112
MK,2014-07,0.16395184085931153,0.1646213708470734,0.2,-6.695299877618743e-4,0.030308117011498877,0.022090781407101443,-0.036048159140688485,0.06535475591471462,0.5515766777207447,-6.797862877162553e-4
MK,2014-08,-0.48182362175254234,-0.4922434367541917,-0.5,0.010419815001649346,0.03021497545665237,0.34485598098856757,0.01817637824745766,0.06533522034234023,0.27820183588909597,0.010399820323003184
MK,2014-09,-0.39064637858958884,-0.3880597014925491,-0.4,-0.002586677097039747,0.03018702380202688,0.08568837769512298,0.009353621410411184,0.0652906103472484,0.14326135658196343,-0.0026053609315712656
MK,2014-10,-0.05558175268366428,-0.05973715651134137,-0.1,0.0041554038276770885,0.030138531220618103,0.13787678627266117,0.04441824731633572,0.06520870275307172,0.6811705407564385,0.004144618870751786
MK,2014-11,0.09479753756753447,0.08976660682227244,0.1,0.005030930745262022,0.030220376942892587,0.16647478470467017,-0.0052024624324655405,0.06526674352554376,0.07971077077607568,0.005019546275506007
MK,2014-12,-0.2456282037705223,-0.2382370458606231,-0.2,-0.007391157909899193,0.029691596901927384,0.24893096637114212,-0.04562820377052229,0.06481951806347423,0.7039269209906971,-0.007398526756012491
MK,2015-01,-0.6557939636235263,-0.6706408345752424,-0.7,0.014846870951716107,0.03116252256683147,0.47643354031674917,0.04420603637647369,0.06630936614696772,0.6666635340548372,0.014847345105992393
MK,2015-02,-0.5678607674557156,-0.5514157973174227,-0.6,-0.016444970138292825,0.031192353924760705,0.5272115781309693,0.03213923254428441,0.066330313373815,0.4845331027332658,-0.016445913296577408
MK,2015-03,0.13012441857156987,0.11954572624028881,0.1,0.010578692331281059,0.03125176345772271,0.33849905288038806,0.03012441857156986,0.06631906046242167,0.454234700575097,0.010582198744854027
MK,2015-04,0.3678069694573142,0.37307864497835297,0.4,-0.005271675521038743,0.031246781622852528,0.16871099189246647,-0.0321930305426858,0.06635068666006852,0.48519513758190475,-0.005276534561419466
MK,2015-05,0.40581023605590677,0.40124832813195344,0.4,0.0045619079239533344,0.03115623577140641,0.146420381378036,0.005810236055906748,0.06632567938304328,0.08760160634543283,0.004540111519079459
MK,2015-06,0.9686509165753993,0.956222919468086,1,0.012427997107313238,0.031298013234324316,0.3970858154562839,-0.03134908342460074,0.0664303215349153,0.4719092531883034,0.012422368377394633
MK,2015-07,0.2692091773246943,0.26893769610039087,0.3,2.71481224303427e-4,0.031192065808452463,0.008703534609428168,-0.030790822675305696,0.0662712142206125,0.4646183571166371,2.725828325749746e-4
MK,2015-08,0.7317211748764914,0.734522560335793,0.7,-0.002801385459301642,0.031357181018407475,0.08933792414749132,0.0317211748764914,0.06642155815718825,0.4775734830161987,-0.0027918026250508543
MK,2015-09,0.515678585607583,0.5244231345520101,0.5,-0.00874454894442711,0.031336781925259655,0.2790506365740889,0.01567858560758295,0.06639124207253831,0.23615442516428156,-0.008734583860167122
MK,2015-10,-0.06040578733531727,-0.059772863120155506,-0.1,-6.329242151617634e-4,0.0311721401607144,0.020304163008975064,0.039594212664682736,0.06623339037481685,0.5977983678718217,-6.277919841310986e-4
MK,2015-11,-0.18039548316693177,-0.1644245142003009,-0.2,-0.01597096896663086,0.031135951719663598,0.5129430155348216,0.019604516833068242,0.0662005574380023,0.296138244023521,-0.015963862645012428
MK,2015-12,-0.3328108012091798,-0.34328358208955967,-0.3,0.010472780880379895,0.029748306157800348,0.35204629214271455,-0.032810801209179785,0.06484855120081318,0.505960435531956,0.010476108988392074
MK,2016-01,0.42941982794030215,0.43510877719428187,0.4,-0.005688949253979725,0.030797629943377845,0.18472035882108429,0.029419827940302123,0.06582566676893985,0.4469355098759745,-0.005690674670534579
MK,2016-02,0.174018740399651,0.16484339877116394,0.2,0.009175341628487071,0.030793127957389574,0.2979671841452281,-0.025981259600349,0.06582109094890268,0.39472544781304847,0.009174637728978752
MK,2016-03,-0.1587581451294153,-0.14925373134327957,-0.1,-0.00950441378613573,0.030739723086998724,0.3091899611208792,-0.058758145129415296,0.06582548829168322,0.8926351578137727,-0.009500986466980332
MK,2016-04,-0.3775946921807165,-0.37169194171869924,-0.4,-0.00590275046201727,0.030677931487493638,0.19241031503129938,0.022405307819283515,0.06583788479937519,0.34031026190404196,-0.005895476675242484
MK,2016-05,-0.10449520662826137,-0.1036116044997204,-0.1,-8.836021285409668e-4,0.030686426150176548,0.028794559660245193,-0.004495206628261361,0.0658924364813641,0.0682203735102846,-8.718428695315139e-4
MK,2016-06,-0.034284843654931195,-0.02959893443835737,0,-0.004685909216573823,0.030701322522460835,0.15262890428077328,-0.034284843654931195,0.06590404554597294,0.5202236580607936,-0.004674019257952515
MK,2016-07,0.468670649422013,0.4619281776188311,0.5,0.006742471803181882,0.030670811909600124,0.21983349586749784,-0.031329350577987025,0.06580532339251535,0.4760914309487369,0.006747533446054721
MK,2016-08,0.41020555080667903,0.4166666666666652,0.4,-0.006461115859986155,0.030658328104256595,0.2107458644846682,0.010205550806679009,0.06580741623043818,0.1550820772379541,-0.006454728004102128
MK,2016-09,0.6866840576203457,0.6856461469667563,0.7,0.00103791065358938,0.030718573910056786,0.03378772258856666,-0.013315942379654278,0.06586447657554173,0.20217183938874647,0.001042603435255307
MK,2016-10,0.7861531307711557,0.7775119617225101,0.8,0.008641169048645536,0.03069329128195964,0.28153282648200356,-0.013846869228844372,0.06580055760117431,0.21043695879861743,0.008642765988642553
MK,2016-11,0.3711694948944336,0.3593352298248087,0.4,0.011834265069624927,0.030692523998751806,0.3855748412905436,-0.028830505105566395,0.06574889499339076,0.4384941390796683,0.011834468941073706
MK,2016-12,0.18131616214858234,0.17972143178075495,0.2,0.001594730367827396,0.030053350760875182,0.05306331332290204,-0.018683837851417667,0.06506310653156373,0.28716485958680243,0.001594730367827396
MK,2017-01,1.0569468523919083,1.0606513295488673,1.1,-0.003704477156958985,0.030652246962334453,0.12085499511703186,-0.04305314760809176,0.06579216647029967,0.6543810595981375,-0.0037157957216957804
MK,2017-02,0.4843772305478442,0.4787552363853864,0.5,0.0056219941624577885,0.03060042906193256,0.18372272333434833,-0.015622769452155794,0.0656759825652189,0.23787644800961683,0.005617927070436457
MK,2017-03,1.012121825636485,1.0014947683108844,1,0.010627057325600653,0.03061724767675196,0.34709381580598125,0.012121825636485006,0.06574600319953122,0.18437357476616065,0.010616903257946841
MK,2017-04,1.6043186831510217,1.5967766005073658,1.6,0.007542082643655856,0.03067103078773626,0.24590248354716335,0.004318683151021574,0.06586815515516303,0.06556557020381429,0.00752433523496121
MK,2017-05,2.1553123183357776,2.163283449399933,2.2,-0.007971131064155479,0.030831144953328237,0.2585415194999105,-0.044687681664222545,0.0661732209035125,0.675313685114132,-0.008001615788696625
MK,2017-06,2.6269622148752263,2.635085122131753,2.6,-0.008122907256526535,0.030870769692221894,0.26312616554465623,0.02696221487522621,0.06626076520017923,0.40691070792453327,-0.00815893518265387
MK,2017-07,2.139477710299172,2.150697122515588,2.2,-0.011219412216415758,0.030767272801917805,0.36465410140987287,-0.06052228970082796,0.06609271468012728,0.9157180181467983,-0.011248714838736351
MK,2017-08,2.4567083855148515,2.445168938944864,2.4,0.011539446569987621,0.030814769788649908,0.3744777796210562,0.05670838551485158,0.06617845145998788,0.8569010646787044,0.011506227185539064
MK,2017-09,2.439290017346368,2.4426350851221468,2.4,-0.0033450677757786984,0.030828016377825857,0.10850739583052632,0.03929001734636817,0.06620447418378363,0.593464683932072,-0.0033791493547794538
MK,2017-10,2.654655793366581,2.655786350148359,2.7,-0.0011305567817783135,0.030806423849886546,0.03669873489007641,-0.045344206633419315,0.06616647764936223,0.6853048287338653,-0.0011646926239761157
MK,2017-11,3.150909191657932,3.1627629419662906,3.2,-0.011853750308358446,0.030832274604930408,0.38445915717366197,-0.049090808342068026,0.06614773450638155,0.7421389214370151,-0.011887354818419738
MK,2017-12,3.4683470270413377,3.4683809239049124,3.5,-3.389686357468946e-5,0.03064474832647977,0.0011061230855467518,-0.03165297295866232,0.06543557050286172,0.4837273170450623,-6.858033384515849e-5
MK,2018-01,2.0535274722849732,2.0546932742054658,2.1,-0.0011658019204925374,0.030573646947222425,0.03813094075773806,-0.04647252771502686,0.06594337064719683,0.7047338839207842,-0.001191454749329246
MK,2018-02,3.0501634931977146,3.052412150089334,3.1,-0.0022486568916195715,0.03089456592088306,0.07278486764883144,-0.04983650680228546,0.0662316649990619,0.7524574054267146,-0.0022791478980117574
MK,2018-03,2.658749452406929,2.66390409945243,2.7,-0.0051546470455008375,0.03061342861623828,0.16837862593302136,-0.04125054759307112,0.06601032034282109,0.6249105803280244,-0.005176621640671453
MK,2018-04,2.2641251013435943,2.2620446533490046,2.3,0.002080447994589729,0.03032517832250986,0.06860464174238502,-0.035874898656405474,0.06580301362842118,0.5451862563466339,0.0020698717523668364
MK,2018-05,2.6861371871326782,2.683103698332112,2.7,0.0030334888005660865,0.030130021709396503,0.10067994075225134,-0.013862812867321939,0.06582176722545477,0.21061137449923822,0.0030527341240800254
MK,2018-06,2.0288082087924404,2.0193278523005898,2,0.009480356491850639,0.02990449367355437,0.31702113385836933,0.028808208792440393,0.06562772233030029,0.438964019617357,0.009503924801356423
MK,2018-07,2.3136834418293413,2.3086975461013237,2.3,0.004985895728017553,0.030043265010163425,0.16595718628886905,0.013683441829341447,0.06569149132968605,0.20829854144531937,0.0049990312692882455
MK,2018-08,2.3070637064976736,2.314479965282823,2.3,-0.007416258785149399,0.02997303464603659,0.2474310283470102,0.0070637064976737385,0.06567386261118274,0.10755734803499974,-0.007395454407704172
MK,2018-09,2.0657195675776037,2.052023121387281,2.1,0.013696446190322842,0.029866716089771355,0.45858560911601365,-0.03428043242239642,0.06556609585961876,0.5228377864040135,0.013716589898573606
MK,2018-10,2.3513706430437207,2.3558317675964613,2.4,-0.004461124552740614,0.029877261413726,0.14931504233152762,-0.048629356956279235,0.06559390467948459,0.7413700586037646,-0.004438166463083704
MK,2018-11,1.904938792193975,1.894432393347767,1.9,0.010506398846208187,0.02975501218440199,0.3530967751280503,0.004938792193975194,0.06543219549565393,0.0754795427016236,0.01052349691042842
MK,2018-12,1.5478189476902613,1.5460193613639817,1.5,0.001799586326279634,0.029348750452838135,0.06131730647856619,0.04781894769026129,0.06478828091306996,0.738080205499242,0.001815064515756415
MK,2019-01,1.767762401289541,1.767091541135568,1.8,6.708601539728853e-4,0.029696704784906484,0.022590390376034372,-0.03223759871045906,0.06534042098264442,0.4933791093727716,6.8922965515128e-4
MK,2019-02,1.7876848932438631,1.7916486056928305,1.8,-0.003963712448967316,0.029679257288334548,0.13355160509778846,-0.012315106756136895,0.0653593411767411,0.18842152528488726,-0.003950643232667694
MK,2019-03,2.1982025732687425,2.191148911633256,2.2,0.007053661635486375,0.029674209452575765,0.23770343896639531,-0.001797426731257712,0.06541770492812836,0.027476150886559962,0.007058071383979847
MK,2019-04,2.7558331924990105,2.7578282102844076,2.8,-0.001995017785397124,0.029692330412773974,0.06718966674770818,-0.044166807500989336,0.06552641818787054,0.6740305471048158,-0.002003600173786424
MK,2019-05,1.616367497702459,1.610169491525415,1.6,0.006198006177043913,0.029296872033045655,0.21155863226807353,0.016367497702458822,0.06528716620732031,0.25070007864154503,0.006167201744165851
MK,2019-06,-0.1583639953456326,-0.15552099533436836,-0.2,-0.0028430000112642517,0.028914960905948254,0.098322803219817,0.0416360046543674,0.06478768259342696,0.6426530937316097,-0.0028541135668690154
MK,2019-07,0.2786296556731407,0.28384899233608873,0.3,-0.005219336662948049,0.028950830392399048,0.18028279645886666,-0.021370344326859303,0.06477778258500483,0.3299023750746023,-0.005227169617555982
MK,2019-08,0.3774818183417945,0.3675950798812222,0.4,0.009886738460572309,0.029017546249465766,0.34071586810184995,-0.022518181658205516,0.06490665755631256,0.34693177103857026,0.009870372255909476
MK,2019-09,-0.31042088805081197,-0.29736618521666314,-0.3,-0.013054702834148835,0.02891674763968962,0.4514581998229507,-0.010420888050811983,0.06477750706809535,0.16087201441477744,-0.01306124081677612
MK,2019-10,-0.7685833767164384,-0.7624964699237347,-0.8,-0.006086906792703739,0.02880124958939434,0.21134176049587647,0.03141662328356165,0.0647347780038112,0.485312906791957,-0.006094370529452275
MK,2019-11,-0.5690237851895249,-0.5676979846721442,-0.6,-0.0013258005173807375,0.028813964889844126,0.046012429127656566,0.030976214810475078,0.06466180039802381,0.47904968033370393,-0.0013251784789076737
MK,2019-12,-0.19375624046487225,-0.18497438816162948,-0.2,-0.008781852303242771,0.028661256053642097,0.3064015159282186,0.006243759535127763,0.06444561678096536,0.09688416135962746,-0.008779914740838168
MK,2020-01,0.007279872540488255,0,0,0.007279872540488255,0.029113725641688244,0.2500495000222208,0.007279872540488255,0.06488191235851616,0.11220187993630748,0.007279799741762859
MK,2020-02,-0.002202101655818863,0,0,-0.002202101655818863,0.029108579641447384,0.07565129191955883,-0.002202101655818863,0.06491411548324315,0.03392330989070183,-0.002202079634802566
MK,2020-03,-0.2782594680303237,-0.2680208774157089,-0.3,-0.010238590614614795,0.02907623896037241,0.3521291260733145,0.02174053196967629,0.06498878098871456,0.33452746210844575,-0.010235808019934844
MK,2020-04,-0.740990331356983,-0.7408442829186512,-0.7,-1.460484383317695e-4,0.029054124699431205,0.005026771236189701,-0.040990331356983045,0.06512770900850791,0.6293838978986395,-1.386385350189423e-4
MK,2020-05,-0.6844521585467046,-0.6811231581873689,-0.7,-0.0033290003593356987,0.029073889001314614,0.1145013781673712,0.015547841453295352,0.06522075605500655,0.23838793650571077,-0.003322155837750307
MK,2020-06,2.3179838273623474,2.322288303596709,2.3,-0.004304476234361587,0.029434771009879162,0.146237802662602,0.017983827362347604,0.06543828838189654,0.2748211759053713,-0.0043276560726353
MK,2020-07,1.965447352466493,1.9671667138409399,2,-0.0017193613744468372,0.029354765467175026,0.058571797358403524,-0.03455264753350695,0.06534144307663821,0.5288014146394129,-0.0017390158479717588
MK,2020-08,1.9399746970400602,1.9439357656008127,1.9,-0.003961068560752512,0.02937801283689577,0.13483105827286646,0.03997469704006029,0.06542787997517013,0.6109734421355343,-0.003980468307723362
MK,2020-09,2.111069820095359,2.1019741513989443,2.1,0.009095668696414538,0.029304451547890756,0.31038522190220674,0.011069820095358729,0.06525248204601403,0.16964596208850163,0.009074557998212995
MK,2020-10,2.1278055106738556,2.120091064314167,2.1,0.007714446359688765,0.02927538413477452,0.26351307037249855,0.027805510673855505,0.06519851446640113,0.42647460454309233,0.0076931683045811106
MK,2020-11,3.0426051280786424,3.0402512132457815,3,0.0023539148328608483,0.029544352655401843,0.07967393499246166,0.04260512807864236,0.06548818358962824,0.6505773369073866,0.002323488781579286
MK,2020-12,3.102218350842484,3.093371347113316,3.1,0.008847003729167913,0.02935308092685907,0.3013994936753846,0.002218350842484007,0.06487743079547292,0.03419295146685743,0.008815981545659657
MK,2021-01,2.59008141335225,2.5903785937944734,2.6,-2.9718044222359907e-4,0.029963922377347803,0.009917941933004814,-0.00991858664775025,0.0659153730061467,0.1504745584436779,-3.2648307599369986e-4
MK,2021-02,2.4930106158445233,2.4840312278211485,2.5,0.008979388023374835,0.0298256397873434,0.3010627127329978,-0.0069893841554766745,0.06580874766469803,0.10620752412868067,0.008952770315203917
MK,2021-03,2.6583307338981705,2.644978783592622,2.6,0.013351950305548588,0.02968511002233286,0.4497861148401868,0.05833073389817045,0.06572978347947797,0.8874323147037654,0.013328926288743492
MK,2021-04,3.0572404543050347,3.0559076186452705,3.1,0.0013328356597641644,0.029675621397903106,0.044913487805122866,-0.04275954569496543,0.0658084599621834,0.6497575800974077,0.001314358258043491
MK,2021-05,3.3029678734838384,3.303009097270815,3.3,-4.122378697646312e-5,0.02961723955574864,0.0013918848479740128,0.0029678734838385346,0.06585257382097438,0.04506845080811787,-5.339674921733817e-5
MK,2021-06,2.32901239707043,2.324937724882359,2.3,0.004074672188071116,0.029244833977321666,0.13932963993677924,0.02901239707043013,0.06556735591700343,0.44248233994908454,0.004073758146534434
MK,2021-07,2.8055197419291105,2.8036086051353104,2.8,0.0019111367938000612,0.02924661399633171,0.06534557450102661,0.005519741929110644,0.06556218865846854,0.08419093447085021,0.001907290395887884
MK,2021-08,3.2634141788196174,3.261019759568873,3.3,0.0023944192507445727,0.029195950822522944,0.08201203191839261,-0.03658582118038245,0.06560370324851497,0.5576792066415949,0.0023951024208850313
MK,2021-09,4.002546406650515,4.0061204618166535,4,-0.0035740551661387343,0.029462448114807856,0.12130883191415484,0.0025464066505147542,0.06583043895876023,0.03868129532160589,-0.003580069681036413
MK,2021-10,4.654855177003349,4.6537550508569,4.7,0.0011001261464489431,0.02954742462762812,0.03723255614705173,-0.0451448229966509,0.06593839267164012,0.6846515537838935,0.0010924282639095395
MK,2021-11,4.789874402556008,4.792907604931451,4.8,-0.0030332023754429116,0.029312708505909325,0.10347738336194454,-0.010125597443991552,0.06579191900646328,0.15390336073031752,-0.0030350137984864745
MK,2021-12,4.871661841988741,4.86725663716816,4.9,0.0044052048205811545,0.028606518334270904,0.1539930434422589,-0.02833815801125894,0.06444257636510793,0.43974278512245324,0.0044052048205811545
MK,2022-01,6.67455482207977,6.687014428412885,6.7,-0.012459606333115048,0.02914122564172995,0.42755944744043345,-0.025445177920230044,0.0657298837456304,0.3871173425271971,-0.012474157129784835
MK,2022-02,7.734552098668195,7.742382271468151,7.7,-0.007830172799955903,0.029169875949786046,0.26843353099735534,0.034552098668195086,0.0658545519820236,0.5246728985055857,-0.007857074035542588
MK,2022-03,9.018621270965939,9.02576822378396,9,-0.00714695281802058,0.029187432009928103,0.2448640502387995,0.01862127096593902,0.06602851471067665,0.28201862555190876,-0.0071920578125492796
MK,2022-04,10.565864144933522,10.576660289696637,10.6,-0.010796144763114413,0.029198850487645332,0.3697455407596438,-0.034135855066477205,0.0662550863446215,0.5152186337652899,-0.010865395647066123
MK,2022-05,11.90064872708029,11.908955426094003,11.9,-0.008306699013713725,0.02917868294422495,0.28468382310442114,6.487270802892908e-4,0.06643598832490347,0.009764693754787059,-0.008398162167418732
MK,2022-06,14.490489543441175,14.484717338382481,14.5,0.005772205058693913,0.029580205909264332,0.19513741981377133,-0.009510456558825098,0.06703599856168899,0.14187088673070525,0.005653081744641852
MK,2022-07,15.611219051721593,15.606858377210742,15.6,0.0043606745108508704,0.029687524465041942,0.14688575721379907,0.011219051721592876,0.06724089153120705,0.16684864620490678,0.004228579356107431
MK,2022-08,16.67542000384366,16.686738926803145,16.7,-0.011318922959485889,0.029677957601106857,0.3813915738953594,-0.024579996156340655,0.06741140474928249,0.36462667181849934,-0.011470796763699553
MK,2022-09,18.540487190060603,18.53684632874146,18.5,0.0036408613191412087,0.029955328936345553,0.1215430258461846,0.04048719006060253,0.06782105904624273,0.5969707732372178,0.003469875849518189
MK,2022-10,19.35445902440098,19.358274530688323,19.4,-0.003815506287342174,0.029952189489712,0.1273865567875339,-0.045540975599017486,0.06792653668138869,0.6704445394092252,-0.003999266916551392
MK,2022-11,19.05639209101124,19.061467283542612,19.1,-0.005075192531371897,0.029686379497408107,0.17096030628507622,-0.043607908988761324,0.06772678378659841,0.6438798146116949,-0.005263163694280593
MK,2022-12,17.764637216841788,17.774261603375518,17.8,-0.00962438653372999,0.029352219944852383,0.3278929686344851,-0.03536278315821306,0.06499473961834877,0.5440868501953309,-0.00980203290589543
MK,2023-01,16.009497180669534,16.007802340702206,16,0.001694839967328221,0.029125918248474523,0.058190095600401844,0.009497180669534089,0.06716305687202448,0.14140483045062177,0.0015347449955243064
MK,2023-02,15.415857507552648,15.413292196940475,15.4,0.002565310612173022,0.0286896919909885,0.08941575995234777,0.015857507552647476,0.06682559781578393,0.23729690524223038,0.0024111520370979633
MK,2023-03,13.814462220619202,13.814459049544991,13.8,3.171074210328584e-6,0.02797239411720763,1.1336441911412406e-4,0.014462220619201105,0.06620637196071737,0.21844152142609571,-1.349735479934111e-4
MK,2023-04,11.961864691066042,11.950074147305978,12,0.011790543760064054,0.027080067131627812,0.4353956621582168,-0.038135308933958,0.0654620280337581,0.5825561791989092,0.011670925113152819
MK,2023-05,10.730836569732578,10.726392251815975,10.7,0.004444317916602714,0.026222438685546728,0.16948530111550345,0.03083656973257831,0.06476573656039533,0.4761247438886548,0.004337009550905435
MK,2023-06,9.21510010813605,9.226225634967488,9.2,-0.011125526831436972,0.025357130700458565,0.43875338116373613,0.01510010813605156,0.0640874304394781,0.23561731266962824,-0.01121767783251748
MK,2023-07,8.68450349638502,8.688543734672427,8.7,-0.004040238287407405,0.024931105058425312,0.16205612538791303,-0.015496503614979673,0.06375981364442873,0.24304499541669758,-0.004127083322371661
MK,2023-08,8.141686478617888,8.142201834862384,8.1,-5.153562444952797e-4,0.024357619110671858,0.021157907189273913,0.04168647861788877,0.06335653947288512,0.6579664698342536,-5.967731092813011e-4
MK,2023-09,6.556092634301251,6.555342434841482,6.6,7.5019945976873e-4,0.02363957548359621,0.03173489559020645,-0.043907365698748535,0.06272661389247448,0.699979848649478,6.846385334249305e-4
MK,2023-10,3.3772428877752017,3.379810373675407,3.4,-0.0025674859002053907,0.023187954921906215,0.11072498238211709,-0.02275711222479826,0.06222167914961587,0.36574249579599705,-0.0026012583290833113
MK,2023-11,3.0321210491571584,3.030975907627398,3,0.0011451415297605294,0.023156799535743466,0.04945163203546141,0.03212104915715841,0.06222270750632937,0.5162271210054789,0.0011148203192687944
MK,2023-12,3.7552136592827265,3.750559785042551,3.8,0.004653874240175604,0.02301462292141496,0.20221379494535205,-0.044786340717273276,0.06160897134335082,0.7269451143353145,0.0046163221035828705
MK,2024-01,4.057249479473047,4.057841049209743,4.1,-5.915697366960515e-4,0.02326590466017817,0.02542646612442197,-0.04275052052695294,0.06228376464841391,0.6863830529235937,-6.304300993198453e-4
MK,2024-02,3.866246912190391,3.8650033415014384,3.9,0.0012435706889526443,0.023093103838437212,0.053850305166981874,-0.03375308780960884,0.06217015276311984,0.5429146674002001,0.001211352010614064
MK,2024-03,4.472150091903312,4.475291504719592,4.5,-0.003141412816280109,0.023096509728645766,0.13601244747313176,-0.027849908096688303,0.062239708434690455,0.44746205914367104,-0.003170547583007277
MK,2024-04,4.570721778186865,4.58107958935865,4.6,-0.010357811171784803,0.022945776000539972,0.4514038301228539,-0.029278221813134664,0.0621587334999683,0.47102346146015983,-0.010380766653738327
MK,2024-05,4.554165309891412,4.55937021648809,4.6,-0.005204906596677716,0.022751793985155023,0.22876906322524668,-0.04583469010858732,0.062066738245547315,0.7384742843623736,-0.005218161476672201
MK,2024-06,3.0951700501085853,3.093229504650652,3.1,0.0019405454579333181,0.022423500559929924,0.08654070102689544,-0.004829949891414831,0.06177549659059287,0.07818552918197556,0.0019381844626575884
MK,2024-07,3.548658189334178,3.5457182765660455,3.5,0.0029399127681326576,0.02252191419323521,0.1305356526496182,0.048658189334178203,0.06196811587423566,0.7852133092593946,0.0029441458265861975
MK,2024-08,3.1064495194890744,3.107104984093323,3.1,-6.554646042484791e-4,0.022552186014453437,0.029064348965036,0.006449519489074351,0.06211240839301224,0.1038362487615266,-6.382618227775971e-4
MK,2024-09,3.6857597672967857,3.695468022024584,3.7,-0.009708254727798238,0.022642435489655423,0.4287637137018064,-0.014240232703214506,0.0622483255526423,0.22876491177536648,-0.009689529709165257
MK,2024-10,4.622641079120118,4.6180405697021865,4.6,0.004600509417931775,0.022512954682687984,0.20434942826360664,0.02264107912011859,0.06197277565804329,0.3653391167284285,0.004600542881494363
MK,2024-11,5.596940188506916,5.592672413793109,5.6,0.00426777471380646,0.022574786755768073,0.18905049956744346,-0.003059811493083764,0.06210071390864336,0.04927176034699161,0.004269112991798885
MK,2024-12,5.653635134059382,5.654472860688453,5.7,-8.377266290713337e-4,0.022433781688157704,0.0373421940498579,-0.046364865940618394,0.06133771646430215,0.7558948818644433,-8.377266290713337e-4
MK,2025-01,5.82316764731269,5.817084994075206,5.8,0.006082653237484692,0.022531641699635306,0.2699604990426927,0.023167647312690498,0.06207323656663156,0.37323085751814383,0.006082653237484692
MK,2025-02,5.980364161994465,5.983914209115282,6,-0.00355004712081719,0.022404312682346498,0.15845373929343762,-0.019635838005535255,0.06200092469901137,0.3167023411482822,-0.00355004712081719
MK,2025-03,3.7964373692457465,3.7946428571428603,3.8,0.00179451210288617,0.022119401392888396,0.08112842074754895,-0.0035626307542533375,0.06169201150610483,0.05774865606223249,0.00179451210288617
MK,2025-04,3.485894775974565,3.483217226092483,3.5,0.002677549882081909,0.021875052623212942,0.12240198586953792,-0.014105224025434904,0.06150396186595351,0.2293384620681334,0.002677549882081909
MK,2025-05,4.114005146908297,4.109589041095907,4.1,0.004416105812389937,0.021601732498948308,0.2044329459502814,0.014005146908297128,0.06136009395753209,0.22824519985237024,0.004416105812389937
MK,2025-06,5.068323605360522,5.06714225765843,5.1,0.0011813477020918839,0.021753110296542293,0.054307070850445775,-0.03167639463947758,0.061528052855895084,0.5148284915446113,0.0011813477020918839
MK,2025-07,4.630004764257194,4.627996264397627,4.6,0.002008499859567081,0.021513692738167948,0.0933591403396663,0.03000476425719434,0.06137734393972558,0.48885732635579554,0.002008499859567081
MK,2025-08,4.360622810966028,4.360793993623369,4.4,-1.7118265734072935e-4,0.02132281436138126,0.008028145555249321,-0.03937718903397247,0.061262156726633335,0.642765307948316,-1.7118265734072935e-4
MK,2025-09,3.266138097593966,3.2574287756560683,3.3,0.008709321937897752,0.020996260611597296,0.41480347853403726,-0.03386190240603382,0.06095208862255391,0.5555495007845228,0.008709321937897752
MK,2025-10,4.357561096411673,4.362623762376239,4.4,-0.005062665964565838,0.021218147580736407,0.2386007517999425,-0.04243890358832747,0.061129064372984224,0.6942508285319543,-0.005062665964565838
MK,2025-11,3.6123306245489974,3.6126135319930697,3.6,-2.8290744407222235e-4,0.020937087177790584,0.013512263748527629,0.01233062454899736,0.0609162711615874,0.20241922747190097,-2.8290744407222235e-4
MK,2025-12,3.5550550178042357,3.564498008375039,3.6,-0.009442990570803111,0.02088221799589546,0.45220247066950425,-0.04494498219576437,0.060486727340547095,0.7430552812473893,-0.009442990570803111
MK,2026-01,2.935443822752806,2.942074722589849,2.9,-0.006630899837043014,0.02092885977589327,0.3168304393094917,0.03544382275280622,0.06089774977475065,0.5820218790334006,-0.006628068667932752
MK,2026-02,2.639878468385268,2.6408985125973894,2.6,-0.0010200442121215403,0.020717240793630676,0.04923648966010683,0.03987846838526776,0.06073236061719372,0.6566263517505676,-0.001020491717546701
MK,2026-03,4.92726627358566,4.925755248335872,4.9,0.0015110252497878562,0.021181607112798654,0.0713366668421889,0.027266273585659917,0.06119332126053205,0.44557597175634733,0.001500100813941252
MK,2026-04,5.666442371782136,5.660954712362298,5.7,0.005487659419837421,0.021162481442023803,0.25931077292950133,-0.033557628217864455,0.06125182915981293,0.5478632830753318,0.005465229610432942
MK,2026-05,4.850321269380551,4.851345922057049,4.9,-0.0010246526764978725,0.02076596257595615,0.04934289334048332,-0.049678730619449496,0.060965304511795534,0.8148688998976078,-0.0010547468227333212
MK,2026-06,3.496724673143591,3.494757863205189,3.5,0.0019668099384020366,0.020489717369847792,0.09599009605161025,-0.0032753268564089666,0.06067936746933196,0.05397760380518722,0.0019442775931275413
MK,2026-07,2.435501588856562,2.4397500743826406,2.4,-0.004248485526078483,0.020370907872044527,0.20855651366961306,0.03550158885656218,0.06057378663429986,0.58608832019855,-0.004267273394012339
MK,2026-08,2.6305084380792674,2.6214644722578173,2.6,0.009043965821450062,0.02034747400202865,0.4444760966667595,0.030508438079267286,0.060622410061764775,0.5032534676233418,0.00901695649244516
EA,1998-01,1.0837004524115106,1.0844444444444434,1.1,-7.439920329328498e-4,0.036507845830235086,0.02037896282329236,-0.016299547588489505,0.068826330849236,0.23682139360579374,-7.540600759452509e-4
EA,1998-02,1.1204181499737258,1.1174175239446527,1.1,0.003000626029073139,0.03638858983594659,0.0824606296259648,0.020418149973725708,0.06875143293444042,0.29698508237924187,0.0029874846455473225
EA,1998-03,1.1224376615843412,1.1343495214462873,1.1,-0.011911859861946095,0.03634407922018462,0.327752418482803,0.02243766158434113,0.06871828391703122,0.3265166169084172,-0.01192582947054599
EA,1998-04,1.392022283114114,1.3832239758822418,1.4,0.008798307231872249,0.036412566721482055,0.24162831747539446,-0.007977716885885888,0.06880313425106807,0.11594990508389588,0.008779518054042423
EA,1998-05,1.3134071626271233,1.3085764809902756,1.3,0.0048306816368477445,0.03628480223895146,0.13313236778956575,0.01340716262712327,0.06871789135040375,0.1951043951386395,0.00481068204604429
EA,1998-06,1.329617390712774,1.343705799151329,1.3,-0.014088408438555078,0.03628747520903212,0.38824438342429535,0.029617390712773917,0.0687234307403927,0.43096496193060513,-0.014109030574506631
EA,1998-07,1.2737825823423117,1.2716354645001982,1.3,0.0021471178421135217,0.036283475783990146,0.0591761895937468,-0.02621741765768837,0.06873454693342355,0.38142999157443525,0.0021266050258514912
EA,1998-08,1.1356452187070383,1.128349788434413,1.1,0.007295430272625358,0.03620530509463761,0.2015016930131018,0.035645218707038184,0.06867559252838878,0.5190376579904037,0.007275987362644232
EA,1998-09,0.9940513259698875,1.0044052863436237,1,-0.010353960373736149,0.03612346148404392,0.28662702710009097,-0.005948674030112455,0.06858898548044845,0.08672929025620517,-0.010371184237774056
EA,1998-10,0.9270865009294128,0.933591685749513,0.9,-0.006505184820100207,0.03611128315164322,0.18014272139770787,0.027086500929412782,0.06857742559548878,0.3949769285476737,-0.006521472688335805
EA,1998-11,0.8051971494564863,0.8092892329345514,0.8,-0.004092083478065001,0.03602786727893664,0.1135810634135815,0.005197149456486305,0.06850509326898663,0.07586515408539907,-0.004107145670734336
EA,1998-12,0.7452439180311393,0.7557117750439435,0.8,-0.010467857012804171,0.035951455221373795,0.2911664339690161,-0.054756081968860726,0.06831035576956578,0.8015780528734434,-0.010482761891164705
EA,1999-01,0.7549778732375089,0.756243404854029,0.8,-0.0012655316165200992,0.036229109909349674,0.034931347187017216,-0.04502212676249118,0.06870833188718435,0.6552644421118425,-0.001280631173984803
EA,1999-02,0.7412194267588631,0.7367128573934512,0.7,0.004506569365411939,0.036097292028428964,0.12484508150535842,0.04121942675886314,0.06862191279780858,0.6006744067352706,0.004491744976876766
EA,1999-03,0.9438501777169924,0.9288468279004647,0.9,0.015003349816527733,0.03604616398264347,0.4162259768820885,0.0438501777169924,0.06860477364993504,0.6391709407969735,0.014984472812973437
EA,1999-04,1.060103625215048,1.0669931782403275,1.1,-0.006889553025279493,0.03602013000299328,0.1912695213678288,-0.039896374784952116,0.0686205510349957,0.581405631158593,-0.006910755097783827
EA,1999-05,0.9394070508283107,0.9425728748472695,0.9,-0.0031658240189588183,0.035925170120506,0.08812272867016359,0.03940705082831064,0.06855182758430906,0.5748504776163048,-0.003184612159975342
EA,1999-06,0.8902501573432523,0.8722958827634297,0.9,0.01795427457982257,0.03591735393616032,0.499877430050515,-0.00974984265674772,0.0685506585785807,0.14222828575120577,0.017936469576675718
EA,1999-07,1.0098856796046367,1.0115102895012162,1,-0.001624609896579532,0.036000253212970214,0.045127735268101266,0.00988567960463671,0.06864834015659764,0.144004641366214,-0.0016448076101716058
EA,1999-08,1.1066954115211165,1.0983263598326465,1.1,0.00836905168847002,0.03600327888669164,0.23245248619740522,0.006695411521116412,0.0686667259283529,0.0975059088750267,0.008346917780239549
EA,1999-09,1.240401288329341,1.221214235868806,1.2,0.01918705246053487,0.035990512173551224,0.5331141820936655,0.04040128832934098,0.0686544678902464,0.5884728200636263,0.01916224443476855
EA,1999-10,1.3069981207294552,1.308900523560208,1.3,-0.0019024028307528251,0.036006143486442814,0.052835506570403076,0.0069981207294551595,0.06866801920344964,0.10191237217315274,-0.0019285427931672317
EA,1999-11,1.4438882335308056,1.4485165794066335,1.4,-0.004628345875827833,0.036019319257149664,0.12849620623824334,0.04388823353080573,0.06869290214396143,0.6389049255602576,-0.004657223640498476
EA,1999-12,1.7425616654061498,1.7268445839874413,1.7,0.015717081418708423,0.03586429234065292,0.43823760049191834,0.04256166540614981,0.06827081208689333,0.6234240388407628,0.015682230185400492
EA,2000-01,1.861514395382726,1.8502356432187117,1.9,0.011278752164014305,0.03667164239324677,0.30756059527051155,-0.038485604617273905,0.06938003767542059,0.5547071738029379,0.01124254940407532
EA,2000-02,1.9274050409633574,1.932787741598463,1.9,-0.005382700635105486,0.03654482440971001,0.1472903679809526,0.027405040963357497,0.06929965832369095,0.39545708631565857,-0.005413738968614412
EA,2000-03,1.9591866420445374,1.9621462059385308,2,-0.0029595638939934332,0.0364150695308194,0.08127305349475296,-0.04081335795546259,0.06922078467942336,0.5896113160877648,-0.002984901886429636
EA,2000-04,1.7131314954356331,1.7133956386292892,1.7,-2.6414319365608563e-4,0.03623877358349688,0.007288966141403205,0.01313149543563319,0.06907997013512232,0.1900912147174879,-2.829189907214147e-4
EA,2000-05,1.7565030736560747,1.7464983572540227,1.7,0.010004716402052027,0.03621032822072706,0.27629455168333034,0.056503073656074765,0.06907099809569593,0.8180433932312856,0.009987541130281441
EA,2000-06,2.130325041123055,2.144586648218616,2.1,-0.014261607095560791,0.03621886827279863,0.3937618091250977,0.03032504112305512,0.06910680181055344,0.4388141301371021,-0.014278847032907827
EA,2000-07,2.0995416442162935,2.106353591160226,2.1,-0.006811946943932501,0.03617043437502149,0.1883291439993511,-4.583557837065655e-4,0.06908589791969073,0.006634578076113067,-0.006825889139540298
EA,2000-08,2.055693068744602,2.06932229694774,2.1,-0.013629228203138055,0.03610328527250949,0.37750659255145136,-0.04430693125539831,0.06903500313975612,0.6418038565986922,-0.013640595336023686
EA,2000-09,2.4036067752919,2.412961047914508,2.4,-0.009354272622608129,0.03607941797815998,0.25926894464513167,0.0036067752919000107,0.06905031185167435,0.05223401886507994,-0.009364569975831127
EA,2000-10,2.387643450710008,2.3944875107665853,2.4,-0.006844060056577117,0.03606434444817358,0.18977358832662,-0.012356549289991747,0.06904288014067475,0.17896920384571588,-0.0068535618376550644
EA,2000-11,2.458582883456123,2.442800619301555,2.4,0.015782264154568182,0.03598866290814745,0.4385343294039203,0.05858288345612328,0.06899867195213931,0.8490436380682674,0.015775477797687287
EA,2000-12,2.4859556514057735,2.503429355281206,2.5,-0.017473703875432456,0.035283433732581054,0.49523819047399215,-0.014044348594226541,0.06792202860947777,0.20677163037893728,-0.017473703875432456
EA,2001-01,2.0017868094245364,2.0051413881748026,2,-0.003354578750266235,0.03565922747518392,0.09407323118821807,0.0017868094245363508,0.06869251215631209,0.026011705911561465,-0.003354578750266235
EA,2001-02,1.9745974911306399,1.9644687393235438,2,0.010128751807096048,0.03541696141814858,0.2859859062303919,-0.02540250886936013,0.06850414336559547,0.37081711589021804,0.010128751807096048
EA,2001-03,2.196243027307967,2.1968664850136266,2.2,-6.234577056596358e-4,0.035238071199266335,0.017692730743804622,-0.0037569726920332336,0.06839505515518941,0.054930472437058585,-6.234577056596358e-4
EA,2001-04,2.7258097902331917,2.722477454483574,2.7,0.0033323357496177763,0.03523171446836092,0.09458341156262233,0.02580979023319152,0.0684484187495194,0.37706919611452294,0.0033323357496177763
EA,2001-05,3.085301004584107,3.0931339225016785,3.1,-0.007832917917571347,0.035258914195858894,0.22215425790086615,-0.014698995415892924,0.06852518442638128,0.21450501066048946,-0.007832917917571347
EA,2001-06,2.8624452019249276,2.8614967829326154,2.9,9.484189923121278e-4,0.035056554121059624,0.02705397082203186,-0.03755479807507234,0.06836703444724213,0.5493114975471526,9.484189923121278e-4
EA,2001-07,2.4871568090594525,2.485627324991535,2.5,0.0015294840679174193,0.034982648771677054,0.043721219565161486,-0.012843190940547533,0.06828402569896541,0.18808485306896783,0.0015294840679174193
EA,2001-08,2.312859502221756,2.314580165568514,2.3,-0.0017206633467576893,0.03491128579125351,0.049286736588452305,0.012859502221756358,0.06821177057266277,0.18852321401124955,-0.0017206633467576893
EA,2001-09,2.190823290750911,2.1878155503197494,2.2,0.0030077404311614764,0.03470299280211172,0.08667092340746045,-0.00917670924908931,0.0680582461700277,0.1348361112063252,0.0030077404311614764
EA,2001-10,2.2530535504750127,2.2375504710632654,2.2,0.015503079411747223,0.034727871086058106,0.4464160608443144,0.05305355047501248,0.0680950107748796,0.7791106847813886,0.015503079411747223
EA,2001-11,1.9754147860312858,1.981528127623844,2,-0.0061133415925580525,0.034666392889471695,0.17634778478538204,-0.02458521396871416,0.06803913020544242,0.3613393336228687,-0.0061133415925580525
EA,2001-12,2.060280950378017,2.0408163265306145,2,0.01946462384740233,0.034252574008681536,0.5682674780140288,0.06028095037801684,0.06735387742677808,0.8949885690478566,0.01946462384740233
EA,2002-01,2.6110556446506283,2.620967741935476,2.6,-0.009912097284847654,0.03465820354337353,0.2859957029348913,0.011055644650628249,0.06807563831654005,0.16240236484043521,-0.009912097284847654
EA,2002-02,2.473529866970138,2.4794772993801395,2.5,-0.0059474324100015075,0.034552230366339746,0.17212875542168776,-0.02647013302986201,0.06800570518834496,0.38923400553750226,-0.0059474324100015075
EA,2002-03,2.5144854468392426,2.51624729211799,2.5,-0.0017618452787475647,0.03428471597496741,0.05138865026719065,0.014485446839242577,0.06783018536367104,0.21355458136490355,-0.0017618452787475647
EA,2002-04,2.355752135716395,2.3687261885042332,2.4,-0.012974052787838364,0.03407307131029735,0.38077145055947537,-0.044247864283605054,0.06770258746820249,0.6535623812662509,-0.012974052787838364
EA,2002-05,2.0570321070188635,2.060666007253542,2.1,-0.0036339002346785776,0.03388285391860731,0.10724894199903755,-0.04296789298113657,0.06756678057501947,0.6359322231348477,-0.0036339002346785776
EA,2002-06,1.8628590072418187,1.8600823045267445,1.9,0.002776702715074242,0.03380083528805609,0.08214893778247609,-0.03714099275818117,0.06749348020284632,0.550290082042841,0.002776702715074242
EA,2002-07,1.99621310616123,1.9963702359346636,2,-1.5712977343351753e-4,0.03392077855251618,0.004632257281189731,-0.0037868938387699558,0.06758651489815484,0.0560303167647625,-1.5712977343351753e-4
EA,2002-08,2.1489125151896546,2.1466314398943087,2.1,0.0022810752953459357,0.033982156182381464,0.06712567863862011,0.04891251518965456,0.06764721509801719,0.7230529020120481,0.0022810752953459357
EA,2002-09,2.128996700886268,2.1245059288537593,2.1,0.004490772032508694,0.0338370662100188,0.13271753539847447,0.028996700886267934,0.06754371043527509,0.42930275371908266,0.004490772032508694
EA,2002-10,2.281785834690154,2.28731281882506,2.3,-0.005526984134906154,0.03378618369295746,0.16358710960475312,-0.018214165309845765,0.06751798053750949,0.2697676258211977,-0.005526984134906154
EA,2002-11,2.272811573103329,2.2723530380372114,2.3,4.5853506611770456e-4,0.0338046848077912,0.013564246160698498,-0.02718842689667067,0.0675255204820978,0.4026392792318987,4.5853506611770456e-4
EA,2002-12,2.3072591035176866,2.31147540983605,2.3,-0.004216306318363561,0.03353412800923793,0.1257318012623456,0.007259103517686771,0.06695122018809245,0.10842376729345753,-0.004216306318363561
EA,2003-01,2.1138333143289083,2.111984282907664,2.1,0.0018490314212442627,0.033709584726714266,0.0548518006446676,0.01383331432890822,0.06751080299310878,0.20490519614053865,0.0018482755684097185
EA,2003-02,2.3610926601983735,2.370443027627922,2.4,-0.009350367429548534,0.03365088895378951,0.2778639055386846,-0.03890733980162642,0.06749523604231819,0.57644571799456,-0.009347041790243704
EA,2003-03,2.3664996301847814,2.3732119635890614,2.4,-0.006712333404280013,0.03337596143868717,0.20111281038632575,-0.033500369815218534,0.06731287523076923,0.4976814569332979,-0.00670316139601379
EA,2003-04,2.0685939378223677,2.055016181229785,2.1,0.013577756592582535,0.0331361937837827,0.4097560715988954,-0.03140606217763242,0.06712342450409864,0.46788527864389173,0.013588453328687411
EA,2003-05,1.8179648969642237,1.8090776934259534,1.8,0.008887203538270327,0.03303530098961074,0.2690214186656045,0.017964896964223653,0.06703036253913641,0.2680113352174494,0.008897201571834934
EA,2003-06,1.9826593843424258,1.9877181641887454,2,-0.005058779846319528,0.03306229860659573,0.15300750581541028,-0.017340615657574165,0.06706178152622441,0.25857672228396056,-0.005047571206709289
EA,2003-07,1.9362290936885016,1.9249433840181185,1.9,0.011285709670383115,0.033174108524395646,0.34019632093757113,0.03622909368850169,0.06715562864829593,0.5394796298942993,0.01129543469983263
EA,2003-08,2.022447874419109,2.0206918849013933,2,0.001755989517715495,0.03317454905255119,0.05293182779768504,0.022447874419108782,0.0671726256664498,0.33418188133027904,0.0017672258944543273
EA,2003-09,2.127405318995504,2.1286889211417526,2.1,-0.0012836021462487857,0.03303178822492046,0.03885960207508193,0.02740531899550369,0.06707679078212214,0.4085663412926425,-0.0012687546841085862
EA,2003-10,2.0364917028139358,2.0270270270270396,2,0.009464675786896137,0.03291972001492776,0.2875077850784967,0.03649170281393577,0.06699677570821203,0.5446784927810019,0.009480974113967644
EA,2003-11,2.158688478855417,2.1574625664144254,2.2,0.0012259124409914612,0.03297299468178856,0.03717928725680927,-0.04131152114458336,0.06704640591822233,0.6161630974667269,0.0012426642492977535
EA,2003-12,1.982344858173849,1.9868610799551378,2,-0.004516221781288854,0.032713149359941886,0.13805524291155796,-0.017655141826151022,0.0665308980309851,0.2653675562582754,-0.004496398332707097
EA,2004-01,1.800681902230804,1.7957351290684764,1.8,0.004946773162327611,0.03299419470175032,0.1499285921976204,6.81902230803999e-4,0.06710559671181426,0.01016162979270471,0.0049673495438753434
EA,2004-02,1.6394206636894346,1.6288725646758317,1.6,0.010548099013602874,0.03276538971754866,0.32192808034733883,0.03942066368943453,0.06692779540008656,0.5890028717333717,0.010564607350711075
EA,2004-03,1.698269856637048,1.6989520482692866,1.7,-6.821916322385935e-4,0.03251758362901846,0.020979161306125173,-0.0017301433629519636,0.06677429906674971,0.02591031859761579,-6.71506978738412e-4
EA,2004-04,2.056684905641405,2.0612018392262677,2.1,-0.0045169335848624925,0.032465661397553,0.1391295723056775,-0.04331509435859493,0.06677295234094534,0.6486922150368063,-0.004507798922825046
EA,2004-05,2.4471304241544494,2.4432809773123676,2.4,0.003849446842081772,0.032559671937309256,0.11822744558033442,0.04713042415444946,0.06688864067250012,0.7046102848046986,0.0038592549202665083
EA,2004-06,2.374562167519056,2.376802408493117,2.4,-0.0022402409740611695,0.032495534238043966,0.06893996441635417,-0.02543783248094389,0.06683813619715807,0.3805885969936052,-0.0022316275878004888
EA,2004-07,2.3038094538472382,2.317092524996034,2.3,-0.013283071148795678,0.032643737796986476,0.4069102389990987,0.0038094538472384087,0.0669550000068569,0.05689573365466776,-0.013272977828602261
EA,2004-08,2.3546454456196115,2.3609570591031526,2.4,-0.006311613483541034,0.032609255325851884,0.19355282481833705,-0.04535455438038838,0.06694995678683739,0.677439636365908,-0.006303023732932012
EA,2004-09,2.1100517482883587,2.115900836886153,2.1,-0.005849088597794427,0.03238198403458706,0.18062786367713113,0.010051748288358642,0.06675780928737293,0.15057037364855386,-0.005844091119526329
EA,2004-10,2.36178831096034,2.365184484389782,2.4,-0.0033961734294418733,0.032343810766500905,0.10500226624375858,-0.03821168903965999,0.0667618486202761,0.5723581630730159,-0.0033926401999369027
EA,2004-11,2.240269024663412,2.2537431048069267,2.3,-0.013474080143514922,0.03231623314602051,0.41694463839991663,-0.059730975336588,0.06673126821016594,0.8950972600800728,-0.01347097964529409
EA,2004-12,2.3200854276710716,2.3252160251374665,2.3,-0.005130597466394882,0.032171678491815084,0.15947559179108967,0.0200854276710718,0.06627810300012019,0.3030477150354677,-0.005130597466394882
EA,2005-01,1.9288014397402071,1.9215624507796347,1.9,0.007238988960572401,0.03253972727856296,0.22246618413859348,0.028801439740207213,0.06694168352502008,0.43024671958604693,0.007238988960572401
EA,2005-02,2.0590602302291723,2.058453802639848,2.1,6.064275893242765e-4,0.03238231048736793,0.01872712540264349,-0.040939769770827805,0.06683074438533312,0.6125888638135919,6.064275893242765e-4
EA,2005-03,2.165162529357307,2.1545667447306904,2.2,0.010595784626616478,0.03204828769028041,0.3306193681551967,-0.03483747064269327,0.06660533361390461,0.5230432572357923,0.010595784626616478
EA,2005-04,2.073606625122845,2.0817150846667465,2.1,-0.008108459543901603,0.03185769713357726,0.25452120754062535,-0.026393374877155207,0.06648294943676711,0.39699464450292365,-0.008108459543901603
EA,2005-05,1.9718948891876933,1.9823447421403184,2,-0.010449852952625127,0.031712675949441375,0.32951659359446783,-0.02810511081230671,0.06637749281612117,0.4234132628384059,-0.010449852952625127
EA,2005-06,2.0351801330930748,2.0275499148738607,2,0.007630218219214058,0.031704827989981775,0.24066423642560325,0.03518013309307477,0.06638543550920889,0.5299375205303072,0.007630218219214058
EA,2005-07,2.143828583569753,2.1405304792926794,2.1,0.0032981042770736657,0.03186975967042607,0.10348695161746642,0.043828583569752944,0.06652519062206402,0.6588268768555257,0.0032981042770736657
EA,2005-08,2.1839125675679294,2.182662538699698,2.2,0.0012500288682315563,0.031802531363428185,0.0393059550495105,-0.01608743243207078,0.06649178543379902,0.2419461641331297,0.0012500288682315563
EA,2005-09,2.5948336511608603,2.597804236894996,2.6,-0.0029705857341357778,0.03177297959393499,0.09349408749511236,-0.0051663488391398005,0.06651025059033304,0.07767748269303176,-0.0029705857341357778
EA,2005-10,2.4460511319792615,2.449168207024033,2.4,-0.0031170750447713225,0.031625268159939594,0.09856280202928962,0.046051131979261584,0.06640984410429566,0.6934383388543869,-0.0031170750447713225
EA,2005-11,2.3011119103951936,2.296547472256494,2.3,0.004564438138699778,0.031616094470229596,0.14437071419424535,0.0011119103951937603,0.06638071194556946,0.01675050421431905,0.004564438138699778
EA,2005-12,2.251839515696874,2.241670505143567,2.2,0.01016901055330699,0.0313345203509853,0.3245305956306821,0.05183951569687384,0.06580852077329424,0.7877325776012707,0.01016901055330699
EA,2006-01,2.430811130097073,2.441662803276179,2.4,-0.010851673179105958,0.03187327518600702,0.34046307182984603,0.030811130097073036,0.06660669810646565,0.4625830580555702,-0.010851673179105958
EA,2006-02,2.343937937206693,2.355658198614319,2.4,-0.01172026140762572,0.031676226483111955,0.37000181867857046,-0.05606206279330683,0.06645930713637441,0.8435547285840275,-0.01172026140762572
EA,2006-03,2.1846245454062156,2.1855418003973615,2.2,-9.172549911458105e-4,0.03127305600660229,0.029330519887540315,-0.015375454593784532,0.06615642046327377,0.23241061844209207,-9.172549911458105e-4
EA,2006-04,2.433359993426707,2.4349414092223576,2.4,-0.0015814157956506314,0.03114302931429195,0.05077912555298205,0.033359993426707035,0.06610968420398608,0.5046158339491145,-0.0015814157956506314
EA,2006-05,2.4903937281612563,2.4905087319665897,2.5,-1.1500380533346899e-4,0.031079944269951216,0.0037002577718473336,-0.00960627183874374,0.06608300263879474,0.14536675779172714,-1.1500380533346899e-4
EA,2006-06,2.4560177112555928,2.457524271844669,2.5,-0.0015065605890760558,0.031029227359726196,0.048552952079995,-0.04398228874440724,0.06604549792660751,0.6659392407531272,-0.0015065605890760558
EA,2006-07,2.4415045009177723,2.4449506454062186,2.4,-0.0034461444884463788,0.031174306906794555,0.11054438190878524,0.04150450091777236,0.06617340017698764,0.6272082257638908,-0.0034461444884463788
EA,2006-08,2.289273238283819,2.287532192092101,2.3,0.0017410461917179987,0.03109981720433641,0.05598252170675896,-0.01072676171618081,0.06612413278460072,0.1622215863476535,0.0017410461917179987
EA,2006-09,1.7645207516488732,1.7633760361718265,1.8,0.0011447154770467538,0.030775733229383748,0.037195392503396596,-0.03547924835112681,0.06583720010780292,0.5388936390525798,0.0011447154770467538
EA,2006-10,1.5918995039678503,1.5937453014584158,1.6,-0.0018457974905654595,0.030630601930391833,0.06025991571305199,-0.008100496032149795,0.0657148038330882,0.12326744598864796,-0.0018457974905654595
EA,2006-11,1.850513755056806,1.8532469489226822,1.9,-0.0027331938658761157,0.030706198433397305,0.08901114450245275,-0.04948624494319387,0.06577835306457523,0.7523180900350721,-0.0027331938658761157
EA,2006-12,1.8979118802992434,1.9071932722630969,1.9,-0.00928139196385347,0.030548482881152875,0.30382497225679567,-0.0020881197007565078,0.0653880088396805,0.031934290977971166,-0.00928139196385347
EA,2007-01,1.8435260385014314,1.8403982501131289,1.8,0.0031277883883025215,0.03109243352590993,0.10059644851201739,0.04352603850143133,0.06614648797090336,0.6580249358148484,0.0031277883883025215
EA,2007-02,1.8538308531222951,1.8501805054151443,1.9,0.0036503477071507806,0.030903995996992784,0.11811895482726538,-0.04616914687770479,0.06600158032306067,0.6995157790422405,0.0036503477071507806
EA,2007-03,1.9379598152450506,1.9443613520789604,1.9,-0.006401536833909871,0.030582747952244436,0.20931856234456095,0.037959815245050654,0.06577057013790327,0.5771550279320841,-0.006401536833909871
EA,2007-04,1.905667891890008,1.9016490863170477,1.9,0.0040188055729604155,0.030383937412375574,0.13226743849608938,0.005667891890008159,0.06566916150154982,0.08630979535005018,0.0040188055729604155
EA,2007-05,1.8714490897566718,1.8669432508519934,1.9,0.004505838904678372,0.030289510848472378,0.1487590515152086,-0.02855091024332812,0.06561148113480242,0.4351511313190552,0.004505838904678372
EA,2007-06,1.8949048402320592,1.8951732306780933,1.9,-2.683904460341058e-4,0.030280990088901984,0.00886333125984778,-0.005095159767940727,0.06561520954830946,0.07765211454806671,-2.683904460341058e-4
EA,2007-07,1.7704751770586231,1.7640083012155472,1.8,0.0064668758430759254,0.030449591168297825,0.21237972645783254,-0.029524822941376927,0.06575769538179889,0.44899418645911243,0.0064668758430759254
EA,2007-08,1.7489886583920977,1.747630331753558,1.7,0.001358326638539742,0.03040901277863024,0.044668554300924174,0.04898865839209776,0.06572820316551295,0.7453217345488262,0.001358326638539742
EA,2007-09,2.126046184482881,2.117890995260674,2.1,0.008155189222207149,0.030297506535290914,0.2691703098638788,0.026046184482880985,0.06564512215948004,0.39677257998855847,0.008155189222207149
EA,2007-10,2.546170245432285,2.5455083616990004,2.5,6.61883733284796e-4,0.030280389496092127,0.02185849469902678,0.046170245432285206,0.06566938107061557,0.7030711220292671,6.61883733284796e-4
EA,2007-11,3.0594384227980935,3.04733727810651,3,0.01210114469158352,0.030374290894764688,0.3984008954648312,0.059438422798093526,0.06580857636784597,0.9032017721497939,0.01210114469158352
EA,2007-12,3.0691352404317507,3.065134099616862,3.1,0.004001140814888782,0.030181599319505235,0.13256887988381036,-0.03086475956824941,0.0652195352088252,0.47324408966460924,0.004001140814888782
EA,2008-01,3.206423700679882,3.199525996148722,3.2,0.006897704531160009,0.030724254210256548,0.2245035626888342,0.006423700679881961,0.0661496224086025,0.09710865226415236,0.006901642492848747
EA,2008-02,3.260369101497963,3.263919657362302,3.3,-0.0035505558643387225,0.03056708920668794,0.1161561652249792,-0.039630898502036604,0.06603871958266867,0.6001160948074683,-0.003550197827030921
EA,2008-03,3.584874116689407,3.5798122065727744,3.6,0.005061910116632706,0.030208451960105742,0.16756602169874935,-0.015125883310592947,0.06580043670403275,0.2298751204133865,0.005052195983677343
EA,2008-04,3.2711984131868292,3.2657821839918277,3.3,0.0054162291950015096,0.029916464216179606,0.18104509797224871,-0.028801586813170577,0.06557593459363024,0.4392097038593825,0.005403234627650022
EA,2008-05,3.670352939984547,3.6654545454545495,3.7,0.0048983945299974074,0.02989887662328201,0.16383205936851378,-0.029647060015453253,0.06562071308355216,0.45179423725104706,0.004878992109217162
EA,2008-06,3.9609386861561626,3.952339436210428,4,0.008599249945734577,0.029922329168512604,0.2873857144377519,-0.039061313843837375,0.06568006950166755,0.5947209578218496,0.008575931481296983
EA,2008-07,4.059286920788551,4.064093226511267,4.1,-0.004806305722715898,0.030180455568319203,0.15925225886123257,-0.04071307921144829,0.0659091140254227,0.6177154679358047,-0.004828107297547568
EA,2008-08,3.839682007513618,3.828238719068411,3.8,0.011443288445207145,0.030091416184290454,0.38028414399390204,0.03968200751361817,0.06581566111135725,0.6029265199733833,0.011422986248732503
EA,2008-09,3.642668090928243,3.654822335025365,3.7,-0.012154244097121847,0.029820004270278613,0.4075869334879974,-0.057331909071757003,0.06558001252581748,0.8742283946528163,-0.012176374304523119
EA,2008-10,3.1631255425383897,3.1606292394284807,3.2,0.002496303109909004,0.029569772606301024,0.08442077465881717,-0.036874457461610444,0.06536610843013228,0.564121963923007,0.002474037238018756
EA,2008-11,2.115626880994567,2.124605225380427,2.1,-0.008978344385860204,0.02932079030170205,0.3062108590346904,0.015626880994566772,0.06511655893091571,0.23998321242905113,-0.008995540845568861
EA,2008-12,1.5802950885680935,1.587074635401775,1.6,-0.006779546833681538,0.02898797757011435,0.23387443354002824,-0.019704911431906558,0.06457654815582994,0.30514036433716696,-0.006795349784566973
EA,2009-01,1.1162191789994536,1.1195636572412848,1.1,-0.0033444782418312613,0.029544909159745714,0.11319981468712853,0.016219178999453465,0.06527139650751777,0.24848830984618794,-0.003355640433621021
EA,2009-02,1.179130459989809,1.172768878718533,1.2,0.00636158127127584,0.029314593617965852,0.21701072694990586,-0.020869540010191034,0.06509730901064312,0.3205899034440726,0.0063497899666757895
EA,2009-03,0.5714457130657526,0.5807365439093548,0.6,-0.00929083084360216,0.028813851035373286,0.32244321774955675,-0.02855428693424733,0.06468935775491895,0.44140625174279263,-0.009296545300732428
EA,2009-04,0.6093112572708937,0.6070873923478937,0.6,0.002223864923000085,0.02869340060566974,0.07750440435981838,0.009311257270893769,0.06461825837358325,0.14409638243515904,0.0022177718104275934
EA,2009-05,0.031276961500833596,0.04209344745333965,0,-0.010816485952506054,0.028548341894676692,0.3788831586931137,0.031276961500833596,0.06451862816338039,0.4847741247943309,-0.010816798722121088
EA,2009-06,-0.1428012014438487,-0.13978194017334467,-0.1,-0.003019261270504031,0.02854661020999136,0.10576601734125632,-0.04280120144384869,0.06457818568901631,0.6627811076942113,-0.0030178332584895884
EA,2009-07,-0.6521290854960948,-0.6578947368421018,-0.7,0.005765651346006928,0.028707523770654293,0.20084112416204816,0.047870914503905126,0.06475580867689462,0.739252825067195,0.005772172636861805
EA,2009-08,-0.16781401911818694,-0.16823216038133193,-0.2,4.181412631449888e-4,0.028716377515074516,0.014561072785921123,0.03218598088181307,0.06470882334168923,0.49739709702118734,4.198194033360192e-4
EA,2009-09,-0.32932251711653693,-0.33580523296486975,-0.3,0.006482715848332821,0.028556869106375234,0.22701073511190953,-0.02932251711653694,0.06458847714048876,0.4539899129802435,0.0064860090735041065
EA,2009-10,-0.12116462578950253,-0.11191941801902416,-0.1,-0.009245207770478367,0.028498966387000765,0.32440502034120733,-0.021164625789502525,0.06451686785760069,0.32804794300021395,-0.009243996124220458
EA,2009-11,0.48232969214922194,0.4779308405960192,0.5,0.004398851553202743,0.028559723349793335,0.1540229048904486,-0.017670307850778055,0.0645371431235083,0.27380058979309646,0.004394028256281157
EA,2009-12,0.9269564631989066,0.9289232934553082,0.9,-0.0019668302564016527,0.02840121681580379,0.06925161936397087,0.026956463198906544,0.06426125036337954,0.4194823948565461,-0.001976099821033639
EA,2010-01,0.9445067427421233,0.9510290986515235,1,-0.0065223559094002015,0.029165064782991874,0.22363591364980712,-0.05549325725787668,0.06503717155299896,0.8532544686795779,-0.006540127986669919
EA,2010-02,0.8497833075943418,0.8481764206955233,0.8,0.0016068868988184937,0.028916172952503663,0.055570524545481524,0.0497833075943418,0.06484007669741945,0.7677860688946888,0.0015932643989522433
EA,2010-03,1.587411971321884,1.5772426418814156,1.6,0.010169329440468333,0.028649552452294023,0.3549559616123796,-0.012588028678116148,0.06467951874461021,0.19462155752612362,0.010159495544166841
EA,2010-04,1.6324431543941758,1.6418748245860204,1.6,-0.009431670191844654,0.02853518581356072,0.33052772999159724,0.032443154394175666,0.0646159472139099,0.5020920653963827,-0.009437858634362861
EA,2010-05,1.6991481190373936,1.6970546984572232,1.7,0.0020934205801703687,0.02850728882162552,0.07343457293568752,-8.51880962606355e-4,0.06460134503041758,0.013186737245257764,0.0020877031407187108
EA,2010-06,1.4918615506441628,1.4977603583426813,1.5,-0.005898807698518471,0.028403762325191515,0.20767698416088962,-0.008138449355837185,0.06451000271962026,0.12615794470214667,-0.005902464532349994
EA,2010-07,1.7278282671194456,1.7331266732422135,1.7,-0.005298406122767885,0.02876174368642503,0.18421713858984937,0.027828267119445638,0.06479263912546275,0.42949735487019935,-0.005308735330300074
EA,2010-08,1.5786840272154636,1.586855778682783,1.6,-0.00817175146731941,0.02861834181266823,0.28554245108995424,-0.021315972784536452,0.06468564361644369,0.3295317414004633,-0.008178615696979197
EA,2010-09,1.8705784486248922,1.8671907903972995,1.9,0.0033876582275926825,0.028516362135880966,0.1187969984197294,-0.029421551375107713,0.06460887695410007,0.455379396178169,0.0033810128540887607
EA,2010-10,1.9391022322357678,1.9327731092436906,1.9,0.0063291229920772185,0.028429431058437978,0.22262573524835655,0.03910223223576792,0.06456006350678625,0.605672146398333,0.006324813928165973
EA,2010-11,1.913833201335979,1.9166200335758221,1.9,-0.0027868322398432177,0.02842069357951935,0.09805644721673779,0.013833201335978984,0.06456444332571475,0.21425417185420836,-0.002789949562531202
EA,2010-12,2.210761107586911,2.203318923441655,2.2,0.007442184145256103,0.028309668175103303,0.2628848949844304,0.010761107586910956,0.06421098466334227,0.16758982350654433,0.007442184145256103
EA,2011-01,2.3143690728879296,2.305961754780661,2.3,0.00840731810726858,0.029007792789480957,0.28982963882440965,0.014369072887929768,0.06511035018517124,0.22068799886753332,0.008414713992378253
EA,2011-02,2.4234425392017194,2.4250070086907716,2.4,-0.0015644694890522004,0.028849533049607592,0.05422858963997964,0.02344253920171946,0.06500189344130144,0.3606439437474039,-0.0015614000776200676
EA,2011-03,2.6697548258761845,2.6757243865243474,2.7,-0.005969560648162897,0.02829210935418418,0.21099736938773164,-0.030245174123815666,0.06461290411780851,0.4680980453791356,-0.005980225747707291
EA,2011-04,2.8252696664674097,2.816512494822576,2.8,0.008757171644833583,0.028203340571541818,0.31050121962041205,0.025269666467409913,0.0645925457925649,0.391216450092584,0.008740834538563558
EA,2011-05,2.7141795975160403,2.716866639084259,2.7,-0.002687041568218529,0.0281576139688554,0.09542859601636042,0.014179597516040143,0.0645533864529588,0.2196569118240306,-0.0027034055733472506
EA,2011-06,2.7057991298398276,2.703075437870628,2.7,0.0027236919691997485,0.02813214647081149,0.09681778004482222,0.005799129839827444,0.0645277141732083,0.08987037452250593,0.0027074020803339316
EA,2011-07,2.5611043001126674,2.5484764542936356,2.5,0.012627845819031869,0.028448867490000727,0.44387868246320644,0.06110430011266743,0.06477668827488009,0.9433069479157553,0.012617361658685322
EA,2011-08,2.547585104555512,2.5435443737904295,2.5,0.00404073076508249,0.028357957810348135,0.14249018889533654,0.047585104555512014,0.06471071049400871,0.735351291806906,0.004028386759330704
EA,2011-09,2.9851151209727624,2.9906284454244814,3,-0.005513324451718926,0.028142272265883554,0.19590900122171886,-0.014884879027237563,0.06456589422039116,0.23053779719102271,-0.005533166317979177
EA,2011-10,3.0336837416147038,3.0365485023357897,3,-0.0028647607210858794,0.02807593547539535,0.1020361627343261,0.03368374161470378,0.06454411485075798,0.5218716174602278,-0.0028881109555936035
EA,2011-11,3.025364531087236,3.0199039121482585,3,0.005460618938977646,0.028062520865516492,0.1945876126078078,0.02536453108723613,0.06454370309941038,0.3929822719990146,0.005436407229749918
EA,2011-12,2.7502986086787367,2.756174102878961,2.8,-0.005875494200224374,0.027772162046644143,0.21156056162845055,-0.049701391321263166,0.06393970372334006,0.7773165721304485,-0.005902997186311154
EA,2012-01,2.651925062410213,2.652556349642654,2.7,-6.312872324412133e-4,0.028511552602746352,0.022141454070810758,-0.048074937589787314,0.06494993177913966,0.7401845740695269,-6.662197393034752e-4
EA,2012-02,2.731833435743918,2.7371014096072344,2.7,-0.005267973863316566,0.028268703937224395,0.18635356877397083,0.031833435743917615,0.06476976904341086,0.49148601599276637,-0.005298556395981091
EA,2012-03,2.6745741968580776,2.673507966513644,2.7,0.0010662303444335386,0.027575178920340563,0.038666307388745325,-0.025425803141922554,0.06425325348392004,0.3957123065882663,0.0010494004737862106
EA,2012-04,2.576434640649529,2.5782194172149886,2.6,-0.0017847765654597225,0.027411758035473376,0.06510989054952458,-0.023565359350471216,0.06415639680613558,0.36731114157922207,-0.001795954183871462
EA,2012-05,2.431110727156208,2.4301825993555237,2.4,9.281278006842975e-4,0.02738369523616208,0.0338934461795587,0.031110727156208107,0.06412053995087241,0.4851912847278639,0.00091699541832079845
EA,2012-06,2.3645452006600354,2.363367799113747,2.4,0.0011774015462884257,0.02736615608916408,0.04302400170678813,-0.03545479933996454,0.064096767247487,0.5531448911154656,0.001166195503470746
EA,2012-07,2.4093348652869175,2.417612101566702,2.4,-0.008277236279784272,0.027754836491085805,0.29822680751308783,0.009334865286917626,0.06441076961016803,0.1449270881781857,-0.008294237056030607
EA,2012-08,2.614003054452346,2.615260177945533,2.6,-0.0012571234931870734,0.027714006055675845,0.04536058376625828,0.014003054452345953,0.06440939200488598,0.2174070273987947,-0.0012722586842652817
EA,2012-09,2.60313653596526,2.5960123109862066,2.6,0.007124224979053295,0.02729770020758365,0.26098260750457264,0.003136535965259757,0.06409083956036575,0.048938912124961674,0.0071165176589071955
EA,2012-10,2.4929093579078354,2.493665822109614,2.5,-7.564642017787726e-4,0.027179094678386365,0.02783257539407064,-0.00709064209216459,0.06401014901271546,0.1107737163798205,-7.606816145382389e-4
EA,2012-11,2.201018450559111,2.19853431045971,2.2,0.0024841400994009,0.02714608208425194,0.09151007838593424,0.0010184505591106507,0.0639684340220179,0.01592114258667174,0.0024807840589868846
EA,2012-12,2.22200600031645,2.217500995883692,2.2,0.004505004432757698,0.026922545188240745,0.1673320409069421,0.022006000316449725,0.06349687123998768,0.34656826213180825,0.004505004432757698
EA,2013-01,1.9868531860496403,1.9949123041906658,2,-0.008059118141025445,0.02770545471620182,0.29088561164500826,-0.01314681395035966,0.06444924866970818,0.2039870785419846,-0.008069849973909138
EA,2013-02,1.8530930404753134,1.851605168509396,1.9,0.0014878719659174866,0.0274572121956042,0.05418874849048548,-0.04690695952468649,0.06425983514193725,0.7299576698427299,0.0014809345642430305
EA,2013-03,1.739273619240355,1.7359284587059376,1.7,0.0033451605344174684,0.026746147499009856,0.12507074278795877,0.03927361924035511,0.06370975999172762,0.6164458827886744,0.003350204200530893
EA,2013-04,1.1804280301438463,1.1781646812410118,1.2,0.0022633489028345277,0.026601495751347754,0.08508352026482782,-0.019571969856153615,0.06358818847245074,0.30779253704692455,0.002267467372360832
EA,2013-05,1.4250198604486586,1.415650806134483,1.4,0.009369054314175562,0.02662364345379951,0.35190729362169576,0.02501986044865867,0.0636097745926668,0.3933335813383477,0.00937423594170017
EA,2013-06,1.60590543870548,1.6135379771743175,1.6,-0.00763253846883738,0.02665334088202872,0.28636329316538683,0.005905438705479993,0.06363997822283457,0.09279448029982308,-0.007626279098519095
EA,2013-07,1.6024042730830945,1.5956745351444201,1.6,0.006729737938674374,0.02704731884606657,0.24881349522941953,0.0024042730830944326,0.06396602740551521,0.03758671877264546,0.006730619443388486
EA,2013-08,1.34053174866407,1.3399894902784926,1.3,5.42258385577421e-4,0.02694087823917634,0.020127717469465813,0.040531748664069944,0.06389181583690427,0.6343809161338404,5.444044580920071e-4
EA,2013-09,1.09845474943702,1.0956045389330926,1.1,0.0028502105039274195,0.026453798345657746,0.10774295874963706,-0.0015452505629800495,0.0634827082826102,0.024341282922287353,0.0028572295261835023
EA,2013-10,0.7337228082607106,0.7285974499089187,0.7,0.005125358351791842,0.026305868955401386,0.1948370669861279,0.03372280826071061,0.06334326475123464,0.5323819097918112,0.005131131388172783
EA,2013-11,0.8490154351211827,0.8604954367666284,0.9,-0.011480001645445714,0.026358108806164546,0.4355396561213379,-0.05098456487881731,0.06337489729640468,0.8044914793370358,-0.011475076017884223
EA,2013-12,0.847911900621143,0.844375162379829,0.8,0.0035367382413139525,0.026132583750296586,0.13533825338926975,0.04791190062114292,0.06308735283500405,0.7594533368114152,0.0035452173603202075
EA,2014-01,0.7728073574057924,0.7613546862693665,0.8,0.011452671136425896,0.027062278295053855,0.4231968576909908,-0.027192642594207617,0.06398694750268938,0.4249717115051426,0.011471761228039945
EA,2014-02,0.7087995161915794,0.706251634841748,0.7,0.0025478813498314157,0.0268430093703984,0.09491787283139484,0.008799516191579482,0.06381079300833772,0.1379001227963067,0.0025632294184267934
EA,2014-03,0.46644210945694536,0.46535677352637084,0.5,0.001085335930574527,0.026094562446388386,0.04159241730166442,-0.033557890543054636,0.06319820305181494,0.5309943783613783,0.0010888157936799758
EA,2014-04,0.712851576435561,0.7116056410919835,0.7,0.00124593534357742,0.026170238853448716,0.04760886404417477,0.012851576435561007,0.06327815045372444,0.20309658773859732,0.0012503099417657815
EA,2014-05,0.494703284471335,0.5040713454827372,0.5,-0.009368061011402251,0.02613516059622591,0.35844665950723337,-0.005296715528665008,0.06324161886353104,0.08375363603665459,-0.009364733930915692
EA,2014-06,0.4954948612175384,0.4905757810482969,0.5,0.004919080169241474,0.02606900142805702,0.18869461428419987,-0.004505138782461615,0.06319141389427532,0.07129352715543127,0.004921346768540835
EA,2014-07,0.3739097988106114,0.37642782969884436,0.4,-0.002518030888232936,0.0265062419115319,0.09499765740602528,-0.026090201189388595,0.06355007574961138,0.4105455561089263,-0.002510426032591162
EA,2014-08,0.3658622015208237,0.3629764065335772,0.4,0.002885794987246504,0.026439690858779633,0.10914632106177743,-0.03413779847917631,0.06350014898652379,0.537601864310919,0.002892138823664181
EA,2014-09,0.3192302264506443,0.32253902722230166,0.3,-0.0033088007716573498,0.026044802690240825,0.1270426507357332,0.019230226450644317,0.06316362100006617,0.3044509821662088,-0.0033073225863301525
EA,2014-10,0.3794205483285225,0.3874967708602295,0.4,-0.008076222531706978,0.026084276852703887,0.30962033478301315,-0.02057945167147751,0.06319170027854855,0.32566700343183425,-0.00807352288039126
EA,2014-11,0.28483519177264605,0.2843846949327711,0.3,4.504968398749698e-4,0.026108739186191728,0.01725463786904067,-0.015164808227353943,0.06320060098004694,0.23994721556748524,4.540507042382069e-4
EA,2014-12,-0.166055983052878,-0.16746103310575355,-0.2,0.001405050052875556,0.025800045186693904,0.05445920899395151,0.03394401694712201,0.06292921310009374,0.5393999904802791,0.001405050052875556
EA,2015-01,-0.6028640885417608,-0.5992704533611337,-0.6,-0.0035936351806270528,0.026785893757227428,0.13416148115861956,-0.0028640885417607898,0.0637973105398135,0.0448935624014028,-0.0035936351806270528
EA,2015-02,-0.2879971506440191,-0.28571428571428914,-0.3,-0.0022828649297299553,0.02654803288234909,0.08598998426161197,0.012002849355980894,0.06357957277099979,0.18878468087875683,-0.0022828649297299553
EA,2015-03,-0.06796392827414482,-0.06433350488934675,-0.1,-0.003630423384798076,0.025969998916480032,0.13979297405724123,0.03203607172585518,0.06310743673920226,0.5076433679004809,-0.003630423384798076
EA,2015-04,0.20593175437896707,0.20554984583760483,0.2,3.8190854136224694e-4,0.025977807652478323,0.014701338406661591,0.0059317543789670635,0.06314419470678025,0.09393982149130375,3.8190854136224694e-4
EA,2015-05,0.597318749473012,0.5915637860082201,0.6,0.0057549634647918735,0.026017844821182905,0.221192935246749,-0.002681250526987977,0.06319654040481307,0.04242717259224798,0.0057549634647918735
EA,2015-06,0.504036543780812,0.5010277492291992,0.5,0.003008794551612737,0.02601924595664058,0.11563726929776143,0.004036543780811974,0.06320495030696371,0.06386436127562688,0.003008794551612737
EA,2015-07,0.5499273467836043,0.5560584507952937,0.6,-0.00613110401168937,0.026420273705262603,0.23206057893594523,-0.050072653216395646,0.06352384258294244,0.78824975285486365,-0.00613110401168937
EA,2015-08,0.4345248482346949,0.4391630069749519,0.4,-0.004638158740257026,0.026350786400750316,0.17601595146795915,0.03452484823469487,0.06346199065655293,0.5440240351352722,-0.004638158740257026
EA,2015-09,0.20491391534451764,0.2057613168724215,0.2,-8.474015279038571e-4,0.025985723686468544,0.03261027239911435,0.004913915344517628,0.06313876294352139,0.07782723505231172,-8.474015279038571e-4
EA,2015-10,0.38702793909139693,0.3860010293360805,0.4,0.0010269097553164408,0.02598623259269905,0.039517454161668505,-0.01297206090860309,0.0631444965434582,0.20543454487241455,0.0010269097553164408
EA,2015-11,0.1332737992701034,0.1288992008249723,0.1,0.004374598445131106,0.025977292949093258,0.16840085892336223,0.033273799270103405,0.06309624425096418,0.5273499186062084,0.004374598445131106
EA,2015-12,0.25059958393971615,0.24516129032257084,0.2,0.005438293617145318,0.02587458668828304,0.21017895600272435,0.05059958393971614,0.06295554402389884,0.8037351550882922,0.005438293617145318
EA,2016-01,0.32473452586188656,0.327653997378774,0.3,-0.0029194715168874286,0.02698379176554132,0.1081935238106764,0.02473452586188657,0.06389872066767582,0.38708953173766625,-0.002904453823789954
EA,2016-02,-0.1257013692901956,-0.13024225058608785,-0.1,0.004540881295892252,0.026707195033083525,0.1700246428075744,-0.02570136929019559,0.0636914514956217,0.4035293385009817,0.004554102733114934
EA,2016-03,-0.04215017397562621,-0.03862495171881308,0,-0.003525222256813128,0.025984508325004953,0.1356663059666516,-0.04215017397562621,0.06311201089707603,0.6678629531289269,-0.0035244597021966834
EA,2016-04,-0.2571167372336934,-0.2564102564102555,-0.3,-7.064808234378828e-4,0.0259260009663091,0.02724989574581735,0.04288326276630661,0.06312192470039059,0.6793719134809787,-7.078563502854185e-4
EA,2016-05,-0.11954295035835315,-0.11506008693429326,-0.1,-0.004482863424059888,0.02588714259715632,0.17316949552216424,-0.019542950358353142,0.06311004339456577,0.3096646636125738,-0.004488373509202545
EA,2016-06,0.04432985856714426,0.051131279560268084,0.1,-0.006801420993123822,0.02592008920694249,0.2623995981966804,-0.055670141432855744,0.06313966791312367,0.8816983565617491,-0.006808706630525005
EA,2016-07,0.16378891064370904,0.16718106995883275,0.2,-0.0033921593151237106,0.02635432738112091,0.1287135606258616,-0.03621108935629097,0.06350455865346476,0.5702124402421199,-0.003394596270970579
EA,2016-08,0.224613210769666,0.21862139917696588,0.2,0.005991811592700125,0.026316771302664636,0.22768034588245403,0.024613210769665994,0.06347151699565495,0.38778355921997154,0.005988742848959672
EA,2016-09,0.3926756351091568,0.3978439425051272,0.4,-0.005168307395970406,0.025965504195671594,0.1990451391593603,-0.007324364890843205,0.06315669434883356,0.11597131493913405,-0.005175146072835646
EA,2016-10,0.5093277605361043,0.49987182773647554,0.5,0.009455932799628752,0.025928198343017277,0.36469687074016577,0.00932776053610429,0.06314421883061577,0.1477215287297478,0.009446735022151431
EA,2016-11,0.5841376178063522,0.5792996910401582,0.6,0.0048379267661939895,0.025996981753446356,0.18609570957415614,-0.015862382193647773,0.06316156565707676,0.2511397877590534,0.004832297671777175
EA,2016-12,1.0963776893739032,1.1069635731754346,1.1,-0.01058588380153136,0.02588813390413337,0.40890872400197176,-0.0036223106260968585,0.06294522210318454,0.057547030657210084,-0.01059684757842505
EA,2017-01,1.7307515609303379,1.724363161332465,1.7,0.006388399597872851,0.026912247369288843,0.23737889705796297,0.03075156093033793,0.06396235448560772,0.48077593730945895,0.0063710920822634964
EA,2017-02,1.9541526510942708,1.9561815336463173,2,-0.0020288825520464737,0.02681347047090273,0.07566654060123114,-0.04584734890572917,0.06389955052778729,0.7174909451951785,-0.0020484240785576535
EA,2017-03,1.5367876326830157,1.5327150953116986,1.5,0.004072537371317075,0.026076815168202004,0.1561746457551732,0.03678763268301566,0.06329608746131041,0.5811991571438285,0.004057169494990465
EA,2017-04,1.8933194912451878,1.9023136246786754,1.9,-0.008994133433487539,0.026065547811755085,0.34505829297903146,-0.006680508754812076,0.06333317797593505,0.10548197592974877,-0.009013066628400068
EA,2017-05,1.3846081581805336,1.3823115320619417,1.4,0.002296626118591938,0.02587043123621312,0.08877417224406944,-0.01539184181946629,0.06316000660925072,0.2436960134391741,0.0022827800370102125
EA,2017-06,1.3050174198704947,1.290405008304596,1.3,0.014612411565898764,0.025809536247219468,0.5661632749202535,0.005017419870494644,0.06311754888572574,0.07949326231883114,0.01459936139170015
EA,2017-07,1.3377353843633168,1.3352163307228215,1.3,0.0025190536404953168,0.02629362311517508,0.09580473674019736,0.037735384363316804,0.06354103962824832,0.5938742045155467,0.002505676286651548
EA,2017-08,1.5399843715403003,1.5398434492493118,1.5,1.4092229098849884e-4,0.026303431252947505,0.005357563035533906,0.03998437154030032,0.06357021717002163,0.6289796278870682,1.2552244727315198e-4
EA,2017-09,1.5608743978065456,1.5595040265882654,1.6,0.0013703712182802086,0.02589920361963207,0.052911712591866805,-0.03912560219345451,0.06321623319682274,0.6189170125280571,0.001354762474302218
EA,2017-10,1.372476094092367,1.3773753347787299,1.4,-0.004899240686362827,0.02577525342192961,0.19007536438786468,-0.027523905907632873,0.06310898488834865,0.4361329207929378,-0.0049129654473036855
EA,2017-11,1.5277035278211653,1.5359017022910537,1.5,-0.008198174469888464,0.025923877433917768,0.316240288158526,0.027703527821165252,0.06322193869980848,0.4381948480369707,-0.008213451505166836
EA,2017-12,1.3448994248083925,1.3367281985996238,1.3,0.008171226208768756,0.025667151421530636,0.3183534500799494,0.044899424808392485,0.06285131894562083,0.714375220148357,0.00815777721452049
EA,2018-01,1.2913881977205863,1.2970335174007808,1.3,-0.005645319680194438,0.026393687685947364,0.21388900813584086,-0.008611802279413716,0.06363432868242952,0.13533264918046625,-0.005658233562171766
EA,2018-02,1.1186764500042876,1.1128165771296938,1.1,0.0058598728745937745,0.026198748609647802,0.22366995316852084,0.018676450004287526,0.06347967316370183,0.29421150225718024,0.005848686110094148
EA,2018-03,1.3924870644173468,1.3954078396549718,1.4,-0.0029207752376250173,0.025653218259180693,0.11385609431595349,-0.007512935582653091,0.06305582933899773,0.11914735975102962,-0.0029347001082693502
EA,2018-04,1.2289253442352743,1.223511604439964,1.2,0.005413739795310235,0.025471848725379522,0.21253815746464128,0.028925344235274375,0.06293617384468439,0.45959807322664914,0.005401450541867803
EA,2018-05,1.952190703706418,1.956823633379634,2,-0.004632929673216157,0.025611715095487566,0.18089103583822141,-0.047809296293582104,0.06310998285039318,0.7575552097188416,-0.00465245158025307
EA,2018-06,1.9661810283677295,1.9803229061553962,2,-0.014141877787666735,0.025636721815327144,0.551625823673442,-0.033818971632270545,0.0631463105606462,0.5355652821520039,-0.01416153959795019
EA,2018-07,2.196075810952416,2.1918155327505184,2.2,0.0042602782018974494,0.02612004320488002,0.16310379613390147,-0.003924189047584292,0.06358997454219108,0.06171081331351448,0.004238317443788553
EA,2018-08,2.0835351963206095,2.0851762921774375,2.1,-0.0016410958568280343,0.026054181025209882,0.0629878120229578,-0.016464803679390627,0.06354829792737363,0.2590911828701924,-0.001661931208791323
EA,2018-09,2.0837709989709072,2.0767778477029486,2.1,0.0069931512679586305,0.025648880423319254,0.2726493769919349,-0.01622900102909286,0.06319392536607524,0.25681267519116907,0.006972313557968679
EA,2018-10,2.2830403874588443,2.2770159768524367,2.3,0.006024410606407571,0.025578494882746394,0.23552639176088702,-0.016959612541155522,0.06314228056477561,0.2685936014578569,0.006001580202533496
EA,2018-11,1.926011019350415,1.916046892726575,1.9,0.009964126623839942,0.025580648458347736,0.38951814063917317,0.026011019350415054,0.06309709716175145,0.41223797164130965,0.009944866513646566
EA,2018-12,1.5239782778384487,1.5326633165829051,1.5,-0.008685038744456364,0.025359818692010597,0.3424724304985869,0.023978277838448747,0.06270073180035698,0.38242421021172557,-0.008700278527234762
EA,2019-01,1.3891429353517228,1.394523326572017,1.4,-0.005380391220294101,0.026186090566501598,0.2054675250828367,-0.01085706464827707,0.06359631892307922,0.17071844459124852,-0.005404942902698773
EA,2019-02,1.486961396714767,1.4927261227071664,1.5,-0.005764725992399411,0.02604766210066543,0.22131452604539667,-0.013038603285232986,0.063491128050641693,0.20536102736799944,-0.005787033360934668
EA,2019-03,1.401551761137097,1.4012260728136994,1.4,3.2568832339752163e-4,0.025395883784367877,0.012824453213083101,0.0015517611370969853,0.06297263077806624,0.02464183436397695,3.145579695831291e-4
EA,2019-04,1.723578646258888,1.7196261682242975,1.7,0.003952478034590534,0.02530527479466217,0.15619186381743067,0.02357864625888806,0.06295184994278366,0.37455049026070664,0.003945416410129576
EA,2019-05,1.2227887947072575,1.213472015849426,1.2,0.009316778857831443,0.02509996358800406,0.37118694715095835,0.022788794707257587,0.06279387799891324,0.3629142749815832,0.009316009200031061
EA,2019-06,1.2655643509152927,1.2615955473098461,1.3,0.0039688036054466025,0.025107420776609966,0.15807293153520308,-0.03443564908470731,0.06281734861477299,0.5481869235819505,0.0039691610554588586
EA,2019-07,1.0224211216131847,1.0290106620381767,1,-0.006589540424992046,0.025444983322299775,0.2589720866201955,0.022421121613184658,0.06311023447470633,0.3552691857320023,-0.0065914801549589175
EA,2019-08,1.0110210797305992,1.015102748204999,1,-0.0040816684743998355,0.025421104771335974,0.1605621986579511,0.011021079730599181,0.06310412899819418,0.1746491062560196,-0.0040820874431961585
EA,2019-09,0.8289942216998684,0.838471023427867,0.8,-0.009476801727998585,0.02505248511759073,0.37827791069495137,0.028994221699868317,0.06277255400842063,0.46189329330106405,-0.009473247883766689
EA,2019-10,0.7210961480953753,0.725707257072572,0.7,-0.004611108977196743,0.0249735724952533,0.18463954158233353,0.0210961480953753,0.06271751376374779,0.33636773573077083,-0.004605115411711713
EA,2019-11,0.9564373945124209,0.9647495361781111,1,-0.008312141665690165,0.025043853167329575,0.33190346589851405,-0.043562605487579065,0.06273390420307137,0.6944029076616325,-0.008311678012900892
EA,2019-12,1.3254971549569619,1.323929720366257,1.3,0.0015674345907048526,0.024925026774907204,0.0628859742001496,0.02549715495696181,0.06246994574811628,0.40815074595659706,0.0015674345907048526
EA,2020-01,1.3613560929313642,1.3628407101775375,1.4,-0.0014846172461733254,0.025743785113410987,0.05766895736710946,-0.03864390706863574,0.06332567255321957,0.6102407682470169,-0.0014743229856306606
EA,2020-02,1.22352907368721,1.2214882213635647,1.2,0.002040852323645259,0.025586572690400187,0.07976262973317116,0.023529073687210023,0.06319878569799528,0.37230262302265066,0.0020492978418233943
EA,2020-03,0.7497161613724653,0.7402837754472591,0.7,0.009432385925206233,0.025001661365511702,0.37727036564928623,0.04971616137246537,0.06271043055404146,0.7927893483305282,0.009435260826002656
EA,2020-04,0.31361746392371675,0.3185103515864318,0.3,-0.004892887662715062,0.024763360271480586,0.1975857722487724,0.013617463923716766,0.06253187212808423,0.21776837091689935,-0.004892902554737122
EA,2020-05,0.08301921371820443,0.0856373868363125,0.1,-0.0026181731181080664,0.02475679124366021,0.10575575373801868,-0.01698078628179557,0.06252779693466598,0.2715717986920033,-0.002617218380785824
EA,2020-06,0.2702750549486024,0.2687187003786562,0.3,0.0015563545699461834,0.0247419116470192,0.06290356994843146,-0.02972494505139761,0.06254402667076027,0.47526433192211165,0.001553885826840462
EA,2020-07,0.38696807335029626,0.38041477481900454,0.4,0.006553298531291718,0.025089242744128794,0.2611995347219188,-0.013031926649703762,0.0628419437732089,0.20737625011624164,0.006554374740152968
EA,2020-08,-0.17500954674774163,-0.17156862745097978,-0.2,-0.003440919296761852,0.025134027187646544,0.1369028238520039,0.024990453252258377,0.06288963801021316,0.39736996495670673,-0.0034356347861987935
EA,2020-09,-0.3142070497977851,-0.3179261433113312,-0.3,0.003719093513546101,0.02480516543781559,0.14993221967696801,-0.014207049797785087,0.06259667473984523,0.22696173330021546,0.0037235896525160683
EA,2020-10,-0.26476887275181704,-0.26865307119305903,-0.3,0.0038841984412419928,0.02467377483891522,0.1574221401711049,0.03523112724818295,0.06247867489185648,0.5638904363635119,0.0038868185168093317
EA,2020-11,-0.2849104747415414,-0.2817591571726008,-0.3,-0.0031513175689406037,0.024804708476100074,0.1270451362884177,0.01508952525845858,0.06257156864816246,0.24115625649896047,-0.0031452772251981953
EA,2020-12,-0.2734079452726369,-0.26865307119305903,-0.3,-0.004754874079577864,0.024436300939311286,0.1945823998233947,0.02659205472736309,0.06224120099225255,0.4272419924974315,-0.004752140000125138
EA,2021-01,0.9090664117191101,0.9004563957074163,0.9,0.008610016011693755,0.02579672726596844,0.33376388884229746,0.009066411719110046,0.06351830592809589,0.14273698875680693,0.008602621893131657
EA,2021-02,0.9414535096394043,0.9358453392439348,0.9,0.005608170395469569,0.025721024051212776,0.21803837919918037,0.04145350963940431,0.06346557901197296,0.6531652320005461,0.005602583766272873
EA,2021-03,1.3308535834181472,1.3349663196570605,1.3,-0.004112736238913284,0.025396144443956783,0.1619433315158964,0.030853583418147146,0.06322999262895228,0.48795804230443085,-0.004112847897739469
EA,2021-04,1.616009511080555,1.6119184271583764,1.6,0.004091083922178607,0.025385887007437442,0.16115583910776957,0.016009511080554928,0.06327330308875476,0.2530215793870925,0.004093832846371548
EA,2021-05,1.981656107694008,1.980198019801982,2,0.001458087892026061,0.02544478436652662,0.057303998769359564,-0.018343892305991982,0.06334254223208281,0.2895982961779651,0.0014598707246586962
EA,2021-06,1.9039322731690291,1.9003532708003368,1.9,0.0035790023686923522,0.025383584892467902,0.14099672618560483,0.003932273169029221,0.06331801730039685,0.06210354235151604,0.0035841919138794864
EA,2021-07,2.172292089406766,2.176039119804396,2.2,-0.0037470303976299135,0.02559633050318046,0.14638935831697938,-0.027707910593234075,0.06350394328269418,0.4363179538298831,-0.003745365440339654
EA,2021-08,2.9561981262903223,2.9585072428185644,3,-0.002309116528242061,0.025798908355325275,0.08950442772379652,-0.0438018737096777,0.06370425386301273,0.6875816143120932,-0.002311661609208482
EA,2021-09,3.3651192793487636,3.3611383709519327,3.4,0.003980908396830962,0.0256280256637049,0.1553341817691728,-0.03488072065123626,0.06356773985582874,0.5487173325706645,0.003979144406661916
EA,2021-10,4.048406608921135,4.05289580017143,4.1,-0.0044891912502951214,0.025662141929220963,0.17493439412332804,-0.05159339107886485,0.06366532041697794,0.8103845349548605,-0.004489076939309555
EA,2021-11,4.8676062289344335,4.86486486486486,4.9,0.002741364069573926,0.025872745225079746,0.1059556705608721,-0.032393771065566845,0.06388689434021531,0.5070487679845742,0.00273805719619169
EA,2021-12,4.968223219764035,4.958981266070772,5,0.009241953693262417,0.025268997813527188,0.36574278732633175,-0.03177678023596542,0.0627210009200654,0.5066370078574359,0.009241953693262417
EA,2022-01,5.108970104160452,5.110024449877759,5.1,-0.0010543457173071147,0.025503436286415902,0.04134131987024428,0.008970104160452408,0.06359071720134135,0.14105996213332844,-0.0010511778861364007
EA,2022-02,5.870805494277915,5.880200073197517,5.9,-0.009394578919601493,0.025521484950549508,0.3681047140401294,-0.02919450572208504,0.06367943364662629,0.45846051150663386,-0.00938157885130586
EA,2022-03,7.446651657328417,7.4450084602369015,7.4,0.0016431970915151695,0.025394188328658605,0.06470760436397724,0.04665165732841636,0.06375823805493441,0.7316961502013444,0.0016816468943359197
EA,2022-04,7.443517378075749,7.45102752073068,7.5,-0.007510142654930441,0.025220967096916177,0.297773777907538,-0.05648262192425069,0.06365000250351273,0.8873938680698954,-0.007465861168361343
EA,2022-05,8.052418725738285,8.054656598345922,8.1,-0.0022378726076368594,0.02524617869368575,0.08864203310881925,-0.04758127426171477,0.0637425337727578,0.7464603530092176,-0.0021848025915911506
EA,2022-06,8.63705905258418,8.643156007172736,8.6,-0.006096954588556969,0.02528095315613692,0.2411679081441967,0.03705905258417985,0.06384227784885615,0.5804782321820591,-0.006035313228586858
EA,2022-07,8.858518958911539,8.85379277339078,8.9,0.0047261855207594294,0.025507771753348674,0.18528413875033883,-0.04148104108846162,0.06407341216753124,0.6473986585887158,0.0047891136217135255
EA,2022-08,9.14318658167379,9.133182305949683,9.1,0.010004275724107003,0.025459795785235932,0.39294406791386977,0.043186581673790414,0.06408225857614686,0.6739241505115368,0.010073569147028394
EA,2022-09,9.931053112268048,9.93353904581058,9.9,-0.002485933542532237,0.025267446383183293,0.09838483497037302,0.0310531122680473,0.06398858139331517,0.4852914628185739,-0.002403927819688789
EA,2022-10,10.619640829784522,10.61426217933632,10.6,0.0053786504482022934,0.02515494553103487,0.21382079486383276,0.01964082978452275,0.06401261907085203,0.3068274672964623,0.005476116820632981
EA,2022-11,10.053097790892974,10.051546391752586,10.1,0.0015513991403874883,0.024974838756597104,0.06211848474808215,-0.04690220910702614,0.06384870527423303,0.7345835582033976,0.001647660016065089
EA,2022-12,9.20322798460178,9.204386374241725,9.2,-0.0011583896399454119,0.02468845634596508,0.046920294396402454,0.0032279846017804203,0.06248568065930919,0.05165958932863943,-0.0010663573601004117
EA,2023-01,8.64498492234472,8.641544545243063,8.6,0.0034403771016577878,0.025397548372607593,0.13546099218648955,0.04498492234472096,0.06426986898795604,0.6999379810957912,0.0035314075603807282
EA,2023-02,8.500652102596085,8.503283788454885,8.5,-0.002631685858800026,0.02505768202969608,0.10502511188709282,6.521025960850579e-4,0.06402519098358625,0.010185094117911082,-0.00255945326402518
EA,2023-03,6.878941589818707,6.884139482564677,6.9,-0.005197892745970378,0.024135408907540713,0.21536377385950903,-0.021058410181293397,0.06327341474022233,0.3328160850453794,-0.005160772817817794
EA,2023-04,6.954446775410183,6.945531819706985,6.9,0.008914955703198224,0.023979047916491938,0.37178105378682835,0.054446775410182724,0.06318402284775292,0.8617174557146622,0.008939457640340542
EA,2023-05,6.103001578096247,6.100942872989457,6.1,0.002058705106790626,0.023697381857338277,0.08687479145098531,0.00300157809624757,0.06294336412398331,0.047686966497932685,0.002074466562773658
EA,2023-06,5.526742949098864,5.5237676056338225,5.5,0.002975343465041469,0.023466248705048272,0.12679246275956269,0.02674294909886399,0.06276695943779659,0.4260673025808559,0.0029802148398418993
EA,2023-07,5.3085859009262455,5.308859089909879,5.3,-2.731889836331547e-4,0.02362243906186149,0.01156480848221212,0.008585900926245671,0.06292274202482202,0.13645147445829156,-2.6847144957375946e-4
EA,2023-08,5.246239514672147,5.244182235332673,5.2,0.002057279339473972,0.023384980574708277,0.08797438735950867,0.0462395146721466,0.06274629909291504,0.736928158960816,0.002050209004806014
EA,2023-09,4.332685307387136,4.329051063370404,4.3,0.003634244016732069,0.022807294748015922,0.15934568553108314,0.03268530738713604,0.06224572287926309,0.5251012579697266,0.003612059446322924
EA,2023-10,2.8967381338989067,2.9042553191489295,2.9,-0.007517185250022873,0.02245116321444631,0.33482386539268055,-0.003261866101093247,0.061966547308283756,0.052639145519363106,-0.007554528914358816
EA,2023-11,2.3974981622236924,2.395145837768786,2.4,0.002352324454906185,0.02236437810799234,0.10518175124509885,-0.002501837776307525,0.06184701864945059,0.04045203521430778,0.0023213700966744355
EA,2023-12,2.923473704289033,2.927037709646396,2.9,-0.0035640053573633423,0.021806369044153822,0.1634387343508173,0.02347370428903295,0.06096740751711269,0.3850205420403387,-0.0035932400944060916
EA,2024-01,2.770826336274888,2.7727224065945855,2.8,-0.0018960703196975182,0.022323428659917578,0.08493633968969885,-0.029173663725111876,0.06176615054569154,0.4723244603616773,-0.0019274757809646381
EA,2024-02,2.581288699107948,2.5804396304555555,2.6,8.490686523923152e-4,0.022025566923897948,0.03854923032519393,-0.018711300892052307,0.06154357360206363,0.30403338312848466,8.258941891350347e-4
EA,2024-03,2.4281672636125,2.4310671437592024,2.4,-0.002899880146702394,0.021638336879499537,0.13401585171962918,0.028167263612500104,0.06124185547402649,0.45993485002175066,-0.0029138662023138195
EA,2024-04,2.3703371450049677,2.3739803388412417,2.4,-0.0036431938362739835,0.02148128892176245,0.16959847472574635,-0.029662854995032184,0.061146980929977446,0.4851074336605538,-0.0036507554071127934
EA,2024-05,2.565921049638707,2.5614218504965924,2.6,0.004499199142114385,0.02146198178088275,0.20963577306369932,-0.03407895036129327,0.061141564647572914,0.557377792958494,0.004491920695678164
EA,2024-06,2.5188214607288564,2.513034410844628,2.5,0.005787049884228512,0.021425209606665142,0.27010470331306474,0.018821460728856376,0.06112930806854848,0.3078958575443155,0.005782392251179047
EA,2024-07,2.5850570983736825,2.5884563197996036,2.6,-0.003399221425921084,0.021740243179237007,0.15635618230653034,-0.014942901626317617,0.06143764730611938,0.24322060302639972,-0.003404819887800059
EA,2024-08,2.1640234630233883,2.1696252465483346,2.2,-0.0056017835249462244,0.021619675617593877,0.25910580824753676,-0.03597653697661185,0.06135072625990544,0.5864076787648985,-0.005601909636797409
EA,2024-09,1.7424872623485128,1.74875827814569,1.7,-0.0062710157971772595,0.02132623192544261,0.2940517489963061,0.042487262348512855,0.061068378875095135,0.6957326055013388,-0.006267937384056177
EA,2024-10,2.005286155850755,2.0055825493642043,2,-2.963935134494555e-4,0.021263454605849906,0.013939104390305095,0.00528615585075487,0.0610290386944105,0.08661705908926624,-2.9246551373773855e-4
EA,2024-11,2.2420867990238462,2.2455556710676783,2.2,-0.003468872043832061,0.0212924110296513,0.16291588768417972,0.042086799023846044,0.06101268434012103,0.6898040871178387,-0.0034705004110389126
EA,2024-12,2.4367297663918674,2.4286455630513792,2.4,0.008084203340488205,0.021149830516860056,0.38223489942596484,0.036729766391867535,0.06064497086104701,0.6056523050530395,0.008084203340488205
EA,2025-01,2.5197424650610296,2.5208333333333277,2.5,-0.0010908682722980956,0.021561570749629434,0.05059317268510429,0.019742465061029613,0.061276083854138214,0.322188753250365,-0.0010908682722980956
EA,2025-02,2.3257896529162645,2.3188405797101463,2.3,0.00694907320611815,0.0213212161466654,0.3259229285194866,0.02578965291626467,0.061089991442106736,0.4221583979219378,0.00694907320611815
EA,2025-03,2.180214288442639,2.17815678619131,2.2,0.0020575022513291685,0.02099557578026626,0.09799694339714249,-0.019785711557361196,0.0608333581593989,0.3252444408135022,0.0020575022513291685
EA,2025-04,2.16625393040426,2.1656961896005855,2.2,5.577408036745446e-4,0.020858613633720293,0.02673911188291507,-0.033746069595740114,0.06075374141378092,0.5554566486021454,5.577408036745446e-4
EA,2025-05,1.8894505500005696,1.8960244648318136,1.9,-0.006573914831244032,0.02079660665132956,0.31610516761030105,-0.010549449999430305,0.06069889394072733,0.17379970728514224,-0.006573914831244032
EA,2025-06,1.9791874042508746,1.9835215135795004,2,-0.004334109328625768,0.02075653888185537,0.20880693805914302,-0.020812595749125418,0.060685073786192534,0.34296070599589246,-0.004334109328625768
EA,2025-07,2.033885458666927,2.0347949944043098,2,-9.095357373829493e-4,0.021014142204645272,0.043282077780071954,0.033885458666926827,0.06094358446321795,0.5560135486841629,-9.095357373829493e-4
EA,2025-08,2.046467489081722,2.042267831741529,2,0.00419965734019323,0.020983929823926727,0.20013683687621805,0.046467489081722047,0.06092757273894962,0.7626676559201977,0.00419965734019323
EA,2025-09,2.2302524442093454,2.2271941421743158,2.2,0.0030583020350296586,0.02076636596857829,0.14727189339035984,0.030252444209345253,0.06071009172595408,0.49830997366805285,0.0030583020350296586
EA,2025-10,2.099011106761929,2.0979020979020824,2.1,0.0011090088598466608,0.020627965751130378,0.05376239582838598,-9.888932380710536e-4,0.06059959441803091,0.01631847948105766,0.0011090088598466608
EA,2025-11,2.133343260499547,2.135231316725994,2.1,-0.0018880562264471656,0.020706318485889007,0.0911826130624738,0.03334326049954672,0.06064691102185579,0.5497932200954234,-0.0018880562264471656
EA,2025-12,1.9554387199767769,1.9657513425878959,2,-0.010312622611118982,0.02055033023255214,0.5018227198501939,-0.044561280023223127,0.06031799912742384,0.7387725167919761,-0.010312622611118982
EA,2026-01,1.6708835864207723,1.6764885185937661,1.7,-0.005604932172993848,0.02099419164439851,0.2669753743287996,-0.029116413579227673,0.060918255790733046,0.4779587531075848,-0.005610617302710397
EA,2026-02,1.8933542819595022,1.8919465803318491,1.9,0.001407701627653024,0.02079181060109172,0.067704619605332,-0.006645718040497739,0.06077029916768828,0.10935799447291983,0.001408601596667225
EA,2026-03,2.5578339957939873,2.554047259929604,2.6,0.0037867358643834947,0.02054983622620826,0.18427085367980095,-0.0421660042060128,0.06062332143140045,0.695540976812473,0.0038004758985992204
EA,2026-04,3.027343871620325,3.029697030296963,3,-0.0023531586766378787,0.020473442537316467,0.11493712756654535,0.027343871620324922,0.06062567684961089,0.4510278984291525,-0.002329020490953404
EA,2026-05,3.1688629686550573,3.171268507402969,3.2,-0.0024055387479116064,0.020497939321459865,0.1173551502024977,-0.031137031344942834,0.06065232394692481,0.5133691393620795,-0.002380512188361106
EA,2026-06,2.7541857062198782,2.752842609216022,2.8,0.001343097003856375,0.02041414877170104,0.06579245693154902,-0.045814293780121584,0.060577500497605796,0.7562922438824016,0.001367018377234519
EA,2026-07,2.950632965558272,2.9414697377604826,2.9,0.009163227797789553,0.0206645407723412,0.44342760377497614,0.050632965558272236,0.06084101879471031,0.8322175821729404,0.00918936239534851
EA,2026-08,3.242298367998041,3.2460420193169304,3.2,-0.0037436513188895404,0.02067156908064996,0.18110145893055893,0.042298367998040654,0.06087561939991731,0.694832650821424,-0.0037131303849213815
