variant,geo,month,headline,weighted_sum,residual,residual_norm_sum_w
V1,AL,2016-12,2.5,2.506035,0.0060349999999997905,0.006009939900601058
V1,AL,2017-01,4,4.034741,0.034741000000000355,0.034741000000000355
V1,AL,2017-02,3.7,3.905279,0.205279,0.205279
V1,AL,2017-03,3.8,4.002778,0.20277800000000035,0.20277800000000035
V1,AL,2017-04,3.6,3.756702,0.15670200000000012,0.15670200000000012
V1,AL,2017-05,3.4,3.449763,0.049763,0.049763
V1,AL,2017-06,3.7,3.751679,0.05167900000000003,0.05167900000000003
V1,AL,2017-07,3,2.982068,-0.01793200000000006,-0.01793200000000006
V1,AL,2017-08,2.6,2.6359749999999997,0.035974999999999646,0.035974999999999646
V1,AL,2017-09,2.7,2.6014470000000003,-0.09855299999999989,-0.09855299999999989
V1,AL,2017-10,3.2,3.101556,-0.0984440000000002,-0.0984440000000002
V1,AL,2017-11,2.4,2.391384,-0.008615999999999957,-0.008615999999999957
V1,AL,2017-12,2.4,2.418355,0.01835500000000012,0.01835500000000012
V1,AL,2018-01,1.7,1.722323,0.022323000000000093,0.022374671240137145
V1,AL,2018-02,1.6,1.690971,0.09097099999999991,0.09102173065191965
V1,AL,2018-03,1.4,1.4164290000000002,0.01642900000000025,0.016471494144824517
V1,AL,2018-04,1.7,1.7174760000000002,0.01747600000000027,0.017527525825774992
V1,AL,2018-05,1.8,1.8182180000000001,0.018218000000000067,0.018272548176445413
V1,AL,2018-06,2.1,2.1064360000000004,0.00643600000000033,0.006499194975849498
V1,AL,2018-07,2.3,2.296876,-0.0031239999999996826,-0.003055091652749642
V1,AL,2018-08,2.1,2.0474880000000004,-0.05251199999999967,-0.05245057351720561
V1,AL,2018-09,1.9,1.8690740000000003,-0.030925999999999565,-0.03086992609778272
V1,AL,2018-10,1.3,1.2637100000000001,-0.03628999999999993,-0.03625208756262688
V1,AL,2018-11,1.4,1.406949,0.006949000000000094,0.006991209736292081
V1,AL,2018-12,1.8,1.800496,4.96000000000052e-4,5.500165004950208e-4
V1,AL,2019-01,2.4,2.49257,0.09257000000000026,0.09257000000000026
V1,AL,2019-02,2.3,2.392176,0.09217600000000026,0.09217600000000026
V1,AL,2019-03,1.5,1.6106110000000002,0.11061100000000024,0.11061100000000024
V1,AL,2019-04,1.6,1.6787720000000002,0.07877200000000006,0.07877200000000006
V1,AL,2019-05,1.7,1.6931910000000001,-0.006808999999999843,-0.006808999999999843
V1,AL,2019-06,1.5,1.574034,0.07403399999999993,0.07403399999999993
V1,AL,2019-07,1.5,1.572354,0.07235400000000003,0.07235400000000003
V1,AL,2019-08,1.5,1.5577180000000002,0.05771800000000016,0.05771800000000016
V1,AL,2019-09,1.4,1.478601,0.07860100000000014,0.07860100000000014
V1,AL,2019-10,1.6,1.6304610000000002,0.03046100000000007,0.03046100000000007
V1,AL,2019-11,1.8,1.857822,0.05782200000000004,0.05782200000000004
V1,AL,2019-12,1.4,1.446734,0.04673400000000005,0.04673400000000005
V1,AL,2020-01,1.6,1.5957700000000001,-0.004229999999999956,-0.004229999999999956
V1,AL,2020-02,1.4,1.419708,0.01970800000000006,0.01970800000000006
V1,AL,2020-03,2.6,2.619518,0.019517999999999702,0.019517999999999702
V1,AL,2020-04,2.3,2.3084589999999996,0.008458999999999772,0.008458999999999772
V1,AL,2020-05,2.8,2.7611950000000003,-0.038804999999999534,-0.038804999999999534
V1,AL,2020-06,2.2,2.221718,0.021717999999999904,0.021717999999999904
V1,AL,2020-07,2.2,2.154607,-0.04539300000000024,-0.04539300000000024
V1,AL,2020-08,2.1,2.0459009999999997,-0.05409900000000034,-0.05409900000000034
V1,AL,2020-09,2.3,2.3307409999999997,0.030740999999999907,0.030740999999999907
V1,AL,2020-10,2.9,2.8911369999999996,-0.008863000000000287,-0.008863000000000287
V1,AL,2020-11,2.2,2.178731,-0.021269000000000204,-0.021269000000000204
V1,AL,2020-12,1.5,1.515889,0.015889000000000042,0.015889000000000042
V1,AL,2021-01,0.6,0.56057,-0.039429999999999965,-0.039429999999999965
V1,AL,2021-02,1.3,1.3386889999999998,0.03868899999999975,0.03868899999999975
V1,AL,2021-03,1.4,1.377472,-0.02252799999999988,-0.02252799999999988
V1,AL,2021-04,2.1,2.072155,-0.02784500000000012,-0.02784500000000012
V1,AL,2021-05,2.3,2.319029,0.019029000000000185,0.019029000000000185
V1,AL,2021-06,2.1,2.120832,0.02083199999999996,0.02083199999999996
V1,AL,2021-07,2.7,2.644447,-0.055553000000000186,-0.055553000000000186
V1,AL,2021-08,2.7,2.648289,-0.05171100000000006,-0.05171100000000006
V1,AL,2021-09,2.6,2.641182,0.04118200000000005,0.04118200000000005
V1,AL,2021-10,2.5,2.478872,-0.021128000000000036,-0.021128000000000036
V1,AL,2021-11,3.3,3.3093850000000002,0.00938500000000042,0.00938500000000042
V1,AL,2021-12,3.8,3.809932,0.009932000000000052,0.009932000000000052
V1,AL,2022-01,3.8,3.807281,0.007281000000000315,0.007281000000000315
V1,AL,2022-02,4,4.01964,0.01963999999999988,0.01963999999999988
V1,AL,2022-03,5.7,5.716368,0.016367999999999938,0.016367999999999938
V1,AL,2022-04,6.1,6.194373,0.09437300000000004,0.09437300000000004
V1,AL,2022-05,6,6.032251,0.032250999999999586,0.032250999999999586
V1,AL,2022-06,6.6,6.627264,0.02726400000000062,0.02726400000000062
V1,AL,2022-07,7.2,7.1889140000000005,-0.011085999999999707,-0.011085999999999707
V1,AL,2022-08,7.7,7.725078,0.02507799999999971,0.02507799999999971
V1,AL,2022-09,7.9,7.885884999999999,-0.01411500000000121,-0.01411500000000121
V1,AL,2022-10,8,8.045539999999999,0.045539999999999026,0.045539999999999026
V1,AL,2022-11,8,7.997375000000001,-0.0026249999999992113,-0.0026249999999992113
V1,AL,2022-12,7.5,7.532921999999999,0.03292199999999923,0.03292199999999923
V1,AL,2023-01,7.1,6.828862,-0.27113799999999966,-0.27113799999999966
V1,AL,2023-02,6.8,6.806258,0.006257999999999875,0.006257999999999875
V1,AL,2023-03,5.5,5.504581999999999,0.004581999999999198,0.004581999999999198
V1,AL,2023-04,5,4.939381,-0.06061899999999998,-0.06061899999999998
V1,AL,2023-05,5.6,5.705272,0.10527200000000025,0.10527200000000025
V1,AL,2023-06,5.8,6.0336739999999995,0.23367399999999972,0.23367399999999972
V1,AL,2023-07,5,5.197957,0.19795699999999972,0.19795699999999972
V1,AL,2023-08,4.7,4.553769999999999,-0.14623000000000097,-0.14623000000000097
V1,AL,2023-09,4.9,4.788951,-0.1110490000000004,-0.1110490000000004
V1,AL,2023-10,4.7,4.798965999999999,0.098965999999999,0.098965999999999
V1,AL,2023-11,4.5,4.4815119999999995,-0.018488000000000504,-0.018488000000000504
V1,AL,2023-12,4.5,4.5068459999999995,0.006845999999999464,0.006845999999999464
V1,AL,2024-01,3.8,3.692053,-0.1079469999999998,-0.10798392016079816
V1,AL,2024-02,2.8,2.627578,-0.17242199999999963,-0.17244827551724473
V1,AL,2024-03,2.4,2.379577,-0.02042300000000008,-0.020446795532044426
V1,AL,2024-04,2.3,2.258925,-0.04107499999999975,-0.04109758902410965
V1,AL,2024-05,2.5,2.4574480000000003,-0.0425519999999997,-0.042576574234257425
V1,AL,2024-06,2.5,2.625117,0.12511699999999992,0.12509074909250906
V1,AL,2024-07,2.5,2.565064,0.06506400000000001,0.06503834961650368
V1,AL,2024-08,2.4,2.463544,0.06354400000000027,0.06351936480635212
V1,AL,2024-09,2.3,2.424845,0.1248450000000001,0.1248207517924822
V1,AL,2024-10,2.3,2.3362420000000004,0.03624200000000055,0.03621863781362222
V1,AL,2024-11,2.4,2.4132510000000003,0.013251000000000346,0.013226867731322756
V1,AL,2024-12,2.5,2.4341600000000003,-0.06583999999999968,-0.06586434135658648
V1,AL,2025-01,2.4,2.490179,0.09017900000000001,0.09015409845901567
V1,AL,2025-02,2.4,2.485624,0.08562400000000014,0.08559914400855995
V1,AL,2025-03,2.5,2.566191,0.06619099999999989,0.06616533834661631
V1,AL,2025-04,2.6,2.632516,0.03251599999999977,0.03248967510324885
V1,AL,2025-05,2.3,2.315865,0.01586500000000024,0.015841841581584415
V1,AL,2025-06,2.5,2.491131,-0.008868999999999794,-0.008893911060889437
V1,AL,2025-07,2.4,2.461022,0.06102199999999991,0.06099739002609983
V1,AL,2025-08,2.3,2.3149379999999997,0.014937999999999896,0.014914850851491579
V1,AL,2025-09,2.3,2.259903,-0.04009699999999983,-0.04011959880401195
V1,AL,2025-10,2.2,2.161149,-0.03885100000000019,-0.038872611273887525
V1,AL,2025-11,2.1,2.124756,0.024756,0.02473475265247327
V1,AL,2025-12,2.1,2.150346,0.05034599999999978,0.05032449675503248
V1,AL,2026-01,2.3,2.310968,0.010968000000000089,0.010968000000000089
V1,AL,2026-02,2.5,2.456019,-0.04398100000000005,-0.04398100000000005
V1,AL,2026-03,2.5,2.546663,0.04666300000000012,0.04666300000000012
V1,AL,2026-04,2.8,2.739305,-0.06069499999999994,-0.06069499999999994
V1,AL,2026-05,3.3,3.2503589999999996,-0.04964100000000027,-0.04964100000000027
V1,AL,2026-06,3.2,3.158655,-0.04134500000000019,-0.04134500000000019
V1,AL,2026-07,3.4,3.356404,-0.04359599999999997,-0.04359599999999997
V1,AL,2026-08,3,2.984283,-0.01571699999999998,-0.01571699999999998
V1,EA,1997-01,2.1,2.056305,-0.04369500000000004,-0.04367443674436755
V1,EA,1997-02,1.8,1.831061,0.031061000000000005,0.031079310793107995
V1,EA,1997-03,1.5,1.565531,0.065531,0.06554665546655469
V1,EA,1997-04,1.3,1.300052,5.199999999994098e-5,6.500065000647481e-5
V1,EA,1997-05,1.4,1.359976,-0.04002399999999984,-0.04001040010400092
V1,EA,1997-06,1.4,1.375971,-0.024028999999999856,-0.024015240152401418
V1,EA,1997-07,1.5,1.499855,-1.4500000000006175e-4,-1.3000130001294963e-4
V1,EA,1997-08,1.7,1.697543,-0.0024569999999999315,-0.002440024400244045
V1,EA,1997-09,1.6,1.560967,-0.039033000000000095,-0.03901739017390171
V1,EA,1997-10,1.5,1.5241719999999999,0.02417199999999986,0.02418724187241872
V1,EA,1997-11,1.6,1.624074,0.02407399999999993,0.024090240902408855
V1,EA,1997-12,1.5,1.469438,-0.030561999999999978,-0.03054730547305473
V1,EA,1998-01,1.1,1.078879,-0.021121000000000167,-0.021099421988439948
V1,EA,1998-02,1.1,1.115213,0.015212999999999921,0.015235304706094022
V1,EA,1998-03,1.1,1.141499,0.04149899999999995,0.04152183043660873
V1,EA,1998-04,1.4,1.396116,-0.0038839999999999986,-0.003856077121542345
V1,EA,1998-05,1.3,1.314599,0.014599000000000029,0.014625292505850096
V1,EA,1998-06,1.3,1.3485619999999998,0.04856199999999977,0.04858897177943544
V1,EA,1998-07,1.3,1.290958,-0.009041999999999994,-0.009016180323606626
V1,EA,1998-08,1.1,1.138688,0.038687999999999834,0.03871077421548419
V1,EA,1998-09,1,0.985124,-0.014876,-0.014856297125942497
V1,EA,1998-10,0.9,0.9352119999999999,0.03521199999999991,0.03523070461409228
V1,EA,1998-11,0.8,0.797208,-0.0027920000000000167,-0.0027760555211104876
V1,EA,1998-12,0.8,0.734838,-0.06516200000000005,-0.06514730294605897
V1,EA,1999-01,0.8,0.7412030000000001,-0.05879699999999999,-0.05878217564351296
V1,EA,1999-02,0.7,0.717205,0.017205000000000026,0.01721934438688777
V1,EA,1999-03,0.9,0.926025,0.026024999999999965,0.02604352087041739
V1,EA,1999-04,1.1,1.056287,-0.04371300000000011,-0.04369187383747675
V1,EA,1999-05,0.9,0.9554450000000001,0.05544500000000008,0.0554641092821857
V1,EA,1999-06,0.9,0.887128,-0.012871999999999995,-0.012854257085141763
V1,EA,1999-07,1,1.002433,0.0024329999999999075,0.002453049060981094
V1,EA,1999-08,1.1,1.088586,-0.011414000000000035,-0.011392227844557068
V1,EA,1999-09,1.2,1.241131,0.04113100000000003,0.041155823116462376
V1,EA,1999-10,1.3,1.298155,-0.0018450000000000966,-0.0018190363807277787
V1,EA,1999-11,1.4,1.449124,0.04912400000000017,0.049152983059661315
V1,EA,1999-12,1.7,1.7325819999999998,0.03258199999999989,0.03261665233304667
V1,EA,2000-01,1.9,1.8692689999999998,-0.030731000000000064,-0.030731000000000064
V1,EA,2000-02,1.9,1.962874,0.0628740000000001,0.0628740000000001
V1,EA,2000-03,2,2.0236929999999997,0.023692999999999742,0.023692999999999742
V1,EA,2000-04,1.7,1.7658659999999997,0.06586599999999976,0.06586599999999976
V1,EA,2000-05,1.7,1.7975599999999998,0.09755999999999987,0.09755999999999987
V1,EA,2000-06,2.1,2.173069,0.07306899999999983,0.07306899999999983
V1,EA,2000-07,2.1,2.08376,-0.016240000000000254,-0.016240000000000254
V1,EA,2000-08,2.1,2.059169,-0.040831000000000284,-0.040831000000000284
V1,EA,2000-09,2.4,2.408142,0.008141999999999872,0.008141999999999872
V1,EA,2000-10,2.4,2.3878269999999997,-0.012173000000000211,-0.012173000000000211
V1,EA,2000-11,2.4,2.458643,0.058643,0.058643
V1,EA,2000-12,2.5,2.485597,-0.014403000000000166,-0.014403000000000166
V1,EA,2001-01,2,2.0062930000000003,0.006293000000000326,0.006293000000000326
V1,EA,2001-02,2,1.9597500000000003,-0.040249999999999675,-0.040249999999999675
V1,EA,2001-03,2.2,2.1980120000000003,-0.0019879999999998788,-0.0019879999999998788
V1,EA,2001-04,2.7,2.70846,0.008459999999999912,0.008459999999999912
V1,EA,2001-05,3.1,3.0783660000000004,-0.02163399999999971,-0.02163399999999971
V1,EA,2001-06,2.9,2.8418270000000003,-0.058172999999999586,-0.058172999999999586
V1,EA,2001-07,2.5,2.45823,-0.041770000000000085,-0.041770000000000085
V1,EA,2001-08,2.3,2.2908660000000003,-0.009133999999999531,-0.009133999999999531
V1,EA,2001-09,2.2,2.1854530000000003,-0.014546999999999866,-0.014546999999999866
V1,EA,2001-10,2.2,2.234074,0.03407399999999994,0.03407399999999994
V1,EA,2001-11,2,1.975408,-0.024591999999999947,-0.024591999999999947
V1,EA,2001-12,2,2.0482970000000003,0.048297000000000256,0.048297000000000256
V1,EA,2002-01,2.6,2.6303620000000003,0.030362000000000222,0.030362000000000222
V1,EA,2002-02,2.5,2.498948,-0.001052000000000053,-0.001052000000000053
V1,EA,2002-03,2.5,2.5459810000000003,0.04598100000000027,0.04598100000000027
V1,EA,2002-04,2.4,2.350452,-0.0495479999999997,-0.0495479999999997
V1,EA,2002-05,2.1,2.0908,-0.009199999999999875,-0.009199999999999875
V1,EA,2002-06,1.9,1.872452,-0.027547999999999906,-0.027547999999999906
V1,EA,2002-07,2,2.008079,0.008078999999999947,0.008078999999999947
V1,EA,2002-08,2.1,2.156022,0.056022000000000016,0.056022000000000016
V1,EA,2002-09,2.1,2.140454,0.04045399999999999,0.04045399999999999
V1,EA,2002-10,2.3,2.291808,-0.008191999999999755,-0.008191999999999755
V1,EA,2002-11,2.3,2.25976,-0.04023999999999983,-0.04023999999999983
V1,EA,2002-12,2.3,2.2938620000000003,-0.006137999999999533,-0.006137999999999533
V1,EA,2003-01,2.1,2.113599,0.013598999999999695,0.01357786422135776
V1,EA,2003-02,2.4,2.35702,-0.04298000000000002,-0.043003569964300326
V1,EA,2003-03,2.4,2.359354,-0.04064599999999974,-0.04066959330406705
V1,EA,2003-04,2.1,2.071683,-0.028316999999999926,-0.02833771662283402
V1,EA,2003-05,1.8,1.8205250000000002,0.020525000000000126,0.020506794932050765
V1,EA,2003-06,2,1.98727,-0.012729999999999908,-0.012749872501274906
V1,EA,2003-07,1.9,1.916962,0.016962000000000144,0.016942830571694323
V1,EA,2003-08,2,1.996909,-0.003090999999999955,-0.003110968890311039
V1,EA,2003-09,2.1,2.117219,0.017218999999999873,0.01719782802171954
V1,EA,2003-10,2,2.036702,0.03670200000000001,0.03668163318366835
V1,EA,2003-11,2.2,2.161952,-0.038048000000000304,-0.038069619303807034
V1,EA,2003-12,2,1.9839550000000001,-0.016044999999999865,-0.01606483935160652
V1,EA,2004-01,1.8,1.794074,-0.005926000000000098,-0.005926000000000098
V1,EA,2004-02,1.6,1.662673,0.06267299999999998,0.06267299999999998
V1,EA,2004-03,1.7,1.698675,-0.0013250000000000206,-0.0013250000000000206
V1,EA,2004-04,2.1,2.065485,-0.034515000000000295,-0.034515000000000295
V1,EA,2004-05,2.4,2.466426,0.06642599999999987,0.06642599999999987
V1,EA,2004-06,2.4,2.361264,-0.038736000000000104,-0.038736000000000104
V1,EA,2004-07,2.3,2.2957940000000003,-0.004205999999999488,-0.004205999999999488
V1,EA,2004-08,2.4,2.354538,-0.04546200000000011,-0.04546200000000011
V1,EA,2004-09,2.1,2.116188,0.01618800000000009,0.01618800000000009
V1,EA,2004-10,2.4,2.372341,-0.027658999999999878,-0.027658999999999878
V1,EA,2004-11,2.3,2.228831,-0.07116899999999982,-0.07116899999999982
V1,EA,2004-12,2.3,2.324109,0.024109000000000158,0.024109000000000158
V1,EA,2005-01,1.9,1.928443,0.028442999999999996,0.028442999999999996
V1,EA,2005-02,2.1,2.035936,-0.06406400000000012,-0.06406400000000012
V1,EA,2005-03,2.2,2.188153,-0.011847000000000385,-0.011847000000000385
V1,EA,2005-04,2.1,2.094702,-0.005298000000000247,-0.005298000000000247
V1,EA,2005-05,2,1.977453,-0.022547000000000095,-0.022547000000000095
V1,EA,2005-06,2,2.036508,0.036507999999999985,0.036507999999999985
V1,EA,2005-07,2.1,2.131037,0.03103699999999998,0.03103699999999998
V1,EA,2005-08,2.2,2.187969,-0.012031000000000347,-0.012031000000000347
V1,EA,2005-09,2.6,2.595793,-0.004207000000000072,-0.004207000000000072
V1,EA,2005-10,2.4,2.421886,0.021886000000000294,0.021886000000000294
V1,EA,2005-11,2.3,2.298319,-0.0016810000000000436,-0.0016810000000000436
V1,EA,2005-12,2.2,2.264838,0.06483799999999995,0.06483799999999995
V1,EA,2006-01,2.4,2.438173,0.03817300000000001,0.03817300000000001
V1,EA,2006-02,2.4,2.346371,-0.05362899999999993,-0.05362899999999993
V1,EA,2006-03,2.2,2.1909009999999998,-0.009099000000000412,-0.009099000000000412
V1,EA,2006-04,2.4,2.434193,0.03419300000000014,0.03419300000000014
V1,EA,2006-05,2.5,2.5097579999999997,0.009757999999999711,0.009757999999999711
V1,EA,2006-06,2.5,2.45539,-0.04461000000000004,-0.04461000000000004
V1,EA,2006-07,2.4,2.427909,0.027909000000000184,0.027909000000000184
V1,EA,2006-08,2.3,2.282799,-0.017201000000000022,-0.017201000000000022
V1,EA,2006-09,1.8,1.779496,-0.020504000000000078,-0.020504000000000078
V1,EA,2006-10,1.6,1.5890959999999998,-0.010904000000000247,-0.010904000000000247
V1,EA,2006-11,1.9,1.845601,-0.054398999999999864,-0.054398999999999864
V1,EA,2006-12,1.9,1.888202,-0.011797999999999975,-0.011797999999999975
V1,EA,2007-01,1.8,1.798262,-0.0017380000000000173,-0.0017380000000000173
V1,EA,2007-02,1.9,1.816956,-0.0830439999999999,-0.0830439999999999
V1,EA,2007-03,1.9,1.9254950000000002,0.025495000000000267,0.025495000000000267
V1,EA,2007-04,1.9,1.8908,-0.009199999999999875,-0.009199999999999875
V1,EA,2007-05,1.9,1.869714,-0.030285999999999813,-0.030285999999999813
V1,EA,2007-06,1.9,1.882439,-0.017560999999999938,-0.017560999999999938
V1,EA,2007-07,1.8,1.750615,-0.04938500000000001,-0.04938500000000001
V1,EA,2007-08,1.7,1.702388,0.0023880000000000567,0.0023880000000000567
V1,EA,2007-09,2.1,2.09699,-0.003010000000000179,-0.003010000000000179
V1,EA,2007-10,2.5,2.557188,0.05718800000000002,0.05718800000000002
V1,EA,2007-11,3,3.0453840000000003,0.04538400000000031,0.04538400000000031
V1,EA,2007-12,3.1,3.078605,-0.021395000000000053,-0.021395000000000053
V1,EA,2008-01,3.2,3.188256,-0.011744000000000199,-0.01171211712117115
V1,EA,2008-02,3.3,3.254829,-0.04517099999999985,-0.04513845138451389
V1,EA,2008-03,3.6,3.579991,-0.020008999999999943,-0.01997319973199696
V1,EA,2008-04,3.3,3.273017,-0.02698299999999998,-0.026950269502694635
V1,EA,2008-05,3.7,3.6632919999999998,-0.03670800000000041,-0.03667136671366755
V1,EA,2008-06,4,3.961471,-0.038529000000000035,-0.03848938489384901
V1,EA,2008-07,4.1,4.045482,-0.054517999999999844,-0.054477544775447306
V1,EA,2008-08,3.8,3.8372680000000003,0.03726800000000052,0.03730637306373108
V1,EA,2008-09,3.7,3.643671,-0.056329000000000296,-0.05629256292562923
V1,EA,2008-10,3.2,3.166785,-0.03321500000000022,-0.03318333183331834
V1,EA,2008-11,2.1,2.125735,0.025735000000000063,0.025756257562575602
V1,EA,2008-12,1.6,1.5663040000000001,-0.03369599999999995,-0.033680336803368016
V1,EA,2009-01,1.1,1.132115,0.032114999999999894,0.032126321263212576
V1,EA,2009-02,1.2,1.205901,0.005900999999999934,0.005913059130591369
V1,EA,2009-03,0.6,0.6103259999999999,0.010325999999999946,0.010332103321033292
V1,EA,2009-04,0.6,0.6676719999999999,0.06767199999999995,0.06767867678676798
V1,EA,2009-05,0,0.07038299999999992,0.07038299999999992,0.07038370383703833
V1,EA,2009-06,-0.1,-0.08328800000000013,0.01671199999999988,0.016711167111671033
V1,EA,2009-07,-0.7,-0.5942470000000001,0.10575299999999987,0.10574705747057456
V1,EA,2009-08,-0.2,-0.13250700000000007,0.06749299999999994,0.06749167491674918
V1,EA,2009-09,-0.3,-0.30867400000000006,-0.00867400000000007,-0.008677086770867815
V1,EA,2009-10,-0.1,-0.10605,-0.00605,-0.006051060510605111
V1,EA,2009-11,0.5,0.4540179999999999,-0.04598200000000008,-0.04597745977459777
V1,EA,2009-12,0.9,0.934848,0.03484799999999999,0.03485734857348577
V1,EA,2010-01,1,0.950143,-0.04985700000000004,-0.04985700000000004
V1,EA,2010-02,0.8,0.8582850000000001,0.05828500000000003,0.05828500000000003
V1,EA,2010-03,1.6,1.607024,0.007023999999999919,0.007023999999999919
V1,EA,2010-04,1.6,1.63752,0.03752,0.03752
V1,EA,2010-05,1.7,1.721987,0.02198699999999998,0.02198699999999998
V1,EA,2010-06,1.5,1.493813,-0.0061869999999999425,-0.0061869999999999425
V1,EA,2010-07,1.7,1.7291020000000001,0.029102000000000183,0.029102000000000183
V1,EA,2010-08,1.6,1.5678070000000002,-0.032192999999999916,-0.032192999999999916
V1,EA,2010-09,1.9,1.8680750000000002,-0.03192499999999976,-0.03192499999999976
V1,EA,2010-10,1.9,1.9346210000000001,0.034621000000000235,0.034621000000000235
V1,EA,2010-11,1.9,1.919114,0.019114000000000075,0.019114000000000075
V1,EA,2010-12,2.2,2.217048,0.017047999999999952,0.017047999999999952
V1,EA,2011-01,2.3,2.306209,0.006209000000000131,0.006232062320623566
V1,EA,2011-02,2.4,2.430125,0.030124999999999957,0.0301493014930152
V1,EA,2011-03,2.7,2.677298,-0.022702000000000222,-0.02267522675226763
V1,EA,2011-04,2.8,2.827194,0.027194000000000162,0.027222272222722665
V1,EA,2011-05,2.7,2.714781,0.014780999999999711,0.014808148081480343
V1,EA,2011-06,2.7,2.71138,0.011379999999999946,0.0114071140711407
V1,EA,2011-07,2.5,2.548908,0.04890799999999995,0.04893348933489339
V1,EA,2011-08,2.5,2.5386159999999998,0.03861599999999976,0.038641386413864165
V1,EA,2011-09,3,2.975839,-0.024160999999999877,-0.024131241312412843
V1,EA,2011-10,3,3.034607,0.03460699999999983,0.03463734637346372
V1,EA,2011-11,3,3.024723,0.02472299999999983,0.02475324753247543
V1,EA,2011-12,2.8,2.74456,-0.055439999999999934,-0.055412554125541025
V1,EA,2012-01,2.7,2.633763,-0.0662370000000001,-0.0662370000000001
V1,EA,2012-02,2.7,2.7507960000000002,0.05079600000000006,0.05079600000000006
V1,EA,2012-03,2.7,2.679995,-0.020005000000000273,-0.020005000000000273
V1,EA,2012-04,2.6,2.563896,-0.036103999999999914,-0.036103999999999914
V1,EA,2012-05,2.4,2.435811,0.03581100000000026,0.03581100000000026
V1,EA,2012-06,2.4,2.362422,-0.03757799999999989,-0.03757799999999989
V1,EA,2012-07,2.4,2.447511,0.04751100000000008,0.04751100000000008
V1,EA,2012-08,2.6,2.6380500000000002,0.03805000000000014,0.03805000000000014
V1,EA,2012-09,2.6,2.601605,0.0016050000000000786,0.0016050000000000786
V1,EA,2012-10,2.5,2.501602,0.0016020000000001033,0.0016020000000001033
V1,EA,2012-11,2.2,2.192805,-0.0071950000000002845,-0.0071950000000002845
V1,EA,2012-12,2.2,2.232033,0.032032999999999756,0.032032999999999756
V1,EA,2013-01,2,1.983433,-0.016567,-0.016586834131658623
V1,EA,2013-02,1.9,1.818505,-0.08149499999999987,-0.08151318486815118
V1,EA,2013-03,1.7,1.757634,0.05763399999999996,0.05761642383576171
V1,EA,2013-04,1.2,1.195629,-0.004370999999999903,-0.004382956170438268
V1,EA,2013-05,1.4,1.437244,0.037244000000000055,0.03722962770372318
V1,EA,2013-06,1.6,1.63122,0.031219999999999803,0.03120368796312034
V1,EA,2013-07,1.6,1.5694890000000001,-0.030510999999999955,-0.030526694733052695
V1,EA,2013-08,1.3,1.321888,0.021887999999999908,0.021874781252187336
V1,EA,2013-09,1.1,1.096183,-0.0038170000000001814,-0.003827961720382911
V1,EA,2013-10,0.7,0.7366739999999999,0.036673999999999984,0.03666663333366671
V1,EA,2013-11,0.9,0.87529,-0.02471000000000001,-0.024718752812471934
V1,EA,2013-12,0.8,0.840867,0.04086699999999999,0.040858591414085876
V1,EA,2014-01,0.8,0.747553,-0.05244700000000002,-0.05244700000000002
V1,EA,2014-02,0.7,0.685372,-0.014627999999999974,-0.014627999999999974
V1,EA,2014-03,0.5,0.46563099999999996,-0.03436900000000004,-0.03436900000000004
V1,EA,2014-04,0.7,0.713746,0.013746000000000036,0.013746000000000036
V1,EA,2014-05,0.5,0.49526400000000004,-0.0047359999999999625,-0.0047359999999999625
V1,EA,2014-06,0.5,0.493986,-0.006014000000000019,-0.006014000000000019
V1,EA,2014-07,0.4,0.33446300000000007,-0.06553699999999996,-0.06553699999999996
V1,EA,2014-08,0.4,0.361283,-0.038717,-0.038717
V1,EA,2014-09,0.3,0.331901,0.03190100000000001,0.03190100000000001
V1,EA,2014-10,0.4,0.404849,0.004848999999999992,0.004848999999999992
V1,EA,2014-11,0.3,0.29808500000000004,-0.0019149999999999445,-0.0019149999999999445
V1,EA,2014-12,-0.2,-0.17521400000000004,0.024785999999999975,0.024785999999999975
V1,EA,2015-01,-0.6,-0.6245529999999999,-0.024552999999999936,-0.024552999999999936
V1,EA,2015-02,-0.3,-0.30384200000000006,-0.0038420000000000676,-0.0038420000000000676
V1,EA,2015-03,-0.1,-0.05852400000000002,0.041475999999999985,0.041475999999999985
V1,EA,2015-04,0.2,0.23432,0.03431999999999999,0.03431999999999999
V1,EA,2015-05,0.6,0.607689,0.007689000000000057,0.007689000000000057
V1,EA,2015-06,0.5,0.51851,0.018510000000000026,0.018510000000000026
V1,EA,2015-07,0.6,0.529207,-0.070793,-0.070793
V1,EA,2015-08,0.4,0.407477,0.007476999999999956,0.007476999999999956
V1,EA,2015-09,0.2,0.21631800000000004,0.016318000000000027,0.016318000000000027
V1,EA,2015-10,0.4,0.4123,0.012299999999999978,0.012299999999999978
V1,EA,2015-11,0.1,0.121834,0.021833999999999992,0.021833999999999992
V1,EA,2015-12,0.2,0.237925,0.037924999999999986,0.037924999999999986
V1,EA,2016-01,0.3,0.32121799999999995,0.02121799999999996,0.021221212212122142
V1,EA,2016-02,-0.1,-0.121431,-0.02143099999999999,-0.02143221432214322
V1,EA,2016-03,0,-0.015405000000000047,-0.015405000000000047,-0.015405154051540585
V1,EA,2016-04,-0.3,-0.23476100000000005,0.06523899999999994,0.06523665236652357
V1,EA,2016-05,-0.1,-0.11240700000000002,-0.012407000000000015,-0.012408124081240812
V1,EA,2016-06,0.1,0.05195699999999996,-0.048043000000000044,-0.048042480424804294
V1,EA,2016-07,0.2,0.17503699999999991,-0.024963000000000096,-0.02496124961249621
V1,EA,2016-08,0.2,0.20501399999999995,0.005013999999999935,0.005016050160501606
V1,EA,2016-09,0.4,0.38299,-0.017010000000000025,-0.01700617006170063
V1,EA,2016-10,0.5,0.508943,0.008943000000000034,0.008948089480894872
V1,EA,2016-11,0.6,0.60124,0.0012400000000000189,0.0012460124601246791
V1,EA,2016-12,1.1,1.096926,-0.003074000000000021,-0.0030630306303063293
V1,EA,2017-01,1.7,1.7503060000000001,0.050306000000000184,0.05032350323503243
V1,EA,2017-02,2,1.946074,-0.05392599999999992,-0.05390653906539056
V1,EA,2017-03,1.5,1.548282,0.048281999999999936,0.04829748297482972
V1,EA,2017-04,1.9,1.905212,0.005211999999999994,0.00523105231052301
V1,EA,2017-05,1.4,1.401361,0.0013610000000001676,0.0013750137501375992
V1,EA,2017-06,1.3,1.289042,-0.010958000000000023,-0.010945109451094615
V1,EA,2017-07,1.3,1.343846,0.04384600000000005,0.04385943859438601
V1,EA,2017-08,1.5,1.531786,0.03178600000000009,0.0318013180131802
V1,EA,2017-09,1.6,1.556352,-0.04364800000000013,-0.0436324363243632
V1,EA,2017-10,1.4,1.372769,-0.027231000000000005,-0.02721727217272174
V1,EA,2017-11,1.5,1.518746,0.01874599999999993,0.018761187611876062
V1,EA,2017-12,1.3,1.323234,0.023233999999999977,0.02324723247232474
V1,EA,2018-01,1.3,1.275427,-0.024572999999999956,-0.024560245602456066
V1,EA,2018-02,1.1,1.1137190000000001,0.013719000000000037,0.013730137301372958
V1,EA,2018-03,1.4,1.4089630000000002,0.008963000000000276,0.00897708977089784
V1,EA,2018-04,1.2,1.233353,0.033352999999999966,0.033365333653336604
V1,EA,2018-05,2,1.9459750000000002,-0.05402499999999977,-0.05400554005540048
V1,EA,2018-06,2,1.9535300000000002,-0.04646999999999979,-0.04645046450464507
V1,EA,2018-07,2.2,2.171783,-0.02821700000000016,-0.028195281952819506
V1,EA,2018-08,2.1,2.036975,-0.06302500000000011,-0.06300463004630075
V1,EA,2018-09,2.1,2.0818800000000004,-0.018119999999999692,-0.01809918099180985
V1,EA,2018-10,2.3,2.2893380000000003,-0.010661999999999505,-0.010639106391063802
V1,EA,2018-11,1.9,1.9180310000000003,0.018031000000000352,0.01805018050180518
V1,EA,2018-12,1.5,1.502127,0.00212699999999999,0.0021420214202143573
V1,EA,2019-01,1.4,1.407476,0.007476000000000038,0.007476000000000038
V1,EA,2019-02,1.5,1.499895,-1.0500000000002174e-4,-1.0500000000002174e-4
V1,EA,2019-03,1.4,1.417506,0.01750600000000002,0.01750600000000002
V1,EA,2019-04,1.7,1.7373459999999998,0.03734599999999988,0.03734599999999988
V1,EA,2019-05,1.2,1.246387,0.046386999999999956,0.046386999999999956
V1,EA,2019-06,1.3,1.3003179999999999,3.1799999999981843e-4,3.1799999999981843e-4
V1,EA,2019-07,1,1.083024,0.08302399999999999,0.08302399999999999
V1,EA,2019-08,1,1.071615,0.07161499999999998,0.07161499999999998
V1,EA,2019-09,0.8,0.838718,0.03871799999999992,0.03871799999999992
V1,EA,2019-10,0.7,0.730125,0.03012500000000007,0.03012500000000007
V1,EA,2019-11,1,0.941873,-0.05812700000000004,-0.05812700000000004
V1,EA,2019-12,1.3,1.3407799999999999,0.040779999999999816,0.040779999999999816
V1,EA,2020-01,1.4,1.365634,-0.0343659999999999,-0.03435234352343519
V1,EA,2020-02,1.2,1.21486,0.014860000000000095,0.014872148721487344
V1,EA,2020-03,0.7,0.753582,0.05358200000000002,0.053589535895358864
V1,EA,2020-04,0.3,0.332239,0.03223900000000002,0.03224232242322417
V1,EA,2020-05,0.1,0.10377899999999976,0.0037789999999997548,0.003780037800377792
V1,EA,2020-06,0.3,0.27459599999999984,-0.02540400000000015,-0.02540125401254023
V1,EA,2020-07,0.4,0.41595999999999994,0.01595999999999992,0.015964159641596365
V1,EA,2020-08,-0.2,-0.21078700000000006,-0.010787000000000047,-0.01078910789107898
V1,EA,2020-09,-0.3,-0.3221860000000001,-0.022186000000000095,-0.022189221892219058
V1,EA,2020-10,-0.3,-0.26270600000000005,0.03729399999999994,0.03729137291372908
V1,EA,2020-11,-0.3,-0.26942499999999997,0.03057500000000002,0.030572305723057136
V1,EA,2020-12,-0.3,-0.270645,0.029354999999999964,0.02935229352293517
V1,EA,2021-01,0.9,0.842687,-0.05731300000000006,-0.05731300000000006
V1,EA,2021-02,0.9,0.861997,-0.03800300000000001,-0.03800300000000001
V1,EA,2021-03,1.3,1.286363,-0.013637000000000121,-0.013637000000000121
V1,EA,2021-04,1.6,1.624925,0.024924999999999864,0.024924999999999864
V1,EA,2021-05,2,1.994738,-0.0052620000000001,-0.0052620000000001
V1,EA,2021-06,1.9,1.953126,0.05312600000000001,0.05312600000000001
V1,EA,2021-07,2.2,2.253951,0.05395099999999964,0.05395099999999964
V1,EA,2021-08,3,3.033915,0.03391499999999992,0.03391499999999992
V1,EA,2021-09,3.4,3.43383,0.03383000000000003,0.03383000000000003
V1,EA,2021-10,4.1,4.090164,-0.009835999999999956,-0.009835999999999956
V1,EA,2021-11,4.9,4.81684,-0.08316000000000034,-0.08316000000000034
V1,EA,2021-12,5,4.967109,-0.032891000000000226,-0.032891000000000226
V1,EA,2022-01,5.1,5.1708,0.0708000000000002,0.0707482925170746
V1,EA,2022-02,5.9,5.954483,0.05448299999999939,0.054423455765442164
V1,EA,2022-03,7.4,7.559529,0.15952900000000003,0.15945340546594533
V1,EA,2022-04,7.5,7.539089,0.03908899999999971,0.039013609863901344
V1,EA,2022-05,8.1,8.131929,0.031928999999999874,0.0318476815231854
V1,EA,2022-06,8.6,8.718114,0.11811400000000027,0.11802681973180285
V1,EA,2022-07,8.9,8.880086,-0.019913999999999987,-0.020002799972001384
V1,EA,2022-08,9.1,9.141767999999999,0.04176799999999936,0.04167658323416745
V1,EA,2022-09,9.9,9.982086,0.08208600000000033,0.08198618013819825
V1,EA,2022-10,10.6,10.646326,0.04632600000000053,0.046219537804622846
V1,EA,2022-11,10.1,10.071368,-0.02863199999999999,-0.02873271267287336
V1,EA,2022-12,9.2,9.213745,0.013745000000000118,0.013652863471365961
V1,EA,2023-01,8.6,8.495555000000001,-0.10444499999999834,-0.10436004360043505
V1,EA,2023-02,8.5,8.360806,-0.13919399999999982,-0.13911039110391066
V1,EA,2023-03,6.9,6.887099,-0.012901000000000273,-0.012832128321283776
V1,EA,2023-04,6.9,6.790745,-0.1092550000000001,-0.10918709187091924
V1,EA,2023-05,6.1,5.956855,-0.14314499999999963,-0.14308543085430792
V1,EA,2023-06,5.5,5.3571860000000004,-0.14281399999999955,-0.14276042760427554
V1,EA,2023-07,5.3,5.130207,-0.16979299999999942,-0.1697416974169741
V1,EA,2023-08,5.2,5.114414,-0.08558600000000016,-0.08553485534855376
V1,EA,2023-09,4.3,4.314724,0.014724000000000181,0.014767147671476799
V1,EA,2023-10,2.9,3.078493,0.178493,0.17852378523785228
V1,EA,2023-11,2.4,2.580307,0.180307,0.18033280332803336
V1,EA,2023-12,2.9,2.933354,0.033354000000000106,0.03338333383333847
V1,EA,2024-01,2.8,2.7713650000000003,-0.028634999999999522,-0.028634999999999522
V1,EA,2024-02,2.6,2.57567,-0.024329999999999963,-0.024329999999999963
V1,EA,2024-03,2.4,2.44318,0.043179999999999996,0.043179999999999996
V1,EA,2024-04,2.4,2.3832430000000002,-0.01675699999999969,-0.01675699999999969
V1,EA,2024-05,2.6,2.5589589999999998,-0.04104100000000033,-0.04104100000000033
V1,EA,2024-06,2.5,2.500347,3.4700000000009723e-4,3.4700000000009723e-4
V1,EA,2024-07,2.6,2.525786,-0.074214,-0.074214
V1,EA,2024-08,2.2,2.125692,-0.07430800000000026,-0.07430800000000026
V1,EA,2024-09,1.7,1.730495,0.03049499999999994,0.03049499999999994
V1,EA,2024-10,2,1.984968,-0.015031999999999934,-0.015031999999999934
V1,EA,2024-11,2.2,2.259356,0.05935599999999974,0.05935599999999974
V1,EA,2024-12,2.4,2.444264,0.04426400000000008,0.04426400000000008
V1,EA,2025-01,2.5,2.501401,0.0014009999999999856,0.0014009999999999856
V1,EA,2025-02,2.3,2.3248159999999998,0.02481599999999995,0.02481599999999995
V1,EA,2025-03,2.2,2.182728,-0.017272000000000176,-0.017272000000000176
V1,EA,2025-04,2.2,2.160005,-0.039995000000000225,-0.039995000000000225
V1,EA,2025-05,1.9,1.90058,5.800000000000249e-4,5.800000000000249e-4
V1,EA,2025-06,2,1.972324,-0.027676000000000034,-0.027676000000000034
V1,EA,2025-07,2,2.009362,0.00936199999999987,0.00936199999999987
V1,EA,2025-08,2,2.033286,0.03328599999999993,0.03328599999999993
V1,EA,2025-09,2.2,2.226728,0.026727999999999863,0.026727999999999863
V1,EA,2025-10,2.1,2.097073,-0.002927000000000124,-0.002927000000000124
V1,EA,2025-11,2.1,2.131431,0.03143099999999999,0.03143099999999999
V1,EA,2025-12,2,1.950466,-0.04953399999999997,-0.04953399999999997
V1,EA,2026-01,1.7,1.738053,0.038053000000000115,0.03803561964380364
V1,EA,2026-02,1.9,1.94601,0.046010000000000106,0.04599054009459902
V1,EA,2026-03,2.6,2.590602,-0.009398000000000017,-0.009423905760942208
V1,EA,2026-04,3,3.038583,0.038583000000000034,0.03855261447385505
V1,EA,2026-05,3.2,3.1811860000000003,-0.018813999999999886,-0.018845811541884583
V1,EA,2026-06,2.8,2.76639,-0.03360999999999992,-0.03363766362336351
V1,EA,2026-07,2.9,2.929786,0.02978600000000009,0.02975670243297568
V1,EA,2026-08,3.2,3.184978,-0.01502200000000009,-0.015053849461505564
V1,ME,2015-12,1.7,1.7043199999999998,0.0043199999999998795,0.0043199999999998795
V1,ME,2016-01,1.1,1.22618,0.12617999999999996,0.12617999999999996
V1,ME,2016-02,0.5,0.6248400000000001,0.12484000000000006,0.12484000000000006
V1,ME,2016-03,-0.6,-0.4836099999999998,0.11639000000000016,0.11639000000000016
V1,ME,2016-04,-0.4,-0.22926000000000002,0.17074,0.17074
V1,ME,2016-05,-0.6,-0.33906000000000003,0.26093999999999995,0.26093999999999995
V1,ME,2016-06,-1,-0.89288,0.10711999999999999,0.10711999999999999
V1,ME,2016-07,-0.7,-0.57881,0.12118999999999991,0.12118999999999991
V1,ME,2016-08,-0.5,-0.44226,0.057740000000000014,0.057740000000000014
V1,ME,2016-09,-0.2,-0.12551999999999996,0.07448000000000005,0.07448000000000005
V1,ME,2016-10,0.2,0.25445999999999996,0.05445999999999995,0.05445999999999995
V1,ME,2016-11,0.5,0.53006,0.030059999999999976,0.030059999999999976
V1,ME,2016-12,0.9,0.93245,0.03244999999999998,0.03244999999999998
V1,ME,2017-01,2.1,2.20282,0.10281999999999991,0.10281999999999991
V1,ME,2017-02,2.6,2.66362,0.06361999999999979,0.06361999999999979
V1,ME,2017-03,2.9,2.91412,0.014120000000000132,0.014120000000000132
V1,ME,2017-04,2.5,2.54009,0.04009000000000018,0.04009000000000018
V1,ME,2017-05,2.6,2.57976,-0.020240000000000258,-0.020240000000000258
V1,ME,2017-06,2.3,2.24059,-0.05940999999999974,-0.05940999999999974
V1,ME,2017-07,3,2.8232,-0.17680000000000007,-0.17680000000000007
V1,ME,2017-08,3.2,3.0795100000000004,-0.12048999999999976,-0.12048999999999976
V1,ME,2017-09,3.1,3.0546900000000003,-0.04530999999999974,-0.04530999999999974
V1,ME,2017-10,2.8,2.8089600000000003,0.008960000000000523,0.008960000000000523
V1,ME,2017-11,3,2.9894600000000002,-0.010539999999999772,-0.010539999999999772
V1,ME,2017-12,2.8,2.84261,0.04261000000000026,0.04261000000000026
V1,ME,2018-01,3.3,3.37587,0.0758700000000001,0.0758700000000001
V1,ME,2018-02,3.4,3.52935,0.12935000000000008,0.12935000000000008
V1,ME,2018-03,3.6,3.6994700000000003,0.09947000000000017,0.09947000000000017
V1,ME,2018-04,3.5,3.57163,0.07162999999999986,0.07162999999999986
V1,ME,2018-05,3.3,3.41513,0.11513000000000018,0.11513000000000018
V1,ME,2018-06,3.3,3.46745,0.1674500000000001,0.1674500000000001
V1,ME,2018-07,2.7,3.01592,0.31591999999999976,0.31591999999999976
V1,ME,2018-08,2.2,2.3950400000000003,0.1950400000000001,0.1950400000000001
V1,ME,2018-09,1.5,1.5855700000000001,0.08557000000000015,0.08557000000000015
V1,ME,2018-10,1.6,1.60154,0.0015399999999998748,0.0015399999999998748
V1,ME,2018-11,1.7,1.69563,-0.004369999999999985,-0.004369999999999985
V1,ME,2018-12,1.5,1.44046,-0.059539999999999926,-0.059539999999999926
V1,ME,2019-01,0.3,0.3662560000000001,0.06625600000000009,0.06625600000000009
V1,ME,2019-02,0.4,0.444236,0.044236,0.044236
V1,ME,2019-03,0.9,0.878021,-0.02197899999999997,-0.02197899999999997
V1,ME,2019-04,1,1.019694,0.0196940000000001,0.0196940000000001
V1,ME,2019-05,0.7,0.7502650000000002,0.050265000000000226,0.050265000000000226
V1,ME,2019-06,0.1,0.067698,-0.03230200000000001,-0.03230200000000001
V1,ME,2019-07,-0.3,-0.328559,-0.028559,-0.028559
V1,ME,2019-08,-0.1,-0.07786300000000002,0.02213699999999999,0.02213699999999999
V1,ME,2019-09,0.3,0.301433,0.0014330000000000176,0.0014330000000000176
V1,ME,2019-10,1.1,1.0771629999999999,-0.022837000000000218,-0.022837000000000218
V1,ME,2019-11,0.8,0.806159,0.0061589999999999145,0.0061589999999999145
V1,ME,2019-12,1.1,1.153284,0.05328399999999989,0.05328399999999989
V1,ME,2020-01,1.4,1.374135,-0.025864999999999805,-0.025864999999999805
V1,ME,2020-02,0.8,0.830526,0.030525999999999942,0.030525999999999942
V1,ME,2020-03,-0.1,-0.07473600000000001,0.025263999999999995,0.025263999999999995
V1,ME,2020-04,-0.9,-0.844316,0.05568400000000007,0.05568400000000007
V1,ME,2020-05,-1,-0.9827670000000001,0.017232999999999943,0.017232999999999943
V1,ME,2020-06,-0.7,-0.6846420000000001,0.015357999999999872,0.015357999999999872
V1,ME,2020-07,-1.2,-1.138757,0.061242999999999936,0.061242999999999936
V1,ME,2020-08,-1.3,-1.175882,0.12411799999999995,0.12411799999999995
V1,ME,2020-09,-0.5,-0.42309199999999986,0.07690800000000014,0.07690800000000014
V1,ME,2020-10,-0.8,-0.8320969999999999,-0.03209699999999982,-0.03209699999999982
V1,ME,2020-11,-1,-1.033264,-0.03326399999999996,-0.03326399999999996
V1,ME,2020-12,-0.9,-0.929768,-0.029768000000000017,-0.029768000000000017
V1,ME,2021-01,-0.7,-0.6956640000000001,0.0043359999999998955,0.004329043290432932
V1,ME,2021-02,-0.1,-0.15042299999999992,-0.05042299999999991,-0.05042450424504233
V1,ME,2021-03,0.6,0.5677780000000001,-0.03222199999999986,-0.03221632216322157
V1,ME,2021-04,1.8,1.8398080000000003,0.03980800000000029,0.0398263982639826
V1,ME,2021-05,2.3,2.33865,0.03865000000000007,0.03867338673386733
V1,ME,2021-06,2.8,2.8088290000000002,0.00882900000000042,0.00885708857088563
V1,ME,2021-07,3.6,3.559365,-0.04063499999999998,-0.04059940599406042
V1,ME,2021-08,3.8,3.7303040000000003,-0.06969599999999954,-0.06965869658696588
V1,ME,2021-09,3.5,3.4612480000000003,-0.038751999999999676,-0.03871738717387174
V1,ME,2021-10,3.8,3.8425380000000002,0.04253800000000041,0.042576425764257575
V1,ME,2021-11,4.4,4.4127790000000005,0.012779000000000096,0.01282312823128251
V1,ME,2021-12,4.5,4.474783,-0.0252169999999996,-0.025172251722517025
V1,ME,2022-01,5.5,5.506537,0.006536999999999793,0.006647132942658729
V1,ME,2022-02,6.4,6.369747,-0.030253000000000085,-0.030125602512050875
V1,ME,2022-03,8.7,8.744663,0.0446629999999999,0.04483789675793659
V1,ME,2022-04,10.2,10.156979,-0.04302099999999953,-0.04281785635712687
V1,ME,2022-05,10.6,10.786767000000001,0.18676700000000146,0.18698273965479295
V1,ME,2022-06,11.9,12.290072,0.390072,0.39031780635612634
V1,ME,2022-07,13.7,14.173718,0.47371799999999986,0.4740014800296013
V1,ME,2022-08,13.9,14.390792000000001,0.4907920000000008,0.49107982159643093
V1,ME,2022-09,14.7,14.968773,0.26877300000000126,0.2690723814476286
V1,ME,2022-10,15.4,15.611177,0.21117699999999928,0.21148922978459517
V1,ME,2022-11,15.8,15.876829999999998,0.07682999999999751,0.07714754295085768
V1,ME,2022-12,15.7,15.717415999999998,0.017415999999998988,0.01773035460709238
V1,ME,2023-01,14.8,14.728015,-0.07198500000000152,-0.07198500000000152
V1,ME,2023-02,13.9,13.804565,-0.09543500000000016,-0.09543500000000016
V1,ME,2023-03,10.3,10.221158,-0.07884199999999986,-0.07884199999999986
V1,ME,2023-04,8.6,8.639819,0.039818999999999605,0.039818999999999605
V1,ME,2023-05,8.4,8.454338,0.05433799999999955,0.05433799999999955
V1,ME,2023-06,8.2,8.173572,-0.02642799999999923,-0.02642799999999923
V1,ME,2023-07,7.8,7.610486,-0.18951399999999996,-0.18951399999999996
V1,ME,2023-08,9.1,8.917197999999999,-0.18280200000000058,-0.18280200000000058
V1,ME,2023-09,8.2,8.093989,-0.10601099999999875,-0.10601099999999875
V1,ME,2023-10,6.6,6.5157609999999995,-0.08423900000000017,-0.08423900000000017
V1,ME,2023-11,5.5,5.524005,0.024004999999999832,0.024004999999999832
V1,ME,2023-12,4.9,4.893604,-0.006396000000000512,-0.006396000000000512
V1,ME,2024-01,5,5.21528,0.21527999999999992,0.21527999999999992
V1,ME,2024-02,4.9,5.092182,0.19218199999999985,0.19218199999999985
V1,ME,2024-03,6,6.107896,0.10789600000000021,0.10789600000000021
V1,ME,2024-04,5.8,5.887815,0.08781499999999998,0.08781499999999998
V1,ME,2024-05,5.1,5.153004999999999,0.05300499999999975,0.05300499999999975
V1,ME,2024-06,3.9,3.984971,0.08497099999999991,0.08497099999999991
V1,ME,2024-07,3,3.10255,0.10254999999999992,0.10254999999999992
V1,ME,2024-08,2,1.9900939999999998,-0.009906000000000192,-0.009906000000000192
V1,ME,2024-09,1.4,1.388463,-0.011536999999999908,-0.011536999999999908
V1,ME,2024-10,1.7,1.78198,0.08197999999999994,0.08197999999999994
V1,ME,2024-11,2.3,2.303089,0.0030890000000001194,0.0030890000000001194
V1,ME,2024-12,2.6,2.582018,-0.017981999999999942,-0.017981999999999942
V1,ME,2025-01,3.3,3.3797469999999996,0.07974699999999979,0.07971320286797123
V1,ME,2025-02,3.2,3.290326,0.09032599999999968,0.09029309706902877
V1,ME,2025-03,3.2,3.2337789999999997,0.03377899999999956,0.033746662533374217
V1,ME,2025-04,3.8,3.896433,0.09643300000000021,0.09639403605963981
V1,ME,2025-05,4.5,4.590846,0.09084599999999998,0.09080009199908012
V1,ME,2025-06,4.6,4.700477,0.1004770000000006,0.1004299957000434
V1,ME,2025-07,4.7,4.714824,0.014823999999999948,0.014776852231477733
V1,ME,2025-08,4.7,4.744523,0.04452299999999987,0.04447555524444802
V1,ME,2025-09,4.7,4.7659329999999995,0.06593299999999935,0.06588534114658895
V1,ME,2025-10,4.6,4.641082,0.041082000000000285,0.04103558964410414
V1,ME,2025-11,3.9,3.8933039999999997,-0.006696000000000257,-0.006734932650673375
V1,ME,2025-12,3.7,3.7265349999999997,0.02653499999999953,0.02649773502264985
V1,ME,2026-01,2.7,2.677428,-0.02257200000000026,-0.02259877401225996
V1,ME,2026-02,2.6,2.5575039999999998,-0.04249600000000031,-0.042521574784252
V1,ME,2026-03,2.9,2.888322,-0.011677999999999855,-0.011706882931170615
V1,ME,2026-04,3.6,3.684477,0.08447699999999969,0.08444015559844376
V1,ME,2026-05,3.4,3.5300819999999997,0.1300819999999998,0.13004669953300496
V1,ME,2026-06,3.6,3.631661,0.03166099999999972,0.03162468375316241
V1,ME,2026-07,3.9,3.966449,0.06644899999999998,0.06640933590664089
V1,ME,2026-08,4.6,4.684564,0.0845640000000003,0.08451715482845223
V1,MK,2005-12,0.9,0.875891,-0.024109000000000047,-0.024126517469650555
V1,MK,2006-01,3.2,3.300595,0.10059499999999977,0.10059499999999977
V1,MK,2006-02,3,3.0630530000000005,0.06305300000000047,0.06305300000000047
V1,MK,2006-03,3.2,3.260837,0.06083699999999981,0.06083699999999981
V1,MK,2006-04,3.6,3.582564,-0.017436000000000007,-0.017436000000000007
V1,MK,2006-05,4.6,4.663402,0.06340199999999996,0.06340199999999996
V1,MK,2006-06,3.7,3.706318,0.006317999999999824,0.006317999999999824
V1,MK,2006-07,4.2,4.250911,0.05091100000000015,0.05091100000000015
V1,MK,2006-08,4.5,4.462654,-0.03734600000000032,-0.03734600000000032
V1,MK,2006-09,3.5,3.532763,0.0327630000000001,0.0327630000000001
V1,MK,2006-10,3,2.9935530000000004,-0.0064469999999996475,-0.0064469999999996475
V1,MK,2006-11,4.1,4.125701,0.02570100000000064,0.02570100000000064
V1,MK,2006-12,3.4,3.3701339999999997,-0.02986600000000017,-0.02986600000000017
V1,MK,2007-01,1.2,1.141506,-0.058494000000000046,-0.058494000000000046
V1,MK,2007-02,0.8,0.7363209999999999,-0.06367900000000015,-0.06367900000000015
V1,MK,2007-03,1.1,1.088671,-0.011329000000000145,-0.011329000000000145
V1,MK,2007-04,1.3,1.2657809999999998,-0.03421900000000022,-0.03421900000000022
V1,MK,2007-05,0.7,0.6943799999999999,-0.005620000000000069,-0.005620000000000069
V1,MK,2007-06,1.4,1.339897,-0.06010300000000002,-0.06010300000000002
V1,MK,2007-07,1.6,1.4389699999999999,-0.16103000000000023,-0.16103000000000023
V1,MK,2007-08,2.3,2.107475,-0.19252499999999984,-0.19252499999999984
V1,MK,2007-09,3.2,3.166972,-0.03302800000000028,-0.03302800000000028
V1,MK,2007-10,3.4,3.448593,0.048592999999999886,0.048592999999999886
V1,MK,2007-11,3.8,3.887587,0.08758700000000008,0.08758700000000008
V1,MK,2007-12,5.3,5.283644000000001,-0.01635599999999915,-0.01635599999999915
V1,MK,2008-01,7.4,7.6623540000000006,0.2623540000000002,0.26227737722622724
V1,MK,2008-02,8.4,8.657950999999999,0.2579509999999985,0.25786442135578547
V1,MK,2008-03,8.9,9.144558,0.2445579999999996,0.24446655533444606
V1,MK,2008-04,9,9.265723000000001,0.26572300000000126,0.26563034369656435
V1,MK,2008-05,8.5,8.664987,0.164987,0.16490035099648992
V1,MK,2008-06,9,9.242035,0.24203499999999956,0.24194258057419482
V1,MK,2008-07,8.3,8.500449999999999,0.20044999999999824,0.2003649963500358
V1,MK,2008-08,7.6,7.689659,0.08965900000000016,0.08958210417895884
V1,MK,2008-09,6.7,6.773739000000001,0.07373900000000067,0.07367126328736795
V1,MK,2008-10,7,7.0535179999999995,0.05351799999999951,0.05344746552534563
V1,MK,2008-11,5.7,5.693722999999999,-0.006277000000000754,-0.0063339366606340874
V1,MK,2008-12,4.9,4.941552,0.04155199999999937,0.04150258497414949
V1,MK,2009-01,2.6,2.273848,-0.326152,-0.32612926129261277
V1,MK,2009-02,1.5,1.198854,-0.3011459999999999,-0.3011340113401133
V1,MK,2009-03,1.1,0.8295760000000001,-0.270424,-0.27041570415704175
V1,MK,2009-04,0.4,0.11541700000000002,-0.28458300000000003,-0.28458184581845825
V1,MK,2009-05,1.2,0.919942,-0.2800579999999999,-0.2800488004880045
V1,MK,2009-06,-1,-1.2246869999999999,-0.22468699999999986,-0.2246992469924698
V1,MK,2009-07,-0.6,-0.9413650000000001,-0.34136500000000014,-0.3413744137441376
V1,MK,2009-08,-0.8,-1.127605,-0.3276049999999999,-0.3276162761627617
V1,MK,2009-09,-0.7,-0.9133859999999998,-0.21338599999999985,-0.21339513395133936
V1,MK,2009-10,-1.7,-1.897835,-0.19783499999999998,-0.19785397853978526
V1,MK,2009-11,-1.5,-1.578202,-0.0782020000000001,-0.07821778217782183
V1,MK,2009-12,-1.1,-1.0637770000000002,0.036222999999999894,0.036212362123621444
V1,MK,2010-01,-0.5,-0.3700119999999997,0.12998800000000033,0.12998429984299853
V1,MK,2010-02,0.1,0.19715000000000021,0.09715000000000021,0.09715197151971522
V1,MK,2010-03,0.3,0.42595900000000025,0.12595900000000027,0.12596325963259647
V1,MK,2010-04,1.2,1.2619120000000001,0.06191200000000019,0.061924619246192636
V1,MK,2010-05,-0.7,-0.5340429999999997,0.16595700000000024,0.1659516595165953
V1,MK,2010-06,1.2,1.214989,0.014989000000000141,0.015001150011500153
V1,MK,2010-07,1,0.9979570000000002,-0.002042999999999795,-0.00203302033020325
V1,MK,2010-08,1.5,1.4922520000000001,-0.007747999999999866,-0.00773307733077333
V1,MK,2010-09,1.6,1.607348,0.00734799999999991,0.007364073640736324
V1,MK,2010-10,2.4,2.395514,-0.00448599999999999,-0.004462044620446193
V1,MK,2010-11,2.5,2.4605770000000002,-0.039422999999999764,-0.03939839398393996
V1,MK,2010-12,2.3,2.310569,0.010569000000000273,0.010592105921059414
V1,MK,2011-01,2.6,2.494236,-0.10576400000000019,-0.10576400000000019
V1,MK,2011-02,3,2.930288,-0.069712,-0.069712
V1,MK,2011-03,3.9,3.898342,-0.0016579999999999373,-0.0016579999999999373
V1,MK,2011-04,3.6,3.655795,0.05579499999999982,0.05579499999999982
V1,MK,2011-05,4.2,4.173502,-0.026498000000000133,-0.026498000000000133
V1,MK,2011-06,3.4,3.39145,-0.008550000000000058,-0.008550000000000058
V1,MK,2011-07,3.4,3.305567,-0.09443299999999999,-0.09443299999999999
V1,MK,2011-08,3.2,3.1101829999999997,-0.08981700000000048,-0.08981700000000048
V1,MK,2011-09,3,2.92766,-0.07234000000000007,-0.07234000000000007
V1,MK,2011-10,2.8,2.764109,-0.035890999999999895,-0.035890999999999895
V1,MK,2011-11,3,2.9393789999999997,-0.06062100000000026,-0.06062100000000026
V1,MK,2011-12,2.1,2.093235,-0.006765000000000132,-0.006765000000000132
V1,MK,2012-01,2,2.120054,0.1200540000000001,0.12007520075200784
V1,MK,2012-02,1.5,1.550828,0.050828000000000095,0.05084350843508445
V1,MK,2012-03,0.3,0.3639870000000002,0.06398700000000024,0.0639906399063992
V1,MK,2012-04,1,1.007447,0.007446999999999981,0.007457074570745403
V1,MK,2012-05,0.9,0.887845,-0.012155000000000027,-0.012146121461214743
V1,MK,2012-06,1,1.026814,0.026813999999999893,0.026824268242682248
V1,MK,2012-07,0.8,0.84796,0.04796,0.04796847968479667
V1,MK,2012-08,2.1,2.082918,-0.017082000000000264,-0.017061170611706533
V1,MK,2012-09,3.3,3.360531,0.06053100000000011,0.06056460564605626
V1,MK,2012-10,3.3,3.36968,0.06967999999999996,0.0697136971369714
V1,MK,2012-11,2.8,2.78502,-0.014979999999999993,-0.014952149521495262
V1,MK,2012-12,2.9,2.87317,-0.02682999999999991,-0.026801268012679902
V1,MK,2013-01,2.7,2.772893,0.07289299999999965,0.07289299999999965
V1,MK,2013-02,2.5,2.5437600000000002,0.04376000000000024,0.04376000000000024
V1,MK,2013-03,2.4,2.33633,-0.06367000000000012,-0.06367000000000012
V1,MK,2013-04,3.8,3.712748,-0.08725199999999989,-0.08725199999999989
V1,MK,2013-05,3.6,3.5827389999999997,-0.017261000000000415,-0.017261000000000415
V1,MK,2013-06,4.2,4.14299,-0.057010000000000005,-0.057010000000000005
V1,MK,2013-07,3.7,3.722337,0.02233699999999983,0.02233699999999983
V1,MK,2013-08,3,3.099227,0.09922699999999995,0.09922699999999995
V1,MK,2013-09,1.9,1.8541340000000002,-0.04586599999999974,-0.04586599999999974
V1,MK,2013-10,1.6,1.614337,0.014336999999999822,0.014336999999999822
V1,MK,2013-11,1.4,1.456245,0.0562450000000001,0.0562450000000001
V1,MK,2013-12,1.9,1.883225,-0.016774999999999984,-0.016774999999999984
V1,MK,2014-01,1.5,1.5455569999999998,0.04555699999999985,0.045510634680959505
V1,MK,2014-02,1.3,1.352779,0.05277899999999991,0.05273841784746458
V1,MK,2014-03,0.9,0.906196,0.006195999999999979,0.006168814935551992
V1,MK,2014-04,-1.4,-1.3067809999999997,0.09321900000000016,0.09325820225393233
V1,MK,2014-05,-0.6,-0.4975559999999999,0.10244400000000009,0.10245892623221309
V1,MK,2014-06,-1.2,-1.1210449999999996,0.07895500000000033,0.07898863034108983
V1,MK,2014-07,0.2,0.20031200000000007,3.1200000000006223e-4,3.0599082027540914e-4
V1,MK,2014-08,-0.5,-0.4699289999999998,0.03007100000000018,0.03008509744707666
V1,MK,2014-09,-0.4,-0.3822899999999999,0.017710000000000115,0.017721468355949344
V1,MK,2014-10,-0.1,-0.05957199999999999,0.04042800000000001,0.04042978710638684
V1,MK,2014-11,0.1,0.09970099999999994,-2.990000000000631e-4,-3.019909402717791e-4
V1,MK,2014-12,-0.2,-0.26172100000000004,-0.061721000000000026,-0.061713148605541834
V1,MK,2015-01,-0.7,-0.35314,0.34685999999999995,0.3468564685646856
V1,MK,2015-02,-0.6,-0.29056499999999996,0.309435,0.30943209432094315
V1,MK,2015-03,0.1,0.37657499999999994,0.2765749999999999,0.27657876578765794
V1,MK,2015-04,0.4,0.616368,0.216368,0.21637416374163732
V1,MK,2015-05,0.4,0.6391770000000001,0.23917700000000008,0.23918339183391835
V1,MK,2015-06,1,1.206591,0.20659099999999997,0.20660306603066014
V1,MK,2015-07,0.3,0.43283000000000005,0.13283000000000006,0.13283432834328346
V1,MK,2015-08,0.7,0.9136230000000001,0.21362300000000012,0.21363213632136313
V1,MK,2015-09,0.5,0.642983,0.14298299999999997,0.14298942989429897
V1,MK,2015-10,-0.1,0.06243999999999991,0.16243999999999992,0.1624406244062441
V1,MK,2015-11,-0.2,-0.14355499999999996,0.05644500000000005,0.05644356443564441
V1,MK,2015-12,-0.3,-0.34137500000000004,-0.04137500000000005,-0.041378413784137924
V1,MK,2016-01,0.4,0.5242319999999999,0.1242319999999999,0.1242319999999999
V1,MK,2016-02,0.2,0.2705939999999999,0.07059399999999988,0.07059399999999988
V1,MK,2016-03,-0.1,-0.0056420000000001105,0.0943579999999999,0.0943579999999999
V1,MK,2016-04,-0.4,-0.26062,0.13938,0.13938
V1,MK,2016-05,-0.1,0.031929999999999854,0.13192999999999985,0.13192999999999985
V1,MK,2016-06,0,0.14228600000000005,0.14228600000000005,0.14228600000000005
V1,MK,2016-07,0.5,0.5489769999999999,0.04897699999999994,0.04897699999999994
V1,MK,2016-08,0.4,0.500633,0.10063299999999997,0.10063299999999997
V1,MK,2016-09,0.7,0.7479089999999999,0.04790899999999998,0.04790899999999998
V1,MK,2016-10,0.8,0.8156939999999999,0.015693999999999875,0.015693999999999875
V1,MK,2016-11,0.4,0.41026999999999986,0.010269999999999835,0.010269999999999835
V1,MK,2016-12,0.2,0.16268899999999994,-0.037311000000000066,-0.037311000000000066
V1,MK,2017-01,1.1,1.082005,-0.017994999999999983,-0.017984179841798786
V1,MK,2017-02,0.5,0.5774039999999999,0.07740399999999992,0.07740977409774075
V1,MK,2017-03,1,1.123952,0.12395200000000006,0.1239632396323962
V1,MK,2017-04,1.6,1.651337,0.051336999999999966,0.051353513535135065
V1,MK,2017-05,2.2,2.173328,-0.02667200000000003,-0.026650266502665332
V1,MK,2017-06,2.6,2.62968,0.02967999999999993,0.029706297062970233
V1,MK,2017-07,2.2,2.137026,-0.06297400000000009,-0.06295262952629566
V1,MK,2017-08,2.4,2.428371,0.028370999999999924,0.028395283952839634
V1,MK,2017-09,2.4,2.401838,0.0018380000000002283,0.001862018620186312
V1,MK,2017-10,2.7,2.642365,-0.057635000000000325,-0.05760857608576142
V1,MK,2017-11,3.2,3.153548,-0.04645200000000038,-0.04642046420464263
V1,MK,2017-12,3.5,3.461566,-0.03843400000000008,-0.03839938399384035
V1,MK,2018-01,2.1,2.079838,-0.020162000000000013,-0.0201827981720184
V1,MK,2018-02,3.1,3.11166,0.011660000000000004,0.011628883711162885
V1,MK,2018-03,2.7,2.7368799999999998,0.03687999999999958,0.036852631473685005
V1,MK,2018-04,2.3,2.307577,0.007577000000000389,0.0075539244607556455
V1,MK,2018-05,2.7,2.7438190000000002,0.04381900000000005,0.043791562084379176
V1,MK,2018-06,2,2.101542,0.1015419999999998,0.10152098479015192
V1,MK,2018-07,2.3,2.374508,0.07450800000000024,0.07448425515744894
V1,MK,2018-08,2.3,2.343873,0.04387300000000005,0.043849561504385015
V1,MK,2018-09,2.1,2.117416,0.017415999999999876,0.017394826051739365
V1,MK,2018-10,2.4,2.4004410000000003,4.4100000000035777e-4,4.169958300419552e-4
V1,MK,2018-11,1.9,1.923324,0.023324000000000122,0.023304766952330525
V1,MK,2018-12,1.5,1.5422500000000001,0.04225000000000012,0.04223457765422345
V1,MK,2019-01,1.8,1.788434,-0.011565999999999965,-0.011548115481154975
V1,MK,2019-02,1.8,1.8244000000000002,0.0244000000000002,0.02441824418244165
V1,MK,2019-03,2.2,2.2376199999999997,0.03761999999999954,0.03764237642376411
V1,MK,2019-04,2.8,2.793056,-0.006943999999999839,-0.006916069160691318
V1,MK,2019-05,1.6,1.589974,-0.01002600000000009,-0.010010100101001118
V1,MK,2019-06,-0.2,-0.13783999999999996,0.06216000000000005,0.06215862158621596
V1,MK,2019-07,0.3,0.285883,-0.01411699999999999,-0.014114141141411407
V1,MK,2019-08,0.4,0.3948710000000001,-0.005128999999999939,-0.005125051250512491
V1,MK,2019-09,-0.3,-0.2823899999999999,0.01761000000000007,0.017607176071760766
V1,MK,2019-10,-0.8,-0.7364490000000001,0.06355099999999991,0.06354363543635444
V1,MK,2019-11,-0.6,-0.576671,0.023328999999999933,0.02332323323233232
V1,MK,2019-12,-0.2,-0.18317900000000004,0.016820999999999975,0.01681916819168197
V1,MK,2020-01,0,0.042671,0.042671,0.04267142671426713
V1,MK,2020-02,0,0.052660999999999965,0.052660999999999965,0.05266152661526621
V1,MK,2020-03,-0.3,-0.21207399999999996,0.08792600000000003,0.08792387923879239
V1,MK,2020-04,-0.7,-0.697286,0.002713999999999994,0.0027070270702705956
V1,MK,2020-05,-0.7,-0.6717280000000001,0.028271999999999853,0.028265282652826462
V1,MK,2020-06,2.3,2.314658,0.014658000000000282,0.014681146811468704
V1,MK,2020-07,2,1.9307429999999999,-0.06925700000000012,-0.06923769237692379
V1,MK,2020-08,1.9,1.9038819999999999,0.003881999999999941,0.003901039010390406
V1,MK,2020-09,2.1,2.088428,-0.011572000000000138,-0.011551115511155174
V1,MK,2020-10,2.1,2.133101,0.033100999999999825,0.033122331223311985
V1,MK,2020-11,3,3.0604609999999997,0.060460999999999654,0.0604916049160491
V1,MK,2020-12,3.1,3.1143739999999998,0.014373999999999665,0.014405144051440555
V1,MK,2021-01,2.6,2.3596289999999995,-0.24037100000000056,-0.24037100000000056
V1,MK,2021-02,2.5,2.2317709999999997,-0.2682290000000003,-0.2682290000000003
V1,MK,2021-03,2.6,2.3427689999999997,-0.25723100000000043,-0.25723100000000043
V1,MK,2021-04,3.1,2.713166,-0.3868339999999999,-0.3868339999999999
V1,MK,2021-05,3.3,2.9583079999999997,-0.3416920000000001,-0.3416920000000001
V1,MK,2021-06,2.3,1.9964629999999999,-0.30353699999999995,-0.30353699999999995
V1,MK,2021-07,2.8,2.55204,-0.24795999999999996,-0.24795999999999996
V1,MK,2021-08,3.3,3.0585419999999996,-0.24145800000000017,-0.24145800000000017
V1,MK,2021-09,4,3.713494,-0.28650600000000015,-0.28650600000000015
V1,MK,2021-10,4.7,4.395121,-0.30487900000000057,-0.30487900000000057
V1,MK,2021-11,4.8,4.758648,-0.04135199999999983,-0.04135199999999983
V1,MK,2021-12,4.9,4.862474,-0.037526000000000614,-0.037526000000000614
V1,MK,2022-01,6.7,6.672083000000001,-0.027916999999999526,-0.02785027850278521
V1,MK,2022-02,7.7,7.740060000000001,0.04006000000000043,0.04013740137401367
V1,MK,2022-03,9,9.037143,0.03714300000000037,0.03723337233372348
V1,MK,2022-04,10.6,10.60952,0.009520000000000195,0.009626096260962669
V1,MK,2022-05,11.9,11.933787,0.033787000000000234,0.03390633906339069
V1,MK,2022-06,14.5,14.556122000000002,0.056122000000002004,0.05626756267562705
V1,MK,2022-07,15.6,15.675317000000001,0.07531700000000185,0.0754737547375477
V1,MK,2022-08,16.7,16.715187,0.01518700000000095,0.01535415354153713
V1,MK,2022-09,18.5,18.59502,0.09502000000000166,0.09520595205952276
V1,MK,2022-10,19.4,19.40482,0.004820000000002267,0.005014050140502491
V1,MK,2022-11,19.1,19.076978,-0.023022000000000986,-0.02283122831228468
V1,MK,2022-12,17.8,17.769224,-0.03077599999999947,-0.030598305983062346
V1,MK,2023-01,16,16.001195,0.001194999999999169,0.0013550135501354532
V1,MK,2023-02,15.4,15.456292,0.05629199999999912,0.05644656446564511
V1,MK,2023-03,13.8,13.849587,0.04958699999999894,0.049725497254971884
V1,MK,2023-04,12,11.885787,-0.11421299999999945,-0.11409414094140935
V1,MK,2023-05,10.7,10.698159,-0.0018409999999988713,-0.0017340173401727554
V1,MK,2023-06,9.2,9.278571,0.07857100000000017,0.07866378663786655
V1,MK,2023-07,8.7,8.730993000000002,0.03099300000000227,0.0310803108031088
V1,MK,2023-08,8.1,8.225695,0.12569500000000033,0.12577725777257776
V1,MK,2023-09,6.6,6.607343000000001,0.007343000000001432,0.007409074090741541
V1,MK,2023-10,3.4,3.45939,0.059390000000000054,0.0594245942459426
V1,MK,2023-11,3,3.120343,0.12034300000000009,0.12037420374203744
V1,MK,2023-12,3.8,3.7348670000000004,-0.06513299999999944,-0.06509565095650949
V1,MK,2024-01,4.1,4.041807,-0.05819299999999927,-0.05819299999999927
V1,MK,2024-02,3.9,3.8417820000000003,-0.05821799999999966,-0.05821799999999966
V1,MK,2024-03,4.5,4.4668470000000005,-0.033152999999999544,-0.033152999999999544
V1,MK,2024-04,4.6,4.580951,-0.01904899999999987,-0.01904899999999987
V1,MK,2024-05,4.6,4.532822,-0.0671779999999993,-0.0671779999999993
V1,MK,2024-06,3.1,3.088677,-0.011322999999999972,-0.011322999999999972
V1,MK,2024-07,3.5,3.53865,0.03865000000000007,0.03865000000000007
V1,MK,2024-08,3.1,3.105902,0.005901999999999852,0.005901999999999852
V1,MK,2024-09,3.7,3.6406439999999995,-0.05935600000000063,-0.05935600000000063
V1,MK,2024-10,4.6,4.583484,-0.01651599999999931,-0.01651599999999931
V1,MK,2024-11,5.6,5.573301,-0.026698999999999806,-0.026698999999999806
V1,MK,2024-12,5.7,5.639845,-0.06015499999999996,-0.06015499999999996
V1,MK,2025-01,5.8,5.914872,0.11487200000000009,0.11487200000000009
V1,MK,2025-02,6,6.108682,0.10868199999999995,0.10868199999999995
V1,MK,2025-03,3.8,3.9541560000000002,0.1541560000000004,0.1541560000000004
V1,MK,2025-04,3.5,3.6069929999999997,0.10699299999999967,0.10699299999999967
V1,MK,2025-05,4.1,4.174516,0.07451600000000003,0.07451600000000003
V1,MK,2025-06,5.1,5.100809,8.090000000002817e-4,8.090000000002817e-4
V1,MK,2025-07,4.6,4.660487,0.06048700000000018,0.06048700000000018
V1,MK,2025-08,4.4,4.387199,-0.012801000000000506,-0.012801000000000506
V1,MK,2025-09,3.3,3.302543,0.002543000000000184,0.002543000000000184
V1,MK,2025-10,4.4,4.359892,-0.04010800000000003,-0.04010800000000003
V1,MK,2025-11,3.6,3.6133889999999997,0.013388999999999651,0.013388999999999651
V1,MK,2025-12,3.6,3.5529919999999997,-0.04700800000000038,-0.04700800000000038
V1,MK,2026-01,2.9,2.966619,0.0666190000000002,0.06664866648666479
V1,MK,2026-02,2.6,2.628544,0.028544000000000125,0.028570285702857134
V1,MK,2026-03,4.9,4.958406,0.058405999999999736,0.058455584555845874
V1,MK,2026-04,5.7,5.690182,-0.009818000000000104,-0.009761097610976321
V1,MK,2026-05,4.9,4.885728,-0.014272000000000062,-0.014223142231422514
V1,MK,2026-06,3.5,3.549821,0.049821000000000115,0.04985649856498586
V1,MK,2026-07,2.4,2.431077,0.031077000000000243,0.031101311013110422
V1,MK,2026-08,2.6,2.667115,0.06711499999999981,0.06714167141671412
V1,RS,2006-12,6.4,6.372782,-0.02721800000000041,-0.027090541810836477
V1,RS,2007-01,6.1,6.341576,0.24157600000000023,0.2414491710165807
V1,RS,2007-02,4.6,4.798647,0.19864700000000024,0.19855102897942078
V1,RS,2007-03,4.4,4.616282,0.21628199999999964,0.21618967620647567
V1,RS,2007-04,3.1,3.289523,0.18952299999999989,0.18945721085578304
V1,RS,2007-05,2.4,2.727016,0.327016,0.3269614607707849
V1,RS,2007-06,2.9,3.205737,0.30573700000000015,0.30567288654226976
V1,RS,2007-07,3.9,3.896725,-0.003274999999999917,-0.0033529329413410913
V1,RS,2007-08,6.1,6.104782,0.004782000000000508,0.004659906801864899
V1,RS,2007-09,7.7,7.66514,-0.03486000000000011,-0.03501329973400491
V1,RS,2007-10,8.6,8.568999,-0.031000999999999834,-0.03117237655246896
V1,RS,2007-11,9,9.004973999999999,0.004973999999998924,0.004793904121918047
V1,RS,2007-12,10.5,10.529137,0.029137000000000413,0.028926421471570762
V1,RS,2008-01,11.1,11.525744999999999,0.42574499999999915,0.4258602586025866
V1,RS,2008-02,12,12.540987,0.5409869999999994,0.5411124111241108
V1,RS,2008-03,13.4,14.03134,0.6313399999999998,0.6314803148031469
V1,RS,2008-04,14.6,15.266366999999999,0.6663669999999993,0.6665196651966525
V1,RS,2008-05,14.1,14.859224999999999,0.7592249999999989,0.7593735937359369
V1,RS,2008-06,14.2,15.070105000000002,0.8701050000000023,0.8702557025570261
V1,RS,2008-07,13.1,14.075157,0.9751570000000012,0.9752977529775304
V1,RS,2008-08,10.9,11.314770999999999,0.4147709999999982,0.4148841488414874
V1,RS,2008-09,10.2,10.426192,0.22619200000000106,0.22629626296263083
V1,RS,2008-10,11.5,11.681097,0.1810969999999994,0.1812138121381217
V1,RS,2008-11,10.2,10.340050999999999,0.1400509999999997,0.1401544015440166
V1,RS,2008-12,8,8.019119,0.019118999999999886,0.019199191991919662
V1,RS,2009-01,9.7,9.789763,0.08976300000000137,0.08986089860898794
V1,RS,2009-02,10.5,10.499286000000001,-7.139999999985491e-4,-6.090060900589833e-4
V1,RS,2009-03,9,9.06971,0.0697100000000006,0.06980069800698097
V1,RS,2009-04,8.3,8.354858,0.05485799999999941,0.054941549415493895
V1,RS,2009-05,8.7,8.723014000000001,0.023014000000001644,0.023101231012311985
V1,RS,2009-06,8.5,8.584192,0.08419199999999982,0.08427784277842854
V1,RS,2009-07,8.8,8.900293000000001,0.10029300000000063,0.10038200382003737
V1,RS,2009-08,8.4,8.358235,-0.04176499999999983,-0.041681416814167704
V1,RS,2009-09,7.6,7.516343,-0.08365699999999965,-0.08358183581835821
V1,RS,2009-10,5.6,5.571942,-0.028057999999999694,-0.028002280022800363
V1,RS,2009-11,6.2,6.178966,-0.02103400000000022,-0.020972209722097013
V1,RS,2009-12,6.9,6.910859,0.010858999999999952,0.010928109281093334
V1,RS,2010-01,5,5.204455,0.20445500000000028,0.20440295597044056
V1,RS,2010-02,4,4.089544,0.08954400000000007,0.08950310496895053
V1,RS,2010-03,4.9,4.998067,0.09806699999999946,0.09801701982980138
V1,RS,2010-04,4.6,4.700819,0.10081900000000044,0.1007719922800776
V1,RS,2010-05,4.2,4.377453,0.17745299999999986,0.17740922590774044
V1,RS,2010-06,4.2,4.279558000000001,0.07955800000000046,0.07951520484795171
V1,RS,2010-07,5,5.075765,0.07576499999999964,0.07571424285757189
V1,RS,2010-08,6.5,6.516209,0.016208999999999918,0.016143838561614388
V1,RS,2010-09,7.7,7.700425,4.249999999998977e-4,3.479965200350321e-4
V1,RS,2010-10,8.7,8.737269,0.03726900000000022,0.03718162818371873
V1,RS,2010-11,9.4,9.384217999999999,-0.015782000000001517,-0.015875841241587807
V1,RS,2010-12,10.2,10.228093,0.028093000000000146,0.027990720092798682
V1,RS,2011-01,11,11.114351,0.1143509999999992,0.11446214462144688
V1,RS,2011-02,12.3,12.420456999999999,0.12045699999999826,0.12058120581205678
V1,RS,2011-03,13.9,14.046814000000001,0.1468140000000009,0.1469544695446956
V1,RS,2011-04,14.4,14.529638,0.12963799999999992,0.1297832978329776
V1,RS,2011-05,13.5,13.667575,0.16757499999999936,0.16771167711677215
V1,RS,2011-06,12.8,13.000521,0.20052100000000017,0.20065100651006595
V1,RS,2011-07,12.2,12.401133,0.20113300000000045,0.20125701257012807
V1,RS,2011-08,10.7,10.757631,0.057631000000000654,0.05773857738577348
V1,RS,2011-09,9.4,9.440027,0.04002700000000026,0.04012140121401231
V1,RS,2011-10,8.8,8.839132,0.03913199999999861,0.03922039220392115
V1,RS,2011-11,8.3,8.269076,-0.030924000000000618,-0.03084130841308408
V1,RS,2011-12,6.9,6.866383,-0.03361700000000045,-0.03354833548335545
V1,RS,2012-01,5.6,5.562339000000001,-0.037660999999999056,-0.03771662283377086
V1,RS,2012-02,4.9,5.05999,0.15998999999999963,0.1599394006059942
V1,RS,2012-03,3.2,3.705607,0.5056069999999999,0.5055699443005572
V1,RS,2012-04,2.7,3.169083,0.4690829999999999,0.4690513094869053
V1,RS,2012-05,4.6,4.965692000000001,0.365692000000001,0.3656423435765648
V1,RS,2012-06,6,6.25834,0.25833999999999957,0.25827741722582864
V1,RS,2012-07,6.2,6.3840580000000005,0.18405800000000028,0.18399416005839964
V1,RS,2012-08,7.9,7.925255,0.025254999999999583,0.02517574824251767
V1,RS,2012-09,10.2,10.214799,0.014799000000000007,0.01469685303147017
V1,RS,2012-10,12.9,12.9057,0.00569999999999915,0.005570944290557378
V1,RS,2012-11,12.2,12.25311,0.05311000000000021,0.052987470125298586
V1,RS,2012-12,12.3,12.32151,0.021509999999999252,0.021386786132138624
V1,RS,2013-01,12.7,13.079730999999999,0.3797309999999996,0.3797309999999996
V1,RS,2013-02,12.3,12.668581,0.36858099999999894,0.36858099999999894
V1,RS,2013-03,11.2,11.636537,0.4365370000000013,0.4365370000000013
V1,RS,2013-04,11.5,12.022396,0.5223960000000005,0.5223960000000005
V1,RS,2013-05,9.5,9.845312,0.34531199999999984,0.34531199999999984
V1,RS,2013-06,9.6,10.010947,0.4109470000000002,0.4109470000000002
V1,RS,2013-07,8.8,9.03318,0.23317999999999905,0.23317999999999905
V1,RS,2013-08,7.5,7.677478,0.1774779999999998,0.1774779999999998
V1,RS,2013-09,5.1,5.336598,0.23659800000000075,0.23659800000000075
V1,RS,2013-10,2.5,2.600672,0.10067199999999987,0.10067199999999987
V1,RS,2013-11,1.8,1.831543,0.03154299999999988,0.03154299999999988
V1,RS,2013-12,2.3,2.3424519999999998,0.042451999999999934,0.042451999999999934
V1,RS,2014-01,3,3.279171,0.27917099999999984,0.2791382086179137
V1,RS,2014-02,2.7,2.847737,0.14773699999999979,0.14770852291477032
V1,RS,2014-03,2.5,2.669976,0.16997600000000013,0.1699493005069952
V1,RS,2014-04,2.2,2.437102,0.2371019999999997,0.23707762922370756
V1,RS,2014-05,2.5,2.67456,0.17456000000000005,0.17453325466745317
V1,RS,2014-06,1.5,1.774087,0.27408699999999997,0.2740692593074068
V1,RS,2014-07,2.4,2.505806,0.10580600000000029,0.10578094219057821
V1,RS,2014-08,1.9,1.928733,0.02873300000000012,0.028713712862871388
V1,RS,2014-09,2.5,2.454929,-0.04507100000000008,-0.0450955490445093
V1,RS,2014-10,1.9,1.9384160000000001,0.03841600000000023,0.038396616033839814
V1,RS,2014-11,2.4,2.4313140000000004,0.03131400000000051,0.03128968710312918
V1,RS,2014-12,1.9,1.9299400000000002,0.0299400000000003,0.029920700792992472
V1,RS,2015-01,0.4,0.5225820000000001,0.12258200000000008,0.12257677423225788
V1,RS,2015-02,0.8,0.9939600000000001,0.19396000000000002,0.19395006049939512
V1,RS,2015-03,1.6,1.8266550000000001,0.22665500000000005,0.226636733632664
V1,RS,2015-04,1.6,1.8353660000000003,0.2353660000000002,0.2353476465235349
V1,RS,2015-05,1.4,1.56796,0.1679600000000001,0.16794432055679454
V1,RS,2015-06,1.9,2.108355,0.20835500000000007,0.20833391666083356
V1,RS,2015-07,1.2,1.2256230000000001,0.025623000000000173,0.02561074389256124
V1,RS,2015-08,2.2,2.2627580000000003,0.06275800000000009,0.06273537264627338
V1,RS,2015-09,1.6,1.676341,0.07634099999999999,0.07632423675763245
V1,RS,2015-10,1.7,1.7311640000000001,0.03116400000000019,0.031146688533114864
V1,RS,2015-11,1.6,1.6071180000000003,0.00711800000000018,0.007101928980710159
V1,RS,2015-12,1.8,1.8280040000000002,0.02800400000000014,0.027985720142798653
V1,RS,2016-01,2.7,2.717469,0.017468999999999735,0.017468999999999735
V1,RS,2016-02,1.9,2.007978,0.10797800000000013,0.10797800000000013
V1,RS,2016-03,1.1,1.2429760000000003,0.14297600000000021,0.14297600000000021
V1,RS,2016-04,0.9,0.984254,0.08425399999999994,0.08425399999999994
V1,RS,2016-05,0.8,0.9219950000000001,0.12199500000000008,0.12199500000000008
V1,RS,2016-06,0.3,0.432217,0.13221700000000003,0.13221700000000003
V1,RS,2016-07,1.2,1.1987230000000002,-0.0012769999999997506,-0.0012769999999997506
V1,RS,2016-08,1.3,1.31675,0.016750000000000043,0.016750000000000043
V1,RS,2016-09,0.8,0.793081,-0.0069190000000000085,-0.0069190000000000085
V1,RS,2016-10,1.6,1.597668,-0.0023320000000000007,-0.0023320000000000007
V1,RS,2016-11,1.7,1.648346,-0.05165399999999987,-0.05165399999999987
V1,RS,2016-12,1.7,1.653362,-0.04663799999999996,-0.04663799999999996
V1,RS,2017-01,2.5,2.43382,-0.06618000000000013,-0.0662043379566204
V1,RS,2017-02,3.3,3.31495,0.014950000000000241,0.014916850831491857
V1,RS,2017-03,3.7,3.7076279999999997,0.007627999999999524,0.007590924090758566
V1,RS,2017-04,4.3,4.264417,-0.03558299999999992,-0.03562564374356292
V1,RS,2017-05,3.8,3.73663,-0.06336999999999993,-0.06340736592634055
V1,RS,2017-06,3.8,3.822883,0.02288300000000021,0.02284477155228437
V1,RS,2017-07,3.4,3.401982,0.0019819999999999283,0.0019479805201947364
V1,RS,2017-08,2.6,2.60421,0.004210000000000047,0.004183958160418388
V1,RS,2017-09,3.3,3.2778680000000002,-0.022131999999999596,-0.022164778352216086
V1,RS,2017-10,2.8,2.807341,0.007341000000000264,0.007312926870731484
V1,RS,2017-11,2.9,2.8617019999999997,-0.038298000000000165,-0.03832661673383253
V1,RS,2017-12,3,3.027533,0.02753300000000003,0.027502724972750414
V1,RS,2018-01,2,2.0424610000000003,0.042461000000000304,0.042461000000000304
V1,RS,2018-02,1.7,1.6806940000000001,-0.019305999999999823,-0.019305999999999823
V1,RS,2018-03,1.5,1.4764830000000002,-0.023516999999999788,-0.023516999999999788
V1,RS,2018-04,1,1.0335910000000001,0.03359100000000015,0.03359100000000015
V1,RS,2018-05,2.2,2.193185,-0.0068150000000000155,-0.0068150000000000155
V1,RS,2018-06,2.5,2.4468010000000002,-0.053198999999999774,-0.053198999999999774
V1,RS,2018-07,2.4,2.416455,0.01645500000000011,0.01645500000000011
V1,RS,2018-08,2.6,2.5772790000000003,-0.02272099999999977,-0.02272099999999977
V1,RS,2018-09,2.1,2.0954070000000002,-0.004592999999999847,-0.004592999999999847
V1,RS,2018-10,2.2,2.257804,0.057803999999999967,0.057803999999999967
V1,RS,2018-11,1.9,1.942802,0.04280200000000001,0.04280200000000001
V1,RS,2018-12,2,2.002789,0.0027889999999999304,0.0027889999999999304
V1,RS,2019-01,2,2.057394,0.057393999999999945,0.05741457414574125
V1,RS,2019-02,2.3,2.3419950000000003,0.04199500000000045,0.042018420184201766
V1,RS,2019-03,2.7,2.659498,-0.04050200000000004,-0.04047540475404787
V1,RS,2019-04,3,2.960654,-0.0393460000000001,-0.03931639316393154
V1,RS,2019-05,1.9,1.958763,0.05876300000000012,0.05878258782587831
V1,RS,2019-06,1.4,1.42538,0.02538000000000018,0.02539425394253958
V1,RS,2019-07,1.7,1.716879,0.01687900000000009,0.01689616896168955
V1,RS,2019-08,1.4,1.466647,0.06664700000000012,0.06666166661666617
V1,RS,2019-09,1.4,1.4229,0.022900000000000142,0.022914229142291465
V1,RS,2019-10,1.2,1.189437,-0.010562999999999878,-0.010551105511054981
V1,RS,2019-11,1.7,1.705116,0.0051160000000001205,0.0051330513305132275
V1,RS,2019-12,2.1,2.0723960000000003,-0.02760399999999974,-0.027583275832758325
V1,RS,2020-01,2.3,2.295807,-0.004192999999999891,-0.004192999999999891
V1,RS,2020-02,2.3,2.288133,-0.011866999999999628,-0.011866999999999628
V1,RS,2020-03,1.7,1.769477,0.06947700000000001,0.06947700000000001
V1,RS,2020-04,1.2,1.1910920000000003,-0.008907999999999694,-0.008907999999999694
V1,RS,2020-05,1.1,1.126696,0.02669599999999983,0.02669599999999983
V1,RS,2020-06,1.8,1.8274260000000002,0.027426000000000172,0.027426000000000172
V1,RS,2020-07,2.2,2.16693,-0.03307000000000038,-0.03307000000000038
V1,RS,2020-08,1.9,1.9057180000000002,0.005718000000000334,0.005718000000000334
V1,RS,2020-09,1.8,1.817844,0.01784399999999997,0.01784399999999997
V1,RS,2020-10,1.8,1.770585,-0.02941499999999997,-0.02941499999999997
V1,RS,2020-11,1.7,1.6428,-0.05719999999999992,-0.05719999999999992
V1,RS,2020-12,1.3,1.2949120000000003,-0.005087999999999759,-0.005087999999999759
V1,RS,2021-01,1.2,1.318992,0.11899199999999999,0.11900519005190069
V1,RS,2021-02,1.1,1.191133,0.09113299999999991,0.09114491144911452
V1,RS,2021-03,1.7,1.7653489999999998,0.06534899999999988,0.06536665366653671
V1,RS,2021-04,2.6,2.627134,0.02713399999999977,0.027160271602715724
V1,RS,2021-05,3.5,3.5115950000000002,0.011595000000000244,0.011630116301163174
V1,RS,2021-06,3.1,3.179646,0.07964599999999988,0.07967779677796782
V1,RS,2021-07,3.1,3.182324,0.08232399999999984,0.08235582355823556
V1,RS,2021-08,4.2,4.254935000000001,0.0549350000000004,0.05497754977549718
V1,RS,2021-09,5.6,5.626061,0.026061000000000334,0.026117261172612594
V1,RS,2021-10,6.5,6.544753,0.04475300000000004,0.044818448184481774
V1,RS,2021-11,7.5,7.485117,-0.014883000000000202,-0.014808148081480788
V1,RS,2021-12,7.9,7.865615000000001,-0.034384999999999444,-0.034306343063430944
V1,RS,2022-01,8.2,8.21098,0.01097999999999999,0.01081578368432723
V1,RS,2022-02,8.8,8.77713,-0.022870000000001056,-0.023045539089219247
V1,RS,2022-03,9.1,9.103991,0.003991000000000966,0.0038089238215235355
V1,RS,2022-04,9.5,9.523346,0.02334600000000009,0.023155536889262862
V1,RS,2022-05,10.2,10.244448,0.04444800000000093,0.04424311513769652
V1,RS,2022-06,11.6,11.648309999999999,0.048309999999998965,0.0480770384592315
V1,RS,2022-07,12.5,12.516167,0.016166999999999376,0.015916681666366728
V1,RS,2022-08,12.8,12.790294,-0.009706000000001325,-0.009961800763985451
V1,RS,2022-09,13.5,13.553457,0.053456999999999866,0.05318593628127388
V1,RS,2022-10,14.5,14.530577999999998,0.03057799999999844,0.030287394252114908
V1,RS,2022-11,14.6,14.56596,-0.03403999999999918,-0.03433131337373041
V1,RS,2022-12,14.6,14.604657,0.004656999999999911,0.004364912701745993
V1,RS,2023-01,15.3,15.376991,0.07699099999999959,0.07699099999999959
V1,RS,2023-02,15.5,15.627642,0.1276419999999998,0.1276419999999998
V1,RS,2023-03,15.6,15.720610999999998,0.12061099999999847,0.12061099999999847
V1,RS,2023-04,14.8,14.858072,0.058071999999999235,0.058071999999999235
V1,RS,2023-05,14.5,14.685193,0.18519299999999994,0.18519299999999994
V1,RS,2023-06,13.5,13.716342,0.21634199999999915,0.21634199999999915
V1,RS,2023-07,12.4,12.514802999999999,0.11480299999999843,0.11480299999999843
V1,RS,2023-08,11.5,11.518344999999998,0.01834499999999828,0.01834499999999828
V1,RS,2023-09,10.2,10.156401,-0.04359899999999861,-0.04359899999999861
V1,RS,2023-10,8.5,8.470326,-0.029673999999999978,-0.029673999999999978
V1,RS,2023-11,7.9,7.9296,0.029599999999999405,0.029599999999999405
V1,RS,2023-12,7.5,7.518051,0.018050999999999817,0.018050999999999817
V1,RS,2024-01,6.4,6.408014,0.0080139999999993,0.008078080780808072
V1,RS,2024-02,5.7,5.671709,-0.028291000000000288,-0.028234282342823214
V1,RS,2024-03,5.1,5.126982,0.026982000000000284,0.027033270332704085
V1,RS,2024-04,5.1,5.068108,-0.03189200000000003,-0.03184131841318383
V1,RS,2024-05,4.5,4.574523,0.07452300000000012,0.07456874568745686
V1,RS,2024-06,3.9,4.024872,0.12487200000000032,0.12491224912249121
V1,RS,2024-07,4.4,4.390951,-0.009049000000000085,-0.00900509005090111
V1,RS,2024-08,4.4,4.373913,-0.026087000000000415,-0.026043260432604853
V1,RS,2024-09,4.3,4.282901,-0.017098999999999975,-0.017056170561705386
V1,RS,2024-10,4.6,4.597543000000001,-0.0024569999999988212,-0.0024110241102404117
V1,RS,2024-11,4.4,4.426897,0.02689699999999995,0.026941269412693813
V1,RS,2024-12,4.5,4.507805,0.007805000000000284,0.007850078500784896
V1,RS,2025-01,4.8,4.843213,0.04321300000000061,0.04316456835431648
V1,RS,2025-02,4.7,4.765539,0.06553900000000024,0.0654913450865493
V1,RS,2025-03,4.5,4.502264,0.002264000000000266,0.002218977810222178
V1,RS,2025-04,4,4.0814580000000005,0.08145800000000047,0.08141718582814228
V1,RS,2025-05,3.9,3.9024460000000003,0.0024460000000003923,0.0024069759302411953
V1,RS,2025-06,4.7,4.729714,0.02971400000000024,0.029666703332966726
V1,RS,2025-07,5,5.024900000000001,0.02490000000000059,0.024849751502485695
V1,RS,2025-08,4.8,4.848027,0.048027000000000264,0.04797852021479798
V1,RS,2025-09,3.2,3.179451,-0.020549000000000373,-0.02058079419205816
V1,RS,2025-10,3.1,3.101864,0.0018639999999998658,0.001832981670183198
V1,RS,2025-11,3.1,3.062149,-0.0378510000000003,-0.03788162118378802
V1,RS,2025-12,3,3.000393,3.929999999998657e-4,3.629963700362282e-4
V1,RS,2026-01,2.7,2.68112,-0.01888000000000023,-0.01893362132757348
V1,RS,2026-02,2.6,2.645048,0.04504799999999998,0.04499510009799801
V1,RS,2026-03,3.1,3.0985650000000002,-0.001434999999999853,-0.0014969700605989011
V1,RS,2026-04,3.6,3.650649,0.050648999999999944,0.05057598848023037
V1,RS,2026-05,3.8,3.8028060000000004,0.0028060000000005303,0.00272994540109206
V1,RS,2026-06,3,3.100242,0.10024200000000016,0.10017999640007202
V1,RS,2026-07,2.2,2.329374,0.12937399999999988,0.12932741345173104
V1,RS,2026-08,2.5,2.629363,0.12936300000000012,0.12931041379172425
V1,XK,2016-01,0.1,0.2287400000000001,0.1287400000000001,0.1287400000000001
V1,XK,2016-02,0,0.1359600000000002,0.1359600000000002,0.1359600000000002
V1,XK,2016-03,0.1,0.15369000000000024,0.05369000000000024,0.05369000000000024
V1,XK,2016-04,-0.1,-0.12193999999999978,-0.02193999999999978,-0.02193999999999978
V1,XK,2016-05,-0.1,-0.15093999999999988,-0.050939999999999874,-0.050939999999999874
V1,XK,2016-06,-0.3,-0.3368499999999999,-0.03684999999999994,-0.03684999999999994
V1,XK,2016-07,0,-0.11357999999999988,-0.11357999999999988,-0.11357999999999988
V1,XK,2016-08,0,-0.055399999999999915,-0.055399999999999915,-0.055399999999999915
V1,XK,2016-09,0.5,0.44843,-0.051570000000000005,-0.051570000000000005
V1,XK,2016-10,0.9,0.87863,-0.02137,-0.02137
V1,XK,2016-11,0.9,0.88206,-0.017940000000000067,-0.017940000000000067
V1,XK,2016-12,1.3,1.2913999999999999,-0.008600000000000163,-0.008600000000000163
V1,XK,2017-01,1.7,1.76936,0.06936000000000009,0.06936000000000009
V1,XK,2017-02,1.7,1.7700299999999998,0.07002999999999981,0.07002999999999981
V1,XK,2017-03,1.5,1.58615,0.08614999999999995,0.08614999999999995
V1,XK,2017-04,2.2,2.34842,0.14841999999999977,0.14841999999999977
V1,XK,2017-05,1.5,1.5420399999999999,0.042039999999999855,0.042039999999999855
V1,XK,2017-06,1.9,1.97076,0.07076000000000016,0.07076000000000016
V1,XK,2017-07,1.7,1.7278600000000002,0.027860000000000218,0.027860000000000218
V1,XK,2017-08,1.7,1.74004,0.040040000000000076,0.040040000000000076
V1,XK,2017-09,1.7,1.7072800000000001,0.007280000000000175,0.007280000000000175
V1,XK,2017-10,0.9,0.8985299999999999,-0.0014700000000000824,-0.0014700000000000824
V1,XK,2017-11,0.9,0.8701099999999999,-0.029890000000000083,-0.029890000000000083
V1,XK,2017-12,0.5,0.51991,0.019909999999999983,0.019909999999999983
V1,XK,2018-01,-0.2,-0.16995000000000013,0.030049999999999882,0.030049999999999882
V1,XK,2018-02,0,-0.008750000000000062,-0.008750000000000062,-0.008750000000000062
V1,XK,2018-03,0.1,0.12835999999999984,0.02835999999999983,0.02835999999999983
V1,XK,2018-04,0.4,0.40639999999999993,0.006399999999999906,0.006399999999999906
V1,XK,2018-05,1,1.01538,0.01537999999999995,0.01537999999999995
V1,XK,2018-06,0.8,0.8264999999999998,0.026499999999999746,0.026499999999999746
V1,XK,2018-07,1.2,1.2458799999999999,0.04587999999999992,0.04587999999999992
V1,XK,2018-08,1.5,1.4739899999999997,-0.02601000000000031,-0.02601000000000031
V1,XK,2018-09,1.4,1.4773599999999998,0.07735999999999987,0.07735999999999987
V1,XK,2018-10,1.5,1.4665799999999998,-0.03342000000000023,-0.03342000000000023
V1,XK,2018-11,2.1,2.0696299999999996,-0.030370000000000452,-0.030370000000000452
V1,XK,2018-12,2.9,2.9077999999999995,0.007799999999999585,0.007799999999999585
V1,XK,2019-01,3.1,3.1705019999999995,0.0705019999999994,0.0705019999999994
V1,XK,2019-02,3.2,3.1873729999999996,-0.01262700000000061,-0.01262700000000061
V1,XK,2019-03,3.3,3.290367,-0.009633000000000003,-0.009633000000000003
V1,XK,2019-04,3.4,3.4085289999999997,0.008528999999999787,0.008528999999999787
V1,XK,2019-05,3.4,3.4429189999999994,0.042918999999999485,0.042918999999999485
V1,XK,2019-06,3,2.9785989999999996,-0.021401000000000447,-0.021401000000000447
V1,XK,2019-07,2.6,2.621223,0.021222999999999992,0.021222999999999992
V1,XK,2019-08,2.7,2.7039079999999998,0.0039079999999995785,0.0039079999999995785
V1,XK,2019-09,2.4,2.448072,0.04807199999999989,0.04807199999999989
V1,XK,2019-10,2.2,2.241173,0.04117299999999968,0.04117299999999968
V1,XK,2019-11,1.7,1.7210179999999997,0.02101799999999976,0.02101799999999976
V1,XK,2019-12,1.2,1.16905,-0.030950000000000033,-0.030950000000000033
V1,XK,2020-01,1.6,1.53634,-0.06366000000000005,-0.06366000000000005
V1,XK,2020-02,1,0.98306,-0.016939999999999955,-0.016939999999999955
V1,XK,2020-03,0.7,0.72645,0.026450000000000085,0.026450000000000085
V1,XK,2020-04,0.3,0.24003,-0.059969999999999996,-0.059969999999999996
V1,XK,2020-05,0.2,0.1594799999999998,-0.04052000000000022,-0.04052000000000022
V1,XK,2020-06,0.1,0.09778000000000005,-0.002219999999999958,-0.002219999999999958
V1,XK,2020-07,-0.1,-0.09898000000000018,0.0010199999999998266,0.0010199999999998266
V1,XK,2020-08,-0.5,-0.5075000000000001,-0.007500000000000062,-0.007500000000000062
V1,XK,2020-09,-0.4,-0.46445000000000014,-0.06445000000000012,-0.06445000000000012
V1,XK,2020-10,-0.2,-0.20092000000000004,-9.200000000000319e-4,-9.200000000000319e-4
V1,XK,2020-11,-0.3,-0.29840000000000017,0.0015999999999998238,0.0015999999999998238
V1,XK,2020-12,0.1,0.06258000000000012,-0.037419999999999884,-0.037419999999999884
V1,XK,2021-01,-0.2,-0.2975699999999999,-0.09756999999999988,-0.09756999999999988
V1,XK,2021-02,0.7,0.6540900000000001,-0.045909999999999895,-0.045909999999999895
V1,XK,2021-03,1.2,1.1797,-0.020299999999999985,-0.020299999999999985
V1,XK,2021-04,1.9,1.8875,-0.012499999999999956,-0.012499999999999956
V1,XK,2021-05,2,2.0292999999999997,0.02929999999999966,0.02929999999999966
V1,XK,2021-06,2.4,2.35932,-0.04068000000000005,-0.04068000000000005
V1,XK,2021-07,3.5,3.42469,-0.07530999999999999,-0.07530999999999999
V1,XK,2021-08,4.7,4.60675,-0.09325000000000028,-0.09325000000000028
V1,XK,2021-09,4.9,4.7642299999999995,-0.13577000000000083,-0.13577000000000083
V1,XK,2021-10,5.7,5.63217,-0.06782999999999983,-0.06782999999999983
V1,XK,2021-11,6.9,6.837079999999999,-0.06292000000000098,-0.06292000000000098
V1,XK,2021-12,6.7,6.72283,0.022829999999999906,0.022829999999999906
V1,XK,2022-01,7.1,7.109380000000001,0.009380000000001054,0.009380000000001054
V1,XK,2022-02,7.5,7.5134799999999995,0.013479999999999492,0.013479999999999492
V1,XK,2022-03,10,10.05081,0.050810000000000244,0.050810000000000244
V1,XK,2022-04,11.2,11.32115,0.12115000000000009,0.12115000000000009
V1,XK,2022-05,12.5,12.549090000000001,0.04909000000000141,0.04909000000000141
V1,XK,2022-06,14.1,14.1592,0.059200000000000585,0.059200000000000585
V1,XK,2022-07,14.2,14.282499999999999,0.08249999999999957,0.08249999999999957
V1,XK,2022-08,13,13.12167,0.12166999999999994,0.12166999999999994
V1,XK,2022-09,12.7,12.77946,0.07946000000000097,0.07946000000000097
V1,XK,2022-10,12.7,12.755199999999999,0.05519999999999925,0.05519999999999925
V1,XK,2022-11,11.6,11.63431,0.03430999999999962,0.03430999999999962
V1,XK,2022-12,12.1,12.07889,-0.021110000000000184,-0.021110000000000184
V1,XK,2023-01,12,12.264308,0.26430799999999977,0.2645532910658215
V1,XK,2023-02,10.5,10.714536,0.21453600000000073,0.21475029500590104
V1,XK,2023-03,7.1,7.161271,0.06127100000000052,0.06141422828456555
V1,XK,2023-04,5.6,5.607994,0.007994000000000057,0.008106162123242555
V1,XK,2023-05,4.3,4.441450000000001,0.14145000000000074,0.1415388307766161
V1,XK,2023-06,2.8,2.9774779999999996,0.1774779999999998,0.17753755075101507
V1,XK,2023-07,2.4,2.4257889999999995,0.025788999999999618,0.025837516750335077
V1,XK,2023-08,3.2,3.193394,-0.006606000000000112,-0.006542130842616789
V1,XK,2023-09,4.3,4.254595,-0.045404999999999696,-0.04531990639812822
V1,XK,2023-10,3.3,3.257488,-0.04251199999999988,-0.042446848936978476
V1,XK,2023-11,2.9,2.8986660000000004,-0.0013339999999995023,-0.0012760255205104265
V1,XK,2023-12,2.3,2.320922,0.020922000000000107,0.020968419368387448
V1,XK,2024-01,1.8,1.9244320000000001,0.1244320000000001,0.1244320000000001
V1,XK,2024-02,2.2,2.315371,0.11537099999999967,0.11537099999999967
V1,XK,2024-03,2.3,2.426461,0.12646100000000038,0.12646100000000038
V1,XK,2024-04,2.4,2.459419,0.05941900000000011,0.05941900000000011
V1,XK,2024-05,2.4,2.4145689999999997,0.014568999999999832,0.014568999999999832
V1,XK,2024-06,2.4,2.384286,-0.015714000000000006,-0.015714000000000006
V1,XK,2024-07,2.2,2.18349,-0.016510000000000247,-0.016510000000000247
V1,XK,2024-08,1.4,1.398005,-0.001994999999999969,-0.001994999999999969
V1,XK,2024-09,0.2,0.2365440000000001,0.036544000000000076,0.036544000000000076
V1,XK,2024-10,0.4,0.450993,0.050992999999999955,0.050992999999999955
V1,XK,2024-11,0.7,0.6555080000000001,-0.044491999999999865,-0.044491999999999865
V1,XK,2024-12,1.1,1.119938,0.01993800000000001,0.01993800000000001
V1,XK,2025-01,1.5,1.380718,-0.11928200000000011,-0.11928200000000011
V1,XK,2025-02,1.8,1.65619,-0.14381,-0.14381
V1,XK,2025-03,2.9,2.8216439999999996,-0.07835600000000031,-0.07835600000000031
V1,XK,2025-04,3,2.92951,-0.07048999999999994,-0.07048999999999994
V1,XK,2025-05,3.6,3.5697099999999997,-0.030290000000000372,-0.030290000000000372
V1,XK,2025-06,4.3,4.295597,-0.004402999999999935,-0.004402999999999935
V1,XK,2025-07,4.3,4.210925,-0.08907500000000024,-0.08907500000000024
V1,XK,2025-08,4.5,4.473002,-0.026997999999999855,-0.026997999999999855
V1,XK,2025-09,4.7,4.680181999999999,-0.01981800000000078,-0.01981800000000078
V1,XK,2025-10,5.1,5.1634,0.06340000000000057,0.06340000000000057
V1,XK,2025-11,5.3,5.3582,0.05820000000000025,0.05820000000000025
V1,XK,2025-12,5.3,5.2810310000000005,-0.018968999999999347,-0.018968999999999347
V1,XK,2026-01,5.8,5.857641,0.057641000000000275,0.05769957699577066
V1,XK,2026-02,5.8,5.839562,0.0395620000000001,0.039620396203962294
V1,XK,2026-03,6.5,6.552492,0.05249199999999998,0.052557525575255504
V1,XK,2026-04,7.5,7.549491000000001,0.04949100000000062,0.049566495664956634
V1,XK,2026-05,6.8,6.834657999999999,0.03465799999999941,0.03472634726347312
V1,XK,2026-06,6,6.042338999999999,0.04233899999999924,0.04239942399423935
V1,XK,2026-07,6.5,6.466553,-0.03344699999999978,-0.03338233382333833
V1,XK,2026-08,7.3,7.263118,-0.036881999999999415,-0.03680936809368074
V2,AL,2016-12,2.489999999999992,2.483741399999993,-0.006258599999999337,-0.006283437165627959
V2,AL,2017-01,3.960396039603964,4.047589051395858,0.08719301179189376,0.08719301179189376
V2,AL,2017-02,3.725068439577628,3.88826659975405,0.1631981601764223,0.1631981601764223
V2,AL,2017-03,3.8035019455252783,3.9878586687937063,0.184356723268428,0.184356723268428
V2,AL,2017-04,3.616459779102721,3.7677558046555024,0.15129602555278154,0.15129602555278154
V2,AL,2017-05,3.3894945490584583,3.4640623686160574,0.07456781955759917,0.07456781955759917
V2,AL,2017-06,3.7317900618639044,3.773277497577944,0.04148743571403957,0.04148743571403957
V2,AL,2017-07,2.950852357691147,2.9912592467964934,0.04040688910534618,0.04040688910534618
V2,AL,2017-08,2.546890424481729,2.6292558497147787,0.08236542523304946,0.08236542523304946
V2,AL,2017-09,2.6556506344054265,2.590514302274827,-0.06513633213059933,-0.06513633213059933
V2,AL,2017-10,3.1860327480765394,3.094581287728658,-0.09145146034788132,-0.09145146034788132
V2,AL,2017-11,2.434936908517349,2.372326995805392,-0.06260991271195682,-0.06260991271195682
V2,AL,2017-12,2.409991218655483,2.4168807036906186,0.006889485035135756,0.006889485035135756
V2,AL,2018-01,1.70476190476192,1.7290246626752128,0.0242627579132928,0.02431463020934177
V2,AL,2018-02,1.6212649637100673,1.6854963794035343,0.06423141569346691,0.06428198210184122
V2,AL,2018-03,1.3588229781651195,1.441940891104678,0.0831179129395585,0.0831611724640775
V2,AL,2018-04,1.6696538062446864,1.728457907759292,0.05880410151460569,0.058855956807497334
V2,AL,2018-05,1.821319018404921,1.8345304912367468,0.013211472831825777,0.013266510397689668
V2,AL,2018-06,2.0969603693728356,2.111244601011273,0.014284231638437284,0.014347570876644511
V2,AL,2018-07,2.314321681030318,2.314939178608571,6.174975782529124e-4,6.869478371185345e-4
V2,AL,2018-08,2.0600693107431622,2.067129423536357,0.00706011279319485,0.0071221285363733955
V2,AL,2018-09,1.8875155696081336,1.8831162385445006,-0.004399331063632994,-0.004342835881621321
V2,AL,2018-10,1.2427110218908188,1.2572868257580776,0.014575803867258763,0.014613523603623557
V2,AL,2018-11,1.443556924261391,1.4239698177985836,-0.01958710646280748,-0.019544386086662424
V2,AL,2018-12,1.8197408536585469,1.8180919138935474,-0.0016489397649994686,-0.001594395371250945
V2,AL,2019-01,2.4065923775634435,2.480803027866826,0.07421065030338259,0.07421065030338259
V2,AL,2019-02,2.263240886745188,2.382373409764611,0.1191325230194229,0.1191325230194229
V2,AL,2019-03,1.470044378698221,1.6225821214033043,0.15253774270508336,0.15253774270508336
V2,AL,2019-04,1.5680089070328362,1.6650604534634432,0.09705154643060698,0.09705154643060698
V2,AL,2019-05,1.6569384296742706,1.7063790819015385,0.0494406522272679,0.0494406522272679
V2,AL,2019-06,1.5262860373092213,1.5775067774659857,0.051220740156764366,0.051220740156764366
V2,AL,2019-07,1.5332197614991605,1.5637110901722535,0.03049132867309301,0.03049132867309301
V2,AL,2019-08,1.4997170345217858,1.5431737928683096,0.04345675834652374,0.04345675834652374
V2,AL,2019-09,1.4105698702275626,1.4741871608585047,0.06361729063094201,0.06361729063094201
V2,AL,2019-10,1.586252478519512,1.62678832012181,0.04053584160229806,0.04053584160229806
V2,AL,2019-11,1.8404325965278412,1.8704799955390163,0.030047399011175147,0.030047399011175147
V2,AL,2019-12,1.4503602507719648,1.4495238865257165,-8.363642462483334e-4,-8.363642462483334e-4
V2,AL,2020-01,1.600219458668617,1.6201080203941054,0.019888561725488474,0.019888561725488474
V2,AL,2020-02,1.3786848072562252,1.4069632608120395,0.028278453555814265,0.028278453555814265
V2,AL,2020-03,2.6241457858769968,2.605448475219342,-0.018697310657654675,-0.018697310657654675
V2,AL,2020-04,2.311135470905268,2.3001327884035763,-0.011002682501691563,-0.011002682501691563
V2,AL,2020-05,2.7782922763474716,2.778118995353874,-1.7328099359747995e-4,-1.7328099359747995e-4
V2,AL,2020-06,2.23645137342241,2.243223688027941,0.006772314605530738,0.006772314605530738
V2,AL,2020-07,2.1532438478747196,2.1501333351298566,-0.003110512744862959,-0.003110512744862959
V2,AL,2020-08,2.0630052969054846,2.0569015987163866,-0.006103698189098061,-0.006103698189098061
V2,AL,2020-09,2.318249258160243,2.3184470807602118,1.9782259996858897e-4,1.9782259996858897e-4
V2,AL,2020-10,2.8720141277070343,2.8756549161328495,0.003640788425815167,0.003640788425815167
V2,AL,2020-11,2.170470423847237,2.1697429189473687,-7.27504899868503e-4,-7.27504899868503e-4
V2,AL,2020-12,1.5126360450101517,1.5179832421881447,0.005347197177993035,0.005347197177993035
V2,AL,2021-01,0.5580055800558092,0.5706870706397672,0.012681490583957955,0.012681490583957955
V2,AL,2021-02,1.350988637380346,1.3442372894244081,-0.006751347955937792,-0.006751347955937792
V2,AL,2021-03,1.3850661457870839,1.39687290648004,0.011806760692956164,0.011806760692956164
V2,AL,2021-04,2.089285714285727,2.0767370332321877,-0.012548681053539124,-0.012548681053539124
V2,AL,2021-05,2.3337538295188143,2.3265739815953332,-0.007179847923481031,-0.007179847923481031
V2,AL,2021-06,2.0967595534174377,2.103486096756002,0.0067265433385643725,0.0067265433385643725
V2,AL,2021-07,2.664476685829009,2.6618982988096205,-0.002578387019388728,-0.002578387019388728
V2,AL,2021-08,2.64954930346899,2.6507221210391823,0.001172817570192386,0.001172817570192386
V2,AL,2021-09,2.6463657785028127,2.634926029628004,-0.011439748874808586,-0.011439748874808586
V2,AL,2021-10,2.4846404047704995,2.483442502622505,-0.001197902147994423,-0.001197902147994423
V2,AL,2021-11,3.3278628738147242,3.337972348489189,0.010109474674464547,0.010109474674464547
V2,AL,2021-12,3.825186262038871,3.8224227900951964,-0.0027634719436746558,-0.0027634719436746558
V2,AL,2022-01,3.8485635012977637,3.8250848454871194,-0.023478655810644344,-0.023478655810644344
V2,AL,2022-02,4.02542372881356,4.0302916769834445,0.004867948169884784,0.004867948169884784
V2,AL,2022-03,5.674752605306943,5.708054607238397,0.03330200193145405,0.03330200193145405
V2,AL,2022-04,6.148329543466846,6.185949794006487,0.03762025053964102,0.03762025053964102
V2,AL,2022-05,5.9963018402747315,6.017582517335262,0.021280677060530273,0.021280677060530273
V2,AL,2022-06,6.623399715504985,6.6235329454386145,1.332299336294085e-4,1.332299336294085e-4
V2,AL,2022-07,7.199360056883819,7.194288431206393,-0.005071625677426361,-0.005071625677426361
V2,AL,2022-08,7.734610608479686,7.727050780430799,-0.007559828048886885,-0.007559828048886885
V2,AL,2022-09,7.902171993642937,7.899870981131627,-0.0023010125113103186,-0.0023010125113103186
V2,AL,2022-10,8.040201005025116,8.036553740910964,-0.003647264114151838,-0.003647264114151838
V2,AL,2022-11,7.994352775081626,7.9910549639955075,-0.003297811086118152,-0.003297811086118152
V2,AL,2022-12,7.5435372363700015,7.540444528718731,-0.0030927076512705653,-0.0030927076512705653
V2,AL,2023-01,7.092993191416008,6.819004068533772,-0.2739891228822362,-0.2739891228822362
V2,AL,2023-02,6.8397827562797,6.79896089324746,-0.04082186303223967,-0.04082186303223967
V2,AL,2023-03,5.452888041766801,5.500224427589508,0.04733638582270672,0.04733638582270672
V2,AL,2023-04,5.001235890252942,4.92551905830165,-0.07571683195129175,-0.07571683195129175
V2,AL,2023-05,5.615550755939536,5.702478989896898,0.08692823395736227,0.08692823395736227
V2,AL,2023-06,5.795047110814622,6.03052106281578,0.23547395200115862,0.23547395200115862
V2,AL,2023-07,5.007876627145347,5.2247551503448895,0.2168785231995427,0.2168785231995427
V2,AL,2023-08,4.6764366869751495,4.5568676698038795,-0.11956901717127,-0.11956901717127
V2,AL,2023-09,4.893216594386707,4.771604750126952,-0.12161184425975513,-0.12161184425975513
V2,AL,2023-10,4.740922072623444,4.809412050692083,0.06848997806863988,0.06848997806863988
V2,AL,2023-11,4.493831195359088,4.483977805254215,-0.009853390104873405,-0.009853390104873405
V2,AL,2023-12,4.499959313206925,4.50342276602139,0.003463452814465029,0.003463452814465029
V2,AL,2024-01,3.798487043296306,3.68548605988185,-0.11300098341445564,-0.11303783790650979
V2,AL,2024-02,2.77204130262112,2.637576757505213,-0.134464545115907,-0.13449092061972712
V2,AL,2024-03,2.444007858546171,2.3674931003275765,-0.07651475821859455,-0.07653843291285112
V2,AL,2024-04,2.299121155053374,2.241960090016473,-0.05716106503690099,-0.05718348441360721
V2,AL,2024-05,2.5011798017932962,2.4752713470599557,-0.02590845473334058,-0.025933207199286823
V2,AL,2024-06,2.514186633039084,2.598948342484684,0.08476170944560035,0.08473572022206755
V2,AL,2024-07,2.5108566916699715,2.538729472661774,0.02787278099180268,0.02784739395094693
V2,AL,2024-08,2.4225263489067173,2.449332865583101,0.026806516676383563,0.0267820235926588
V2,AL,2024-09,2.324674311568753,2.4108011110719296,0.0861267995031767,0.08610269173314355
V2,AL,2024-10,2.2904331567466407,2.3373254536607004,0.04689229691405972,0.04686892389325337
V2,AL,2024-11,2.369223551489541,2.3956152250697507,0.026391673580209662,0.02636771766751833
V2,AL,2024-12,2.452888958106225,2.4481583392604933,-0.004730618845731893,-0.004755100184311356
V2,AL,2025-01,2.442239106838273,2.4975477762583886,0.055308669420115475,0.055283694192105326
V2,AL,2025-02,2.4499574928510848,2.495366340293756,0.04540884744267126,0.045383894028802274
V2,AL,2025-03,2.5237803007057247,2.581499949859251,0.05771964915352612,0.057693834412174905
V2,AL,2025-04,2.5772800490910353,2.6173059679422495,0.040025918851214204,0.03999974605326306
V2,AL,2025-05,2.279005524861888,2.313128435345093,0.03412291048320526,0.03409977943016207
V2,AL,2025-06,2.452525563158292,2.486791697880566,0.03426613472227391,0.03424126705397201
V2,AL,2025-07,2.4031425710544285,2.4526445008563997,0.04950192980197121,0.04947740360222452
V2,AL,2025-08,2.288434956227925,2.3093861186705613,0.020951162442636395,0.02092806881238607
V2,AL,2025-09,2.2489898604864056,2.2600896812215505,0.011099820735144927,0.011077220064338977
V2,AL,2025-10,2.155369383092154,2.173762602725537,0.01839321963338314,0.018371482224730062
V2,AL,2025-11,2.0928811487931576,2.1057820972028667,0.012900948409709123,0.012879890799313287
V2,AL,2025-12,2.1509462643459765,2.1540883870575342,0.003142122711557782,0.0031205820430937337
V2,AL,2026-01,2.2931960947551566,2.2963781095334133,0.0031820147782566366,0.0031820147782566366
V2,AL,2026-02,2.4668074834037546,2.470302118377612,0.00349463497385738,0.00349463497385738
V2,AL,2026-03,2.551440329218102,2.5393747587436386,-0.012065570474463438,-0.012065570474463438
V2,AL,2026-04,2.7592911089508787,2.7487191033050533,-0.010572005645825389,-0.010572005645825389
V2,AL,2026-05,3.271063095506044,3.2522746101113684,-0.01878848539467537,-0.01878848539467537
V2,AL,2026-06,3.1817499624793744,3.174412605389915,-0.007337357089459484,-0.007337357089459484
V2,AL,2026-07,3.3621662279052167,3.3435787009035662,-0.01858752700165045,-0.01858752700165045
V2,AL,2026-08,3.0180180180180205,2.997240543035549,-0.0207774749824714,-0.0207774749824714
V2,EA,1997-01,2.0431168099196872,2.0520460380429313,0.008929228123244037,0.008949748788831258
V2,EA,1997-02,1.8235376630663547,1.8364800625374123,0.012942399471057575,0.012960764455332896
V2,EA,1997-03,1.5515795359239526,1.5505213185033244,-0.0010582174206281714,-0.0010427120523894828
V2,EA,1997-04,1.3117499302260693,1.3287642216973825,0.01701429147131317,0.017027579246407853
V2,EA,1997-05,1.3504106919114633,1.3714385387482404,0.021027846836777053,0.02104156135930957
V2,EA,1997-06,1.3780623608017795,1.3843383233270583,0.006275962525278844,0.006289806046947177
V2,EA,1997-07,1.475501113585742,1.490860589333199,0.015359475747456885,0.015374384502437888
V2,EA,1997-08,1.6991643454038918,1.7057849430162402,0.0066205976123483445,0.006637655632358852
V2,EA,1997-09,1.5848741832336755,1.5758310252655001,-0.009043157968175342,-0.00902739950033804
V2,EA,1997-10,1.5138888888889035,1.5268443201789779,0.01295543129007437,0.012970699885962
V2,EA,1997-11,1.6247743368976497,1.6273979521505901,0.0026236152529404144,0.002639889395203321
V2,EA,1997-12,1.4821997506579976,1.4818777020772134,-3.220485807842177e-4,-3.072296555743925e-4
V2,EA,1998-01,1.0770505385252704,1.0822007800636235,0.005150241538353084,0.005171885986843483
V2,EA,1998-02,1.1158561785370003,1.1183631867049388,0.0025070081679385847,0.002529375879026796
V2,EA,1998-03,1.1149346180316488,1.1235466014134974,0.008611983381848543,0.008634454763304378
V2,EA,1998-04,1.3911845730027572,1.391741563213894,5.569902111368652e-4,5.848255991087736e-4
V2,EA,1998-05,1.3186813186813362,1.3164693020481457,-0.0022120166331904834,-0.0021856867205514163
V2,EA,1998-06,1.3318687354112235,1.3324323917715897,5.636563603661493e-4,5.903055411851099e-4
V2,EA,1998-07,1.27572016460904,1.2674031839979765,-0.008316980611063451,-0.008291632040412056
V2,EA,1998-08,1.1366748835935248,1.135690619079225,-9.842645142996709e-4,-9.615502476327809e-4
V2,EA,1998-09,0.9853565074586124,0.9994664930000455,0.014109985541433168,0.014129975271087836
V2,EA,1998-10,0.930359830346128,0.9273841353310714,-0.0029756950150565675,-0.0029571469613889345
V2,EA,1998-11,0.8062312107133041,0.804344047199031,-0.0018871635142730936,-0.001871076311585007
V2,EA,1998-12,0.7507507507507505,0.7446656393275428,-0.0060851114232076675,-0.006070217812548906
V2,EA,1999-01,0.7650273224043769,0.7422903316297808,-0.022736990774596122,-0.0227221446710415
V2,EA,1999-02,0.7356948228882665,0.7263476041972958,-0.00934721869097066,-0.009332691448341812
V2,EA,1999-03,0.9392866866321903,0.9356649966436299,-0.0036216899885603837,-0.0036029763143540228
V2,EA,1999-04,1.073223746773544,1.0603660675056177,-0.012857679267926247,-0.012836471522421178
V2,EA,1999-05,0.9354663774403527,0.941437852926528,0.005971475486175382,0.005990304619816644
V2,EA,1999-06,0.880758807588089,0.8854943181772889,0.004735510589199854,0.0047532208297682566
V2,EA,1999-07,1.0158472165786359,1.002742263955296,-0.013104952623339772,-0.013084897376955729
V2,EA,1999-08,1.1103588354773208,1.0992817247394773,-0.011077110737843565,-0.011055124663627458
V2,EA,1999-09,1.2467814066946525,1.2305428236787301,-0.016238583015922403,-0.016213971667221827
V2,EA,1999-10,1.3148976548732483,1.3034728001678098,-0.011424854705438525,-0.011398784728035682
V2,EA,1999-11,1.4504541141385552,1.4436848183716295,-0.006769295766925643,-0.006740421493072857
V2,EA,1999-12,1.7341823601138007,1.7415034870763424,0.007321126962541724,0.007355957728898632
V2,EA,2000-01,1.8573752711496638,1.8815091211891986,0.02413385003953472,0.02413385003953472
V2,EA,2000-02,1.934000540979186,1.962307581119503,0.02830704014031693,0.02830704014031693
V2,EA,2000-03,1.9554956169925752,2.003717966379537,0.04822234938696157,0.04822234938696157
V2,EA,2000-04,1.7069892473118298,1.756469580264053,0.049480332952223316,0.049480332952223316
V2,EA,2000-05,1.7595701813297504,1.7943106230203931,0.03474044169064272,0.03474044169064272
V2,EA,2000-06,2.1356615177971827,2.163307310683861,0.027645792886678233,0.027645792886678233
V2,EA,2000-07,2.091713596138378,2.0924060937681195,6.924976297413288e-4,6.924976297413288e-4
V2,EA,2000-08,2.0490156689433547,2.0450602497736092,-0.003955419169745511,-0.003955419169745511
V2,EA,2000-09,2.395930932940704,2.4026834521384037,0.006752519197699591,0.006752519197699591
V2,EA,2000-10,2.3815895103023843,2.3864047239825728,0.004815213680188446,0.004815213680188446
V2,EA,2000-11,2.4585783003741257,2.4475129548021344,-0.011065345571991347,-0.011065345571991347
V2,EA,2000-12,2.49034491943001,2.489846131270115,-4.987881598950139e-4,-4.987881598950139e-4
V2,EA,2001-01,1.9965393318248426,2.0024651806861926,0.005925848861350058,0.005925848861350058
V2,EA,2001-02,1.9769138914687456,1.9609988726909546,-0.015915018777791,-0.015915018777791
V2,EA,2001-03,2.208994708994716,2.1917159264367605,-0.017278782557955452,-0.017278782557955452
V2,EA,2001-04,2.722347033170358,2.7101209922513845,-0.012226040918973613,-0.012226040918973613
V2,EA,2001-05,3.0887011615628124,3.062043843031493,-0.026657318531319252,-0.026657318531319252
V2,EA,2001-06,2.8537611783271855,2.847586172785986,-0.006175005541199319,-0.006175005541199319
V2,EA,2001-07,2.4822695035461084,2.4669321635879733,-0.015337339958135132,-0.015337339958135132
V2,EA,2001-08,2.3228346456692917,2.2997201693040354,-0.02311447636525621,-0.02311447636525621
V2,EA,2001-09,2.19607843137255,2.194810023813659,-0.001268407558891127,-0.001268407558891127
V2,EA,2001-10,2.260846837428132,2.244388892549428,-0.01645794487870411,-0.01645794487870411
V2,EA,2001-11,1.9692227438706134,1.9798888397473593,0.01066609587674594,0.01066609587674594
V2,EA,2001-12,2.053014553014565,2.0555051435240324,0.0024905905094674274,0.0024905905094674274
V2,EA,2002-01,2.609943886206456,2.640065412540797,0.030121526334340842,0.030121526334340842
V2,EA,2002-02,2.4720270621910068,2.509087004659902,0.0370599424688951,0.0370599424688951
V2,EA,2002-03,2.5106768474181473,2.529762494937056,0.019085647518908733,0.019085647518908733
V2,EA,2002-04,2.35430335777691,2.3672651800574993,0.012961822280589175,0.012961822280589175
V2,EA,2002-05,2.0614596670934793,2.0885601700004237,0.027100502906944435,0.027100502906944435
V2,EA,2002-06,1.8667689553765632,1.888014111080398,0.021245155703834895,0.021245155703834895
V2,EA,2002-07,1.9992310649750156,2.0148821873895617,0.015651122414546137,0.015651122414546137
V2,EA,2002-08,2.1418494292676726,2.161005871500001,0.019156442232328263,0.019156442232328263
V2,EA,2002-09,2.1233051931440317,2.1357229617411155,0.012417768597083878,0.012417768597083878
V2,EA,2002-10,2.274760383386587,2.287931465940863,0.013171082554276126,0.013171082554276126
V2,EA,2002-11,2.2765059470520432,2.271783768121314,-0.004722178930729015,-0.004722178930729015
V2,EA,2002-12,2.317290552584672,2.309004438187019,-0.008286114397653144,-0.008286114397653144
V2,EA,2003-01,2.123871295943025,2.11771029162706,-0.006161004315965002,-0.006182181207112336
V2,EA,2003-02,2.361604875571355,2.3545705536975796,-0.007034321873775173,-0.0070578673438572714
V2,EA,2003-03,2.3608130286580042,2.3756522044036887,0.014839175745684496,0.014815419461203128
V2,EA,2003-04,2.073906485671184,2.0721261215079383,-0.0017803641632458955,-0.001801085217250531
V2,EA,2003-05,1.8065487391795365,1.8165707406438425,0.010022001464305985,0.010003835938554806
V2,EA,2003-06,1.983180620057734,1.9806331355332185,-0.0025474845245154754,-0.0025672906578093624
V2,EA,2003-07,1.9349164467897806,1.923283475743621,-0.011632971046159568,-0.011652203688590657
V2,EA,2003-08,2.0215971873430494,2.009594576617589,-0.012002610725460272,-0.012022706470268929
V2,EA,2003-09,2.1292585170340717,2.1226537941535986,-0.006604722880473091,-0.006625949206151116
V2,EA,2003-10,2.0367362239160247,2.0342179847682305,-0.0025182391477942545,-0.00253858112422245
V2,EA,2003-11,2.1633112417156486,2.158334411564289,-0.004976830151359746,-0.0049984132796443426
V2,EA,2003-12,1.9785963165754206,1.983409304271731,0.0048129876963103335,0.004793153801606387
V2,EA,2004-01,1.793275217932755,1.8043432564890778,0.011068038556322879,0.011068038556322879
V2,EA,2004-02,1.6373108409823756,1.6472165558317968,0.009905714849421265,0.009905714849421265
V2,EA,2004-03,1.7020226936359073,1.7095537625557828,0.007531068919875539,0.007531068919875539
V2,EA,2004-04,2.05639699544391,2.068162841258998,0.011765845815088216,0.011765845815088216
V2,EA,2004-05,2.4522489217498444,2.454248481111893,0.001999559362048764,0.001999559362048764
V2,EA,2004-06,2.3753846153846236,2.380952593755963,0.005567978371339155,0.005567978371339155
V2,EA,2004-07,2.3049426845803023,2.2967516262789265,-0.0081910583013757865,-0.0081910583013757865
V2,EA,2004-08,2.3630769230769344,2.344792120286029,-0.018284802790905275,-0.018284802790905275
V2,EA,2004-09,2.1093941623743007,2.1180237266538207,0.008629564279519997,0.008629564279519997
V2,EA,2004-10,2.3634582414891137,2.361806901901969,-0.0016513395871444736,-0.0016513395871444736
V2,EA,2004-11,2.2399020807833514,2.2456823182332517,0.005780237449900305,0.005780237449900305
V2,EA,2004-12,2.318486882245252,2.3163008151010835,-0.0021860671441684687,-0.0021860671441684687
V2,EA,2005-01,1.932958160019571,1.9305494982898757,-0.0024086617296954493,-0.0024086617296954493
V2,EA,2005-02,2.050280693190154,2.0587117461114213,0.008431052921267224,0.008431052921267224
V2,EA,2005-03,2.1707494542808625,2.1649459948365712,-0.005803459444291281,-0.005803459444291281
V2,EA,2005-04,2.075289575289574,2.0720229424833856,-0.00326663280618833,-0.00326663280618833
V2,EA,2005-05,1.972576377195101,1.9691561173704573,-0.0034202598246437788,-0.0034202598246437788
V2,EA,2005-06,2.0317383986535154,2.0328891909879765,0.001150792334461137,0.001150792334461137
V2,EA,2005-07,2.1445783132530094,2.140344281000852,-0.004234032252157238,-0.004234032252157238
V2,EA,2005-08,2.176265480341466,2.1765754619735174,3.099816320513149e-4,3.099816320513149e-4
V2,EA,2005-09,2.594282969012718,2.5834105236739417,-0.010872445338776071,-0.010872445338776071
V2,EA,2005-10,2.440483311400876,2.4401756057989505,-3.077056019256119e-4,-3.077056019256119e-4
V2,EA,2005-11,2.2985753621453497,2.2891378899393366,-0.009437472206013098,-0.009437472206013098
V2,EA,2005-12,2.2540250447227184,2.257111506572381,0.0030864618496626584,0.0030864618496626584
V2,EA,2006-01,2.4363898223715763,2.439845371299222,0.0034555489276457685,0.0034555489276457685
V2,EA,2006-02,2.3558957187275853,2.3525545828247285,-0.0033411359028567844,-0.0033411359028567844
V2,EA,2006-03,2.183976261127607,2.1924650939230124,0.008488832795405354,0.008488832795405354
V2,EA,2006-04,2.4349881796690287,2.4445077841907352,0.009519604521706526,0.009519604521706526
V2,EA,2006-05,2.4887945270110956,2.507761507797756,0.018966980786660592,0.018966980786660592
V2,EA,2006-06,2.462589843289731,2.464656044414044,0.002066201124313327,0.002066201124313327
V2,EA,2006-07,2.4416135881103918,2.4303590609559524,-0.011254527154439309,-0.011254527154439309
V2,EA,2006-08,2.2946575664862356,2.277321770588301,-0.01733579589793477,-0.01733579589793477
V2,EA,2006-09,1.7677358932334464,1.7683008597774534,5.649665440070617e-4,5.649665440070617e-4
V2,EA,2006-10,1.5999065747985597,1.5997873892465277,-1.1918555203194181e-4,-1.1918555203194181e-4
V2,EA,2006-11,1.8490345231129357,1.855110160235237,0.006075637122301192,0.006075637122301192
V2,EA,2006-12,1.90109633776534,1.8952506414839827,-0.005845696281357338,-0.005845696281357338
V2,EA,2007-01,1.8394844756883577,1.8039355606850378,-0.035548915003319914,-0.035548915003319914
V2,EA,2007-02,1.8460100479027908,1.8130857322555525,-0.0329243156472383,-0.0329243156472383
V2,EA,2007-03,1.9282146590777094,1.9185976937944555,-0.009616965283253842,-0.009616965283253842
V2,EA,2007-04,1.9039926148165298,1.9008698628530587,-0.0031227519634711154,-0.0031227519634711154
V2,EA,2007-05,1.8759350903441163,1.8590799832977702,-0.016855107046346074,-0.016855107046346074
V2,EA,2007-06,1.897424103035883,1.8854850729866455,-0.011939030049237465,-0.011939030049237465
V2,EA,2007-07,1.773172135866452,1.734234147818232,-0.03893798804822013,-0.03893798804822013
V2,EA,2007-08,1.7485333026572958,1.7151496560135158,-0.03338364664378002,-0.03338364664378002
V2,EA,2007-09,2.128149085471054,2.1172383248529756,-0.010910760618078275,-0.010910760618078275
V2,EA,2007-10,2.5402298850574656,2.5460914533766026,0.005861568319136978,0.005861568319136978
V2,EA,2007-11,3.056417327358374,3.0588483710544856,0.00243104369611169,0.00243104369611169
V2,EA,2007-12,3.0674144443172624,3.067811258885523,3.9681456826068384e-4,3.9681456826068384e-4
V2,EA,2008-01,3.1983433041877563,3.183124249288131,-0.015219054899625384,-0.015187223338816835
V2,EA,2008-02,3.2694734426981675,3.246162939306001,-0.02331050339216656,-0.02327804143815415
V2,EA,2008-03,3.589743589743599,3.58550552424223,-0.0042380655013691815,-0.004202210087572933
V2,EA,2008-04,3.2612388178009155,3.264961143078829,0.0037223252779132743,0.003754975215843448
V2,EA,2008-05,3.6601897876186174,3.6741889759637325,0.013999188345115154,0.014035930602297242
V2,EA,2008-06,3.9498927886242985,3.9656307839317275,0.01573799530742903,0.015777652011835563
V2,EA,2008-07,4.050231926688541,4.033756117072346,-0.016475809616195214,-0.016435471651645273
V2,EA,2008-08,3.832673827020927,3.8262281612122573,-0.006445665808669787,-0.006407403144431001
V2,EA,2008-09,3.6382068033340875,3.6429979370287824,0.00479113369469486,0.0048275640383685925
V2,EA,2008-10,3.1722901020065253,3.164586205936095,-0.007703896070430094,-0.0076722498919088444
V2,EA,2008-11,2.1184078492585634,2.1297500711397137,0.011342221881150305,0.0113635195948385
V2,EA,2008-12,1.5769017212659664,1.5794147027132002,0.0025129814472337753,0.0025287757522038934
V2,EA,2009-01,1.1259754738015548,1.1495402381946629,0.023564764393108062,0.023576259910445208
V2,EA,2009-02,1.1775161075316731,1.2032766605684635,0.025760553036790368,0.025772585923725
V2,EA,2009-03,0.5720572057205775,0.6107950360427667,0.03873783032218925,0.03874393833362977
V2,EA,2009-04,0.6141024235113424,0.6525428966179727,0.038440473106630346,0.038446998600851545
V2,EA,2009-05,0.043591979075841,0.0854524678542631,0.04186048877842209,0.041861343311645954
V2,EA,2009-06,-0.1411355987406271,-0.08616777542338148,0.054967823317245604,0.05496696163087468
V2,EA,2009-07,-0.6415135370229419,-0.5821145057681004,0.05939903125484147,0.05939321005157194
V2,EA,2009-08,-0.1633275261324063,-0.13337855688947445,0.02994896924293186,0.029947635444024984
V2,EA,2009-09,-0.3260515161395583,-0.29672421994574744,0.02932729619381086,0.029324328921938703
V2,EA,2009-10,-0.1303780964797996,-0.10826870057085251,0.022109395908947074,0.022108313211114394
V2,EA,2009-11,0.48040179058848054,0.47915333555862955,-0.0012484550298509922,-0.0012436634485795683
V2,EA,2009-12,0.9292664261506545,0.9309825986705261,0.0017161725198716615,0.0017254824389575374
V2,EA,2010-01,0.9480762870686776,0.9506244899497555,0.0025482028810778212,0.0025482028810778212
V2,EA,2010-02,0.8454106280193274,0.8531441826145141,0.0077335545951866536,0.0077335545951866536
V2,EA,2010-03,1.5860861955808492,1.6062342182594174,0.02014802267856819,0.02014802267856819
V2,EA,2010-04,1.6348773841961872,1.644150277217616,0.009272893021428752,0.009272893021428752
V2,EA,2010-05,1.688453159041381,1.7066280974679666,0.018174938426585685,0.018174938426585685
V2,EA,2010-06,1.4894542291802537,1.4909557597621743,0.001501530581920596,0.001501530581920596
V2,EA,2010-07,1.7181002407529178,1.7197918066131839,0.0016915658602660866,0.0016915658602660866
V2,EA,2010-08,1.5814156396553702,1.5712222753446832,-0.01019336431068707,-0.01019336431068707
V2,EA,2010-09,1.8754770472140692,1.867971630957285,-0.0075054162567842475,-0.0075054162567842475
V2,EA,2010-10,1.9473455178415922,1.9405322340743032,-0.006813283767288958,-0.006813283767288958
V2,EA,2010-11,1.9124198630881217,1.9103344217527947,-0.002085441335327065,-0.002085441335327065
V2,EA,2010-12,2.209705372616999,2.2074692155415816,-0.0022361570754174664,-0.0022361570754174664
V2,EA,2011-01,2.3042481161952733,2.3154858933712372,0.01123777717596397,0.011260932266448975
V2,EA,2011-02,2.4278715296679465,2.4160738033808644,-0.011797726287082089,-0.01177356530743845
V2,EA,2011-03,2.6703994831484668,2.6886814143976214,0.01828193124915467,0.018308818332169352
V2,EA,2011-04,2.8203753351206284,2.836134551653984,0.01575921653335577,0.01578757816248899
V2,EA,2011-05,2.720942688805583,2.7198501985245604,-0.0010924902810227621,-0.0010652915070497038
V2,EA,2011-06,2.7102303160150054,2.7153120383601617,0.005081722345156248,0.005108875737074303
V2,EA,2011-07,2.5605164066702546,2.533890704069259,-0.026625702600995726,-0.026600363440563157
V2,EA,2011-08,2.5445565814902427,2.530200251972905,-0.014356329517337674,-0.01433102726179536
V2,EA,2011-09,2.9754896714117463,2.9890456403342758,0.013555968922529527,0.013585859677840428
V2,EA,2011-10,3.0306264005975914,3.03392734525998,0.0033009446623886163,0.003331284239237231
V2,EA,2011-11,3.028041369015866,3.026886731333279,-0.0011546376825868343,-0.001124368512581686
V2,EA,2011-12,2.755404832556163,2.755178921098929,-2.2591145723405148e-4,-1.983593925025673e-4
V2,EA,2012-01,2.657984628522625,2.6488872801175947,-0.009097348405030292,-0.009097348405030292
V2,EA,2012-02,2.7317176870748305,2.7403555692488837,0.008637882174053146,0.008637882174053146
V2,EA,2012-03,2.674357629785007,2.669613669117419,-0.0047439606675880874,-0.0047439606675880874
V2,EA,2012-04,2.5865665415102157,2.5722150438081886,-0.01435149770202715,-0.01435149770202715
V2,EA,2012-05,2.429867556575238,2.429342292564297,-5.252640109412177e-4,-5.252640109412177e-4
V2,EA,2012-06,2.367542761785568,2.3589876316616785,-0.008555130123889754,-0.008555130123889754
V2,EA,2012-07,2.4126717717402713,2.4432234389159486,0.030551667175677366,0.030551667175677366
V2,EA,2012-08,2.617526960527683,2.6229063937577544,0.005379433230071395,0.005379433230071395
V2,EA,2012-09,2.608876416172956,2.602605588573854,-0.0062708275991019136,-0.0062708275991019136
V2,EA,2012-10,2.4857586742620397,2.485405896745757,-3.527775162828206e-4,-3.527775162828206e-4
V2,EA,2012-11,2.2042843837317694,2.188613992359316,-0.015670391372453185,-0.015670391372453185
V2,EA,2012-12,2.2174092409241064,2.2193473298232957,0.0019380888991893386,0.0019380888991893386
V2,EA,2013-01,1.9860663408547419,1.9683692715485772,-0.01769706930616466,-0.01771675280204521
V2,EA,2013-02,1.8520434557682375,1.8339200596197218,-0.018123396148515658,-0.018141735165721595
V2,EA,2013-03,1.7364657814095796,1.7524591011357633,0.015993319726183675,0.015975795310416707
V2,EA,2013-04,1.1691744611630694,1.1893378445228822,0.020163383359812714,0.02015149010030015
V2,EA,2013-05,1.42537161474241,1.4347550592146625,0.009383444472252478,0.009369097065134335
V2,EA,2013-06,1.6097809475292824,1.6174728800795342,0.007691932550251801,0.0076757579831965295
V2,EA,2013-07,1.6081122605756448,1.5809074167584396,-0.027204843817205226,-0.027220652733283668
V2,EA,2013-08,1.3365983062952669,1.3200103235230356,-0.01658798277223128,-0.01660118274346667
V2,EA,2013-09,1.0940032414910927,1.1020675409859604,0.008064299494867644,0.008053278929663676
V2,EA,2013-10,0.7377463365336068,0.7434862733328329,0.005739936799226131,0.005732502010840634
V2,EA,2013-11,0.8505467800729027,0.8622924126184693,0.011745632545566598,0.011737009707668888
V2,EA,2013-12,0.8475431338916373,0.8486652484037419,0.0011221145121046439,0.0011136279444863284
V2,EA,2014-01,0.7646818923327858,0.7380656135422247,-0.026616278790561165,-0.026616278790561165
V2,EA,2014-02,0.7110930516050384,0.68784840210755,-0.02324464949748839,-0.02324464949748839
V2,EA,2014-03,0.4718875502008002,0.47385734489183146,0.001969794691031257,0.001969794691031257
V2,EA,2014-04,0.7134961310421017,0.7277659240458917,0.014269793003789943,0.014269793003789943
V2,EA,2014-05,0.49186910258982586,0.5006606542814135,0.008791551691587629,0.008791551691587629
V2,EA,2014-06,0.49132658177077904,0.5004076672290171,0.009081085458238047,0.009081085458238047
V2,EA,2014-07,0.3729838709677358,0.3369471269438031,-0.0360367440239327,-0.0360367440239327
V2,EA,2014-08,0.36246476037054,0.3444935564062089,-0.017971203964331106,-0.017971203964331106
V2,EA,2014-09,0.32064128256514834,0.3268115194137258,0.006170236848577482,0.006170236848577482
V2,EA,2014-10,0.3812199036917985,0.38703835554203425,0.005818451850235773,0.005818451850235773
V2,EA,2014-11,0.28112449799195804,0.28510851822155575,0.003984020229597707,0.003984020229597707
V2,EA,2014-12,-0.1700850425212619,-0.16768617390941257,0.0023988686118493197,0.0023988686118493197
V2,EA,2015-01,-0.5969847212384916,-0.6185044354453131,-0.021519714206821527,-0.021519714206821527
V2,EA,2015-02,-0.2925156344563362,-0.3160773081980779,-0.023561673741741673,-0.023561673741741673
V2,EA,2015-03,-0.06995103427599458,-0.06575515233513111,0.004195881940863469,0.004195881940863469
V2,EA,2015-04,0.2095390141688469,0.22056099176584668,0.011021977596999771,0.011021977596999771
V2,EA,2015-05,0.5993407252022687,0.6122830563060262,0.012942331103757532,0.012942331103757532
V2,EA,2015-06,0.49890241468768526,0.5095850142096394,0.010682599521954161,0.010682599521954161
V2,EA,2015-07,0.5423320277192056,0.5207790826717964,-0.021552945047409233,-0.021552945047409233
V2,EA,2015-08,0.4414125200641994,0.41535999844320776,-0.026052521620991642,-0.026052521620991642
V2,EA,2015-09,0.19976028765480436,0.22131697042971357,0.021556682774909214,0.021556682774909214
V2,EA,2015-10,0.3897661403158059,0.4056962165163921,0.015930076200586174,0.015930076200586174
V2,EA,2015-11,0.13015618742491242,0.13946914835031105,0.009312960925398628,0.009312960925398628
V2,EA,2015-12,0.25055121266785996,0.2498399429162352,-7.11269751624749e-4,-7.11269751624749e-4
V2,EA,2016-01,0.32573289902280145,0.3327783733518835,0.007045474329082035,0.007048802146093769
V2,EA,2016-02,-0.12139605462822001,-0.10879467768613985,0.012601376942080161,0.012600288984423696
V2,EA,2016-03,-0.0400000000000067,-0.021871837462535758,0.01812816253747094,0.018127943816909086
V2,EA,2016-04,-0.2588867868166922,-0.24160311220965403,0.01728367460703817,0.017281258551755524
V2,EA,2016-05,-0.11915400655345687,-0.10333773277585762,0.015816273777599255,0.015815240389937632
V2,EA,2016-06,0.04964257347099821,0.0591957333864368,0.009553159915438592,0.00955375187869209
V2,EA,2016-07,0.1698132054739787,0.16957390587803373,-2.3929959594498618e-4,-2.3760383992862955e-4
V2,EA,2016-08,0.21973631642029368,0.21991570152992412,1.7938510963044774e-4,1.8158428863759846e-4
V2,EA,2016-09,0.3987240829346206,0.394484207423389,-0.004239875511231561,-0.004235930629708506
V2,EA,2016-10,0.5077152812344332,0.5106698132597901,0.002954532025356893,0.0029596387745569608
V2,EA,2016-11,0.589941005899397,0.5875741442654817,-0.002366861633915307,-0.0023609858337145795
V2,EA,2016-12,1.0996700989702957,1.0974057588848267,-0.002264340085468941,-0.002253365918138517
V2,EA,2017-01,1.7248376623376638,1.737270929574607,0.012433267236943157,0.01245064011996777
V2,EA,2017-02,1.954826293932932,1.953497938225858,-0.0013283557070740137,-0.0013088205323401603
V2,EA,2017-03,1.5306122448979664,1.545443407340128,0.014831162442161538,0.014846617030780829
V2,EA,2017-04,1.8967754816811233,1.9029560774854863,0.006180595804363032,0.006199625555435295
V2,EA,2017-05,1.381847102097633,1.3923918935424122,0.010544791444779156,0.010558715502955174
V2,EA,2017-06,1.299990076411639,1.3009743686129172,9.842922012781585e-4,9.973020750631e-4
V2,EA,2017-07,1.3362584762664609,1.3287472750177727,-0.007511201248688204,-0.00749791364306196
V2,EA,2017-08,1.5447478572852225,1.5315740499163626,-0.013173807368859869,-0.013158491475201872
V2,EA,2017-09,1.5587768069896812,1.5608262567309275,0.002049449741246212,0.00206505815989777
V2,EA,2017-10,1.3668779714738566,1.3759420774108442,0.009064105936987588,0.009077865495357385
V2,EA,2017-11,1.5308151093439415,1.5304125797635906,-4.025295803509188e-4,-3.8722530151069634e-4
V2,EA,2017-12,1.3448037179867534,1.3424900917679308,-0.0023136262188225842,-0.0023002011836545933
V2,EA,2018-01,1.2966287652104391,1.2765722843582084,-0.020056480852230774,-0.020043715001728524
V2,EA,2018-02,1.1126564673157313,1.1069070522157545,-0.00574941509997684,-0.005738345918762988
V2,EA,2018-03,1.3991526258744669,1.4046958629063788,0.005543237031911952,0.005557284131012086
V2,EA,2018-04,1.224649750171447,1.2381655475143878,0.013515797342940727,0.013528179122233697
V2,EA,2018-05,1.9513630123553671,1.9597824274281241,0.008419415072757008,0.008439013093011427
V2,EA,2018-06,1.969043887147337,1.9744351864378737,0.005391299290536722,0.005411043839846474
V2,EA,2018-07,2.194449911434737,2.1583920968795667,-0.03605781455517043,-0.03603623041836013
V2,EA,2018-08,2.0806752380017723,2.0426346726122273,-0.038040565389545034,-0.038020138838553486
V2,EA,2018-09,2.082314986802225,2.0832118579679744,8.968711657493245e-4,9.177034926524108e-4
V2,EA,2018-10,2.286495993746329,2.2868016317513566,3.056380050274754e-4,3.2850625002733835e-4
V2,EA,2018-11,1.9189347953788793,1.9283859526641485,0.00945115728526913,0.009470441337636304
V2,EA,2018-12,1.5220997170455774,1.5255399666582645,0.003440249612687074,0.0034555051649092228
V2,EA,2019-01,1.38834186687673,1.4195727502630562,0.03123088338632618,0.03123088338632618
V2,EA,2019-02,1.4934171742974955,1.5199578552330533,0.026540680935557726,0.026540680935557726
V2,EA,2019-03,1.3992809250801708,1.4170572512435715,0.017776326163400746,0.017776326163400746
V2,EA,2019-04,1.7228029423151492,1.7391710404802805,0.016368098165131295,0.016368098165131295
V2,EA,2019-05,1.2215062037125968,1.245541150045365,0.02403494633276826,0.02403494633276826
V2,EA,2019-06,1.2681333461427524,1.2923647905912312,0.0242314444484788,0.0242314444484788
V2,EA,2019-07,1.0207029369282639,1.0936161980635184,0.07291326113525454,0.07291326113525454
V2,EA,2019-08,1.009518315546587,1.0742125869870371,0.06469427144045015,0.06469427144045015
V2,EA,2019-09,0.8331737215092838,0.8462727898465723,0.013099068337288466,0.013099068337288466
V2,EA,2019-10,0.726022162781792,0.7310017132312504,0.004979550449458414,0.004979550449458414
V2,EA,2019-11,0.9606147934678289,0.9483891965514545,-0.01222559691637437,-0.01222559691637437
V2,EA,2019-12,1.326285439692465,1.3279691129213043,0.001683673228839222,0.001683673228839222
V2,EA,2020-01,1.359619306594162,1.3641684545147157,0.00454914792055372,0.004562789741517026
V2,EA,2020-02,1.219748305905144,1.221601994519072,0.001853688613927984,0.001865904756034542
V2,EA,2020-03,0.7474844274077741,0.758604031668367,0.011119604260592886,0.01112719037677079
V2,EA,2020-04,0.3139866793530066,0.32333780872571044,0.009351129372703826,0.00935436278312518
V2,EA,2020-05,0.08551881413911833,0.09272270300698592,0.007203888867867589,0.007204816104169981
V2,EA,2020-06,0.2656294469215448,0.2670031132588626,0.001373666337317836,0.0013763363951509455
V2,EA,2020-07,0.39081117148032085,0.41126474866511553,0.02045357718479468,0.02045768987340829
V2,EA,2020-08,-0.17133066818961762,-0.20594749685683833,-0.03461682866722071,-0.0346188881627843
V2,EA,2020-09,-0.31342007788015547,-0.3207295238710598,-0.0073094459909043286,-0.0073126533182163445
V2,EA,2020-10,-0.2750379362670641,-0.2693095306059902,0.005728405661073854,0.005725712538836469
V2,EA,2020-11,-0.2854424357754515,-0.280125185639338,0.0053172501361134494,0.005314448856244214
V2,EA,2020-12,-0.2655790571943428,-0.2744499075619506,-0.008870850367607763,-0.0088735948941287
V2,EA,2021-01,0.9102232442272484,0.8402534417948527,-0.0699698024323957,-0.0699698024323957
V2,EA,2021-02,0.9372609028309054,0.8641978505003365,-0.07306305233056887,-0.07306305233056887
V2,EA,2021-03,1.331684580994974,1.2955106197931237,-0.036173961201850346,-0.036173961201850346
V2,EA,2021-04,1.6219292421511877,1.6269768547182222,0.005047612567034454,0.005047612567034454
V2,EA,2021-05,1.9842400075951838,1.9943799207018829,0.010139913106699039,0.010139913106699039
V2,EA,2021-06,1.9017882486517257,1.958186777925459,0.05639852927373323,0.05639852927373323
V2,EA,2021-07,2.1648309912647212,2.2632387634806004,0.09840777221587915,0.09840777221587915
V2,EA,2021-08,2.9557589626239666,3.050242052867167,0.09448309024320034,0.09448309024320034
V2,EA,2021-09,3.3631859756097615,3.4200584594172834,0.056872483807521856,0.056872483807521856
V2,EA,2021-10,4.051355206847362,4.100278678971575,0.048923472124212886,0.048923472124212886
V2,EA,2021-11,4.8664122137404675,4.83256309325553,-0.0338491204849376,-0.0338491204849376
V2,EA,2021-12,4.964336661911561,4.968591638064029,0.0042549761524677265,0.0042549761524677265
V2,EA,2022-01,5.108241549563242,5.167798678693839,0.05955712913059763,0.059505451660585074
V2,EA,2022-02,5.874549933674422,5.947047423446329,0.07249748977190684,0.07243801989237042
V2,EA,2022-03,7.443912512907147,7.553470152914158,0.10955764000701063,0.10948210606082043
V2,EA,2022-04,7.438865036400966,7.534615588673884,0.09575055227291873,0.09567520687048603
V2,EA,2022-05,8.052504189164011,8.14015616479556,0.08765197563154814,0.08757057488390707
V2,EA,2022-06,8.644382544104001,8.717028217581658,0.07264567347765727,0.07255850406717634
V2,EA,2022-07,8.866171003717472,8.873687495944953,0.007516492227480853,0.007427756239881234
V2,EA,2022-08,9.140581589183183,9.158715887260096,0.01813429807691236,0.018042711833901492
V2,EA,2022-09,9.927182228776864,9.980798887883891,0.05361665910702662,0.05351685211621948
V2,EA,2022-10,10.62060140754959,10.648847998922799,0.028246591373209284,0.028140103958094187
V2,EA,2022-11,10.05459508644222,10.067668805442814,0.013073719000594508,0.012973043319297162
V2,EA,2022-12,9.196339585032165,9.198872103261678,0.002532518229513059,0.0024405304283590112
V2,EA,2023-01,8.64498644986449,8.50110126330132,-0.1438851865631694,-0.1438001747004165
V2,EA,2023-02,8.501879362806509,8.370205427498206,-0.13167393530830296,-0.1315902324170004
V2,EA,2023-03,6.884501135767973,6.882639632787005,-0.0018615029809678774,-0.0017926758963691114
V2,EA,2023-04,6.9585613760750675,6.802897744489189,-0.15566363158587837,-0.1555956019281366
V2,EA,2023-05,6.099767381752397,5.946372674837147,-0.15339470691524948,-0.15333524259385722
V2,EA,2023-06,5.520895649944446,5.33901825275751,-0.18187739718693585,-0.18182400647050123
V2,EA,2023-07,5.309885606966014,5.110865413781366,-0.1990201931846478,-0.19896908401941804
V2,EA,2023-08,5.243954179041155,5.107649217254512,-0.1363049617866432,-0.13625388478370049
V2,EA,2023-09,4.335066241824581,4.307491587598623,-0.027574654225958284,-0.02753157887932911
V2,EA,2023-10,2.900107411385622,3.0875409607330675,0.18743354934744572,0.1874644250658104
V2,EA,2023-11,2.3976849937990874,2.5799273926562067,0.18224239885711935,0.18226819838904085
V2,EA,2023-12,2.9289744440756715,2.9257442284542967,-0.003230215621374821,-0.0032009578865128674
V2,EA,2024-01,2.7687702668994785,2.769609699480241,8.394325807623559e-4,8.394325807623559e-4
V2,EA,2024-02,2.581656219069628,2.576110571169133,-0.005545647900495165,-0.005545647900495165
V2,EA,2024-03,2.427660617949967,2.438520696689584,0.010860078739616696,0.010860078739616696
V2,EA,2024-04,2.371669915529573,2.368640524278591,-0.0030293912509820053,-0.0030293912509820053
V2,EA,2024-05,2.5659764514819328,2.5625523769578367,-0.003424074524096099,-0.003424074524096099
V2,EA,2024-06,2.5188304851380794,2.5077477152196095,-0.011082769918469904,-0.011082769918469904
V2,EA,2024-07,2.577821011673165,2.5323122670810037,-0.04550874459216114,-0.04550874459216114
V2,EA,2024-08,2.168830121744736,2.1078938999717693,-0.06093622177296654,-0.06093622177296654
V2,EA,2024-09,1.7439524230491,1.7258812685936151,-0.018071154455484795,-0.018071154455484795
V2,EA,2024-10,1.9993576361008403,1.995161038257783,-0.00419659784305737,-0.00419659784305737
V2,EA,2024-11,2.236576503835286,2.2463181297555725,0.009741625920286712,0.009741625920286712
V2,EA,2024-12,2.4345022168480446,2.438254775859093,0.0037525590110485396,0.0037525590110485396
V2,EA,2025-01,2.5242718446601975,2.512398673089123,-0.011873171571074703,-0.011873171571074703
V2,EA,2025-02,2.3237115059902003,2.317894403637536,-0.005817102352664083,-0.005817102352664083
V2,EA,2025-03,2.1785970792434606,2.19328666448671,0.014689585243249592,0.014689585243249592
V2,EA,2025-04,2.1659790542684965,2.1828238670732505,0.016844812804754028,0.016844812804754028
V2,EA,2025-05,1.8921700577942957,1.9002495303472622,0.008079472552966482,0.008079472552966482
V2,EA,2025-06,1.982935692842469,1.9866379456164134,0.0037022527739443145,0.0037022527739443145
V2,EA,2025-07,2.038880986249403,2.0175728902991765,-0.021308095950226313,-0.021308095950226313
V2,EA,2025-08,2.0438762626262763,2.0278645309477974,-0.016011731678478913,-0.016011731678478913
V2,EA,2025-09,2.227488151658763,2.232712685528184,0.005224533869420789,0.005224533869420789
V2,EA,2025-10,2.101865701015493,2.1028272741235567,9.615731080638845e-4,9.615731080638845e-4
V2,EA,2025-11,2.1402622018638517,2.1381397118825203,-0.0021224899813314657,-0.0021224899813314657
V2,EA,2025-12,1.959549854410958,1.956712304945516,-0.002837549465442013,-0.002837549465442013
V2,EA,2026-01,1.6729797979798011,1.7288417354993741,0.055861937519573024,0.05584464927510058
V2,EA,2026-02,1.8937608046518895,1.9382755788970978,0.04451477424520833,0.0444953916832449
V2,EA,2026-03,2.5538894095595177,2.588421983283828,0.03453257372431029,0.034506689763317056
V2,EA,2026-04,3.020889958841333,3.034451874392987,0.013561915551654202,0.01353157133635241
V2,EA,2026-05,3.1623931623931734,3.180950780207782,0.01855761781460874,0.0185258086248985
V2,EA,2026-06,2.750019366333545,2.7505223240900585,5.029577565136556e-4,4.754528083221743e-4
V2,EA,2026-07,2.950743494423791,2.909654864858155,-0.04108862956563586,-0.04111772582332218
V2,EA,2026-08,3.2402753074008084,3.1978195784946166,-0.04245572890619176,-0.04248770678219804
V2,ME,2015-12,1.6931864545083553,1.7006832725815297,0.007496818073174483,0.007496818073174483
V2,ME,2016-01,1.1447260834014594,1.2054918020550958,0.060765718653636336,0.060765718653636336
V2,ME,2016-02,0.5299093039845104,0.6342377253002532,0.10432842131574283,0.10432842131574283
V2,ME,2016-03,-0.635785649409637,-0.48734293147275654,0.14844271793688046,0.14844271793688046
V2,ME,2016-04,-0.40269807711666994,-0.24179073534494622,0.16090734177172372,0.16090734177172372
V2,ME,2016-05,-0.559496453192132,-0.34859404413014794,0.2109024090619841,0.2109024090619841
V2,ME,2016-06,-1.0265521666173227,-0.8974953140882512,0.1290568525290715,0.1290568525290715
V2,ME,2016-07,-0.6797359866023145,-0.5795587230826851,0.10017726351962941,0.10017726351962941
V2,ME,2016-08,-0.522373349103078,-0.42392740230860954,0.09844594679446844,0.09844594679446844
V2,ME,2016-09,-0.20750988142292925,-0.13122714744991584,0.07628273397301341,0.07628273397301341
V2,ME,2016-10,0.2191890006974173,0.26208526659186726,0.04289626589444995,0.04289626589444995
V2,ME,2016-11,0.5198440467859555,0.530678366595422,0.010834319809466475,0.010834319809466475
V2,ME,2016-12,0.9127382146439267,0.9069901363316595,-0.005748078312267202,-0.005748078312267202
V2,ME,2017-01,2.1018593371059158,2.1869955156836625,0.08513617857774669,0.08513617857774669
V2,ME,2017-02,2.584896097313738,2.672650094312245,0.08775399699850706,0.08775399699850706
V2,ME,2017-03,2.8539508429819227,2.9197394362605724,0.06578859327864972,0.06578859327864972
V2,ME,2017-04,2.476498534317173,2.537002998355926,0.06050446403875309,0.06050446403875309
V2,ME,2017-05,2.5720888174419754,2.6057886930726357,0.03369987563066035,0.03369987563066035
V2,ME,2017-06,2.343672085369519,2.2631288130149296,-0.08054327235458958,-0.08054327235458958
V2,ME,2017-07,3.0251934140051784,2.815314851776274,-0.20987856222890455,-0.20987856222890455
V2,ME,2017-08,3.2200535024274224,3.0560508407240587,-0.16400266170336364,-0.16400266170336364
V2,ME,2017-09,3.1290226755124273,3.0571432472071534,-0.07187942830527394,-0.07187942830527394
V2,ME,2017-10,2.823342280544794,2.8136190041449125,-0.009723276399881353,-0.009723276399881353
V2,ME,2017-11,2.9935355544505216,2.9770297488731736,-0.016505805577347932,-0.016505805577347932
V2,ME,2017-12,2.83272040552629,2.83326620004958,5.457945232900663e-4,5.457945232900663e-4
V2,ME,2018-01,3.2858273950910455,3.3667274754957552,0.08090008040470975,0.08090008040470975
V2,ME,2018-02,3.438735177865615,3.531657156128349,0.09292197826273396,0.09292197826273396
V2,ME,2018-03,3.6338501036832227,3.6979416860908896,0.06409158240766688,0.06409158240766688
V2,ME,2018-04,3.5509962517261906,3.568151250082335,0.017154998356144535,0.017154998356144535
V2,ME,2018-05,3.3205994710549414,3.4113860682371433,0.09078659718220194,0.09078659718220194
V2,ME,2018-06,3.293704930812713,3.468188193022034,0.17448326220932087,0.17448326220932087
V2,ME,2018-07,2.6667950322518452,3.016427867695861,0.3496328354440159,0.3496328354440159
V2,ME,2018-08,2.2269149548857614,2.421742109659133,0.19482715477337154,0.19482715477337154
V2,ME,2018-09,1.5074411905904972,1.5731343041050962,0.06569311351459906,0.06569311351459906
V2,ME,2018-10,1.624286957362453,1.611099507447187,-0.013187449915265992,-0.013187449915265992
V2,ME,2018-11,1.7091541135573651,1.690635179529184,-0.018518934028181055,-0.018518934028181055
V2,ME,2018-12,1.459501256524276,1.4599518510822875,4.5059455801155224e-4,4.5059455801155224e-4
V2,ME,2019-01,0.32579532387888577,0.3567597259905755,0.030964402111689715,0.030964402111689715
V2,ME,2019-02,0.4203286205578971,0.4401592475956953,0.0198306270377982,0.0198306270377982
V2,ME,2019-03,0.8480228680324053,0.8756557376328817,0.027632869600476395,0.027632869600476395
V2,ME,2019-04,0.9811392646218442,1.01556727487875,0.034428010256905894,0.034428010256905894
V2,ME,2019-05,0.7110352673492581,0.740276330520838,0.029241063171579817,0.029241063171579817
V2,ME,2019-06,0.06603773584905603,0.06346658566727582,-0.00257115018178021,-0.00257115018178021
V2,ME,2019-07,-0.3188297074268598,-0.32592253233967805,-0.007092824912818263,-0.007092824912818263
V2,ME,2019-08,-0.0657276995305045,-0.08007457685743309,-0.01434687732692859,-0.01434687732692859
V2,ME,2019-09,0.31214528944381037,0.3249194879932589,0.012774198549448557,0.012774198549448557
V2,ME,2019-10,1.0655503757967866,1.0893107527178896,0.023760376921103,0.023760376921103
V2,ME,2019-11,0.7974935915693537,0.7997104347430561,0.0022168431737024097,0.0022168431737024097
V2,ME,2019-12,1.1431837667905231,1.1432020162494352,1.8249458912045213e-5,1.8249458912045213e-5
V2,ME,2020-01,1.3562559694364928,1.3690107098988031,0.012754740462310288,0.012754740462310288
V2,ME,2020-02,0.827625570776247,0.842046137924542,0.014420567148294983,0.014420567148294983
V2,ME,2020-03,-0.07558578987150177,-0.07143443891977275,0.004151350951729027,0.004151350951729027
V2,ME,2020-04,-0.848976511649846,-0.8438007860823384,0.005175725567507561,0.005175725567507561
V2,ME,2020-05,-0.979007813235433,-0.9686429465871258,0.010364866648307158,0.010364866648307158
V2,ME,2020-06,-0.744791175638726,-0.6883064897239264,0.056484685914799604,0.056484685914799604
V2,ME,2020-07,-1.204139228598311,-1.11839659951115,0.08574262908716102,0.08574262908716102
V2,ME,2020-08,-1.2496476557361746,-1.1655800550088349,0.08406760072733976,0.08406760072733976
V2,ME,2020-09,-0.45261669024045936,-0.4182662236607531,0.03435046657970625,0.03435046657970625
V2,ME,2020-10,-0.8095641532523734,-0.8157590555927199,-0.006194902340346475,-0.006194902340346475
V2,ME,2020-11,-1.0266553640388087,-1.0292455084340937,-0.0025901443952849323,-0.0025901443952849323
V2,ME,2020-12,-0.9418856550814758,-0.9438853891502134,-0.0019997340687375464,-0.0019997340687375464
V2,ME,2021-01,-0.6879004900113062,-0.6882933923622898,-3.9290235098365933e-4,-3.997853537374141e-4
V2,ME,2021-02,-0.141522785168402,-0.15793671254595118,-0.01641392737754918,-0.016415506760468573
V2,ME,2021-03,0.5956883509833588,0.5770649398760981,-0.018623411107260734,-0.0186176404001549
V2,ME,2021-04,1.7886024165160164,1.827346127830485,0.03874371131446863,0.038761984958483264
V2,ME,2021-05,2.319612130430637,2.3507013161577732,0.031089185727136037,0.031112692975369782
V2,ME,2021-06,2.8020516717325306,2.807674293580696,0.005622621848165643,0.005650698871871196
V2,ME,2021-07,3.5707484288706848,3.5549030338631993,-0.015845395007485497,-0.01580984562165355
V2,ME,2021-08,3.7583254043767944,3.725330025073348,-0.03299537930344654,-0.03295812563065903
V2,ME,2021-09,3.4763663919674226,3.482751099689437,0.006384707722014493,0.006419535581289715
V2,ME,2021-10,3.8530891145487356,3.8651378277101056,0.012048713161370017,0.012087364926164135
V2,ME,2021-11,4.387133612485727,4.396415688684822,0.009282076199094824,0.009326040795627932
V2,ME,2021-12,4.478463440144531,4.4797669129953475,0.001303472850816334,0.0013482709679273341
V2,ME,2022-01,5.474902742195642,5.477361912233747,0.0024591700381053627,0.0025687194673382763
V2,ME,2022-02,6.3775510204081565,6.367697674138132,-0.009853346270024765,-0.009725989769411747
V2,ME,2022-03,8.732023686436708,8.734589082202636,0.002565395765927292,0.0027400910414776547
V2,ME,2022-04,10.197214692961975,10.16494152755989,-0.032273165402084913,-0.03206986250547672
V2,ME,2022-05,10.60113351296108,10.792583598347303,0.1914500853862222,0.1916659413753088
V2,ME,2022-06,11.90982167606025,12.303867360926922,0.394045684866672,0.3942917671355364
V2,ME,2022-07,13.726211271490318,14.171104078192583,0.4448928067022653,0.44517623445238286
V2,ME,2022-08,13.929390187987156,14.361936927516012,0.43254673952885625,0.4328339840122961
V2,ME,2022-09,14.674112046869281,14.986134983935994,0.3120229370667129,0.31232266576096457
V2,ME,2022-10,15.43452435346795,15.590596042009095,0.15607168854114484,0.15638350669834722
V2,ME,2022-11,15.780836904002182,15.891416672281377,0.11057976827919447,0.11089760296933449
V2,ME,2022-12,15.73534765198399,15.73750338967065,0.0021557376866603306,0.0024704940495805516
V2,ME,2023-01,14.789492623245781,14.71911555089102,-0.07037707235476098,-0.07037707235476098
V2,ME,2023-02,13.882227551292292,13.8117169062434,-0.07051064504889126,-0.07051064504889126
V2,ME,2023-03,10.261065006915615,10.221672497824194,-0.03939250909142089,-0.03939250909142089
V2,ME,2023-04,8.583545377438506,8.622226678214448,0.03868130077594145,0.03868130077594145
V2,ME,2023-05,8.425739247311824,8.465905498070583,0.04016625075875879,0.04016625075875879
V2,ME,2023-06,8.223249669749011,8.166655282548975,-0.05659438720003607,-0.05659438720003607
V2,ME,2023-07,7.801131770412284,7.61907798030576,-0.182053790106524,-0.182053790106524
V2,ME,2023-08,9.143593045717967,8.929115982858207,-0.21447706285976054,-0.21447706285976054
V2,ME,2023-09,8.246188233415829,8.086038959865608,-0.16014927355022124,-0.16014927355022124
V2,ME,2023-10,6.56269791006967,6.5058088162160495,-0.05688909385362084,-0.05688909385362084
V2,ME,2023-11,5.503937007874016,5.5211082575496,0.017171249675584477,0.017171249675584477
V2,ME,2023-12,4.898954155854374,4.900588720355785,0.0016345645014110843,0.0016345645014110843
V2,ME,2024-01,5.023510971786838,5.199243048209001,0.1757320764221637,0.1757320764221637
V2,ME,2024-02,4.91343004211513,5.08494363131645,0.17151358920131976,0.17151358920131976
V2,ME,2024-03,5.974127793022332,6.110766044294749,0.1366382512724167,0.1366382512724167
V2,ME,2024-04,5.780346820809235,5.892748177140904,0.11240135633166926,0.11240135633166926
V2,ME,2024-05,5.090261098628646,5.137884215197591,0.047623116568945356,0.047623116568945356
V2,ME,2024-06,3.936527311565463,3.9696023792987103,0.0330750677332472,0.0330750677332472
V2,ME,2024-07,3.0371203599550034,3.0875320930080337,0.05041173305303026,0.05041173305303026
V2,ME,2024-08,1.9764011799410008,1.9737215433761433,-0.0026796365648575904,-0.0026796365648575904
V2,ME,2024-09,1.3938053097345193,1.4023697490358806,0.008564439301361304,0.008564439301361304
V2,ME,2024-10,1.753212985662267,1.7965159031842763,0.04330291752200943,0.04330291752200943
V2,ME,2024-11,2.2912157623703244,2.304073867291444,0.012858104921119384,0.012858104921119384
V2,ME,2024-12,2.5637181409295273,2.565263242729714,0.0015451018001866323,0.0015451018001866323
V2,ME,2025-01,3.298261323781815,3.363897701307056,0.06563637752524132,0.06560273888461454
V2,ME,2025-02,3.211418376449604,3.287880876143,0.0764624996933958,0.07642962121341945
V2,ME,2025-03,3.1589849818746796,3.2409649444592596,0.08197996258458007,0.08194755325922864
V2,ME,2025-04,3.7955988775661087,3.886002880250311,0.09040400268420212,0.09036514304399645
V2,ME,2025-05,4.511943379534067,4.59338663131393,0.08144325177986289,0.08139731837288444
V2,ME,2025-06,4.646212566059882,4.69010105691301,0.04388849085312785,0.04384159031156454
V2,ME,2025-07,4.65065502183406,4.698963811506451,0.04830878967239105,0.04826180050416795
V2,ME,2025-08,4.715070870697136,4.741791149870221,0.026720279173085615,0.026672861735761444
V2,ME,2025-09,4.742163066404825,4.754511351512271,0.012348285107445456,0.012300740469377125
V2,ME,2025-10,4.628750821347749,4.645016351159244,0.016265529811494872,0.016219080112479745
V2,ME,2025-11,3.8815117466802773,3.912281698756468,0.0307699520761906,0.030730829650427616
V2,ME,2025-12,3.7202163426399704,3.7190131897818977,-0.0012031528580727091,-0.0012403426180727095
V2,ME,2026-01,2.65115943075922,2.67059018931649,0.019430758557269723,0.019404052922432857
V2,ME,2026-02,2.5569000288101273,2.5461572750940826,-0.010742753716044717,-0.010768215034182571
V2,ME,2026-03,2.882960413080893,2.874753917370257,-0.008206495710635586,-0.008235242962336464
V2,ME,2026-04,3.635458167330663,3.68815411121167,0.05269594388100707,0.052659062708706905
V2,ME,2026-05,3.4353837471783333,3.537791574316751,0.10240782713841767,0.1023724495764502
V2,ME,2026-06,3.5771901522059224,3.6476708346887423,0.07048068248281991,0.07044420613923652
V2,ME,2026-07,3.9432505737533985,3.9585103110992086,0.015259737345810098,0.01522015263854648
V2,ME,2026-08,4.6270718232044095,4.685078675182031,0.058006851977621565,0.05796000165937265
V2,MK,2005-12,0.8973080757726848,0.8958488890246006,-0.001459186748084207,-0.001477103367532262
V2,MK,2006-01,3.217760039910189,3.317502749221461,0.09974270931127194,0.09974270931127194
V2,MK,2006-02,2.97729810197247,3.055207748470178,0.07790964649770826,0.07790964649770826
V2,MK,2006-03,3.2049689440993845,3.2404067485039376,0.03543780440455313,0.03543780440455313
V2,MK,2006-04,3.5550031075201938,3.5867242605913128,0.031721153071119,0.031721153071119
V2,MK,2006-05,4.6485682409817874,4.6780636777328155,0.02949543675102806,0.02949543675102806
V2,MK,2006-06,3.6606480336383695,3.706088850886702,0.045440817248332266,0.045440817248332266
V2,MK,2006-07,4.253461394536595,4.265374214601791,0.011912820065195895,0.011912820065195895
V2,MK,2006-08,4.468993221190054,4.456396549330388,-0.012596671859665953,-0.012596671859665953
V2,MK,2006-09,3.5330836454432024,3.532059311235758,-0.0010243342074445216,-0.0010243342074445216
V2,MK,2006-10,2.9626874922523916,2.9788838137784595,0.01619632152606787,0.01619632152606787
V2,MK,2006-11,4.112823061630211,4.109775700187242,-0.003047361442968466,-0.003047361442968466
V2,MK,2006-12,3.3967391304347894,3.390359754967685,-0.006379375467104431,-0.006379375467104431
V2,MK,2007-01,1.1478975350410758,1.112186211397922,-0.03571132364315388,-0.03571132364315388
V2,MK,2007-02,0.7709914468136292,0.7395758685160679,-0.03141557829756125,-0.03141557829756125
V2,MK,2007-03,1.0592200288878084,1.0666197784513785,0.007399749563570035,0.007399749563570035
V2,MK,2007-04,1.2483495378705856,1.2629251933324832,0.014575655461897652,0.014575655461897652
V2,MK,2007-05,0.7225775882492291,0.6988127409381902,-0.023764847311038895,-0.023764847311038895
V2,MK,2007-06,1.4077785731329229,1.347084788017503,-0.060693785115419896,-0.060693785115419896
V2,MK,2007-07,1.5553960277578271,1.4309985726063517,-0.12439745515147549,-0.12439745515147549
V2,MK,2007-08,2.271088680605615,2.1042288119140133,-0.16685986869160185,-0.16685986869160185
V2,MK,2007-09,3.243699505607145,3.1661888137951477,-0.07751069181199721,-0.07751069181199721
V2,MK,2007-10,3.419215025282929,3.4200046627717575,7.896374888285429e-4,7.896374888285429e-4
V2,MK,2007-11,3.842940685045937,3.9112221874057953,0.06828150235985841,0.06828150235985841
V2,MK,2007-12,5.280133795245501,5.277434313913646,-0.002699481331855047,-0.002699481331855047
V2,MK,2008-01,7.382630510094379,7.657287498330073,0.2746569882356944,0.27458041612643225
V2,MK,2008-02,8.4279736999402175,8.668195279171119,0.24022157923090148,0.2401348981449214
V2,MK,2008-03,8.873272987136737,9.159471415481907,0.28619842834516973,0.2861068345469544
V2,MK,2008-04,8.998221695317143,9.271474884587043,0.2732531892698997,0.2731604754481918
V2,MK,2008-05,8.455839115606256,8.662345949754737,0.20650683414848103,0.2064202115552103
V2,MK,2008-06,9.023529411764697,9.229157513295052,0.2056281015303547,0.20553581087812844
V2,MK,2008-07,8.282280867106495,8.465582724844253,0.1833018577377583,0.18321720275706
V2,MK,2008-08,7.566678416167316,7.691579331560089,0.12490091539277248,0.12482400036860675
V2,MK,2008-09,6.6923615977575235,6.783291302607732,0.09092970485020846,0.09086187261550549
V2,MK,2008-10,7.019790454016306,7.068471438627335,0.04868098461102921,0.04861030060348348
V2,MK,2008-11,5.746465923457067,5.707983307141335,-0.03848261631573191,-0.0385396955780104
V2,MK,2008-12,4.913196414387833,4.9196819318398015,0.006485517451968903,0.006436321124613897
V2,MK,2009-01,2.5586828345755874,2.278571288721784,-0.28011154585380327,-0.28008875991305704
V2,MK,2009-02,1.4884233737596508,1.2084710278512891,-0.2799523459083617,-0.279940261077235
V2,MK,2009-03,1.0720927688436799,0.8386471908299479,-0.233445578013732,-0.23343719145795816
V2,MK,2009-04,0.3589297367848632,0.11307136205972147,-0.24585837472514172,-0.2458572440002139
V2,MK,2009-05,1.1819561917154608,0.9221205158691748,-0.2598356758462861,-0.2598264545489143
V2,MK,2009-06,-0.949606129275915,-1.21641031838222,-0.2668041891063049,-0.26681635333113074
V2,MK,2009-07,-0.6528125340006463,-0.9584531006764704,-0.30564056667582407,-0.30565015130267714
V2,MK,2009-08,-0.8192244675040983,-1.137379302322698,-0.31815483481859963,-0.31816620872536205
V2,MK,2009-09,-0.678708264915151,-0.8887736402023169,-0.21006537528716585,-0.21007426311244626
V2,MK,2009-10,-1.7295768519525745,-1.8881932196314415,-0.158616367678867,-0.15863524979988441
V2,MK,2009-11,-1.5107053581132512,-1.5831905471163032,-0.07248518900305201,-0.07250102106684397
V2,MK,2009-12,-1.0707332900713795,-1.0716209617392034,-8.876716678238861e-4,-8.983879846045095e-4
V2,MK,2010-01,-0.5315110098709108,-0.3866383144071929,0.14487269546371795,0.14486882904190956
V2,MK,2010-02,0.10863661053777118,0.1992194931379188,0.09058288260014763,0.09058487481500097
V2,MK,2010-03,0.32471046650071056,0.4300527176831114,0.10534225118240081,0.10534655175258317
V2,MK,2010-04,1.1704779451609415,1.2527281407983346,0.08225019563739311,0.08226272304407534
V2,MK,2010-05,-0.6966027221091076,-0.525120124362646,0.17148259774646157,0.1714773464927054
V2,MK,2010-06,1.1765987580346415,1.216188056317107,0.03958929828246549,0.039601460284648615
V2,MK,2010-07,0.9747015660935388,0.9958202859692986,0.02111871987575986,0.02112867817820241
V2,MK,2010-08,1.4647577092510966,1.4774977385809749,0.012740029329878277,0.012754804455014979
V2,MK,2010-09,1.5981483522539364,1.6136368789525848,0.01548852669864842,0.01550466322880295
V2,MK,2010-10,2.368828868718187,2.4012984773292647,0.03246960861107784,0.032493621835983255
V2,MK,2010-11,2.4497903332597604,2.466965353156433,0.017175019896672694,0.017199689796902895
V2,MK,2010-12,2.3176997922816245,2.3203249028792934,0.0026251105976689004,0.002648314078732561
V2,MK,2011-01,2.562704471101407,2.484875728109206,-0.07782874299220088,-0.07782874299220088
V2,MK,2011-02,2.962561041779699,2.935558559157158,-0.027002482622541013,-0.027002482622541013
V2,MK,2011-03,3.927068723702676,3.922041717542865,-0.005027006159810998,-0.005027006159810998
V2,MK,2011-04,3.631494376004296,3.6424662183931082,0.010971842388812103,0.010971842388812103
V2,MK,2011-05,4.198143751349015,4.177510066347258,-0.020633685001756774,-0.020633685001756774
V2,MK,2011-06,3.4026057930440334,3.3679850922311045,-0.034620700812928895,-0.034620700812928895
V2,MK,2011-07,3.394793926247286,3.3051714493729523,-0.08962247687433367,-0.08962247687433367
V2,MK,2011-08,3.201997177900795,3.109139870044411,-0.09285730785638391,-0.09285730785638391
V2,MK,2011-09,2.994141896289859,2.9366540267377292,-0.05748786955212992,-0.05748786955212992
V2,MK,2011-10,2.811418685121092,2.7670235566703583,-0.04439512845073379,-0.04439512845073379
V2,MK,2011-11,2.9728565273588803,2.9337802895134675,-0.03907623784541281,-0.03907623784541281
V2,MK,2011-12,2.115610642162613,2.1078638344527416,-0.007746807709871462,-0.007746807709871462
V2,MK,2012-01,2.0414673046251997,2.1014281040761333,0.05996079945093369,0.059981813942119544
V2,MK,2012-02,1.5282462057335522,1.5553482936515206,0.02710208791796842,0.02711764155644114
V2,MK,2012-03,0.31142946122701964,0.3424624375698863,0.03103297634286667,0.0310364010014888
V2,MK,2012-04,0.992350630556138,0.9918684265456891,-4.822040104489611e-4,-4.7228522699571673e-4
V2,MK,2012-05,0.890730191610567,0.8962066333317344,0.005476441721167458,0.0054854038771221525
V2,MK,2012-06,1.0101010101010166,1.0280026974116925,0.017901687310675873,0.017911967440451093
V2,MK,2012-07,0.7972306724011391,0.833786236982515,0.03655556458137588,0.03656390252712516
V2,MK,2012-08,2.0509045014724503,2.073021351971403,0.022116850498952623,0.02213758091977658
V2,MK,2012-09,3.3178849799873733,3.3580108787433662,0.04012589875599293,0.0401594792005846
V2,MK,2012-10,3.334034497265459,3.368526517895788,0.03449202063032919,0.034525706232364506
V2,MK,2012-11,2.7928870292887042,2.7936553170240193,7.682877353150097e-4,7.96224567853443e-4
V2,MK,2012-12,2.856544940881034,2.8674665619179938,0.010921621036959817,0.010950295989328396
V2,MK,2013-01,2.719599874960932,2.7631423918158493,0.0435425168549175,0.0435425168549175
V2,MK,2013-02,2.5433406000207714,2.5501220656738,0.006781465653028729,0.006781465653028729
V2,MK,2013-03,2.3698644313360218,2.3381384546042354,-0.03172597673178634,-0.03172597673178634
V2,MK,2013-04,3.756397134083933,3.7119939988983037,-0.04440313518562933,-0.04440313518562933
V2,MK,2013-05,3.6033261472128153,3.579496926576306,-0.023829220636509163,-0.023829220636509163
V2,MK,2013-06,4.144329896907206,4.141407639780533,-0.0029222571266735997,-0.0029222571266735997
V2,MK,2013-07,3.715266937246331,3.722558904597464,0.007291967351132911,0.007291967351132911
V2,MK,2013-08,3.040296815417909,3.0783389852989873,0.03804216988107845,0.03804216988107845
V2,MK,2013-09,1.8758283209297621,1.855683274910638,-0.020145046019124146,-0.020145046019124146
V2,MK,2013-10,1.6386768447837152,1.611914748961115,-0.02676209582260025,-0.02676209582260025
V2,MK,2013-11,1.444998473593162,1.4398446659906097,-0.005153807602552352,-0.005153807602552352
V2,MK,2013-12,1.8921668362156696,1.887395641914901,-0.004771194300768666,-0.004771194300768666
V2,MK,2014-01,1.5114627713532114,1.5366356618982422,0.0251728905450308,0.025126792858104485
V2,MK,2014-02,1.3160558817574275,1.3344408971532444,0.01838501539581694,0.018344983369863233
V2,MK,2014-03,0.8896077638495647,0.903394619336729,0.013786855487164296,0.013759754461614926
V2,MK,2014-04,-1.4106737693597826,-1.2910189588652121,0.1196548104945705,0.11969353990145404
V2,MK,2014-05,-0.554894966309949,-0.4778391455284935,0.07705582078145545,0.0770701555257789
V2,MK,2014-06,-1.1977826173035,-1.1151679299836306,0.08261468731986943,0.082648141354148
V2,MK,2014-07,0.16054585591009918,0.18515567714105574,0.024609821230956563,0.02460426672727742
V2,MK,2014-08,-0.49009801960393506,-0.4587737844710124,0.03132423513292265,0.031337997933572614
V2,MK,2014-09,-0.3902731912338697,-0.3804327434568483,0.009840447777021422,0.009851860416945912
V2,MK,2014-10,-0.060084117764869216,-0.05598437943005859,0.004099738334810629,0.004101417815809132
V2,MK,2014-11,0.09027986758953777,0.08865810487373048,-0.0016217627158072873,-0.0016244223791635343
V2,MK,2014-12,-0.23961661341852514,-0.24440698199074265,-0.004790368572217513,-0.004783036582717309
V2,MK,2015-01,-0.6595383231737695,-0.3748406105516532,0.2846977126221163,0.2846939641785264
V2,MK,2015-02,-0.5595523581135131,-0.28160289267873945,0.27794946543477367,0.2779466493776863
V2,MK,2015-03,0.13026052104210262,0.37981827385562483,0.24955775281352222,0.249561551034243
V2,MK,2015-04,0.3702221332799738,0.6169941926037987,0.24677205932382495,0.24677822932745097
V2,MK,2015-05,0.3985651654045519,0.6330854967543377,0.23452033134978578,0.23452666226806262
V2,MK,2015-06,0.9718465083659034,1.2125272458462628,0.24068073748035945,0.2406928628740721
V2,MK,2015-07,0.2704868763774959,0.4297434168864208,0.1592565405089249,0.15926083798606866
V2,MK,2015-08,0.7337420846316167,0.9174085865360492,0.18366650190443246,0.1836756760820396
V2,MK,2015-09,0.5123568414707513,0.6421423834221311,0.1297855419513798,0.12979196343942878
V2,MK,2015-10,-0.060120240480965315,0.04462002502748909,0.1047402655084544,0.10474071171316668
V2,MK,2015-11,-0.18039687312086938,-0.1428105406450177,0.03758633247585169,0.03758490435616407
V2,MK,2015-12,-0.3402722177742179,-0.33455413967570685,0.005718078098511048,0.005714732523658561
V2,MK,2016-01,0.4325520571371255,0.5427965589525364,0.1102445018154109,0.1102445018154109
V2,MK,2016-02,0.17081993569132425,0.25169497111617817,0.08087503542485391,0.08087503542485391
V2,MK,2016-03,-0.16011207845493258,-0.016478875500617187,0.1436332029543154,0.1436332029543154
V2,MK,2016-04,-0.37882564051440193,-0.25762691836017126,0.12119872215423066,0.12119872215423066
V2,MK,2016-05,-0.0992457324335172,0.03486241783973634,0.13410815027325354,0.13410815027325354
V2,MK,2016-06,-0.02976781107362214,0.12391115272999571,0.15367896380361784,0.15367896380361784
V2,MK,2016-07,0.4695773803576664,0.5576778765709087,0.08810049621324234,0.08810049621324234
V2,MK,2016-08,0.40909998004390324,0.5041617286971863,0.0950617486532831,0.0950617486532831
V2,MK,2016-09,0.6896551724137945,0.7339790040792679,0.04432383166547338,0.04432383166547338
V2,MK,2016-10,0.7920593543212506,0.8263110640961633,0.03425170977491265,0.03425170977491265
V2,MK,2016-11,0.37148594377509614,0.38595328401933165,0.014467340244235516,0.014467340244235516
V2,MK,2016-12,0.1807591885920834,0.17896453025854187,-0.0017946583335415323,-0.0017946583335415323
V2,MK,2017-01,1.0516826923076872,1.0922965245136125,0.04061383220592529,0.04062475528040088
V2,MK,2017-02,0.4814926271441422,0.599312166316702,0.11781953917255983,0.1178255323541545
V2,MK,2017-03,1.012328355217007,1.1136899582952402,0.10136160307823316,0.10137274008918618
V2,MK,2017-04,1.6111277894526266,1.6411529771547828,0.03002518770215623,0.03004159939604456
V2,MK,2017-05,2.1557719054241975,2.1716529898879893,0.015881084463791773,0.015902801210857742
V2,MK,2017-06,2.620347394540934,2.621202935922756,8.555413818220892e-4,8.817536733043418e-4
V2,MK,2017-07,2.138027048528235,2.13631924885986,-0.0017077996683747543,-0.0016864362622519558
V2,MK,2017-08,2.4644738149657286,2.4260338805966484,-0.03843993436908022,-0.03841567378766886
V2,MK,2017-09,2.4419297200714896,2.4253585084253606,-0.016571211646128958,-0.01654695781850668
V2,MK,2017-10,2.6559236048940615,2.651697685279055,-0.004225919615006735,-0.004199402372981886
V2,MK,2017-11,3.1509452835850826,3.1529800585977994,0.0020347750127167608,0.0020663051286038403
V2,MK,2017-12,3.468323977546106,3.474489714306253,0.006165736760146867,0.006200482004742547
V2,MK,2018-01,2.0517395182872322,2.104899676585157,0.05316015829792464,0.05313910951164624
V2,MK,2018-02,3.0448237995407856,3.1097578353888067,0.06493403584802104,0.06490293858063989
V2,MK,2018-03,2.6493351855526814,2.7163997741238757,0.06706458857119424,0.06703742484509023
V2,MK,2018-04,2.2651171951939997,2.311448898486763,0.04633170329276348,0.04630858903492108
V2,MK,2018-05,2.684041622094724,2.7425964552623654,0.05855483316764154,0.05852740747734542
V2,MK,2018-06,2.031144211239,2.0891533500308728,0.05800913879187286,0.05798824746728615
V2,MK,2018-07,2.3074676273001637,2.3704092947201247,0.06294166741996099,0.06291796356405222
V2,MK,2018-08,2.29851614780332,2.348218733911822,0.04970258610850209,0.049679104155982756
V2,MK,2018-09,2.0639534883720945,2.1136507838661265,0.04969729549403201,0.0496761591975563
V2,MK,2018-10,2.344961240310073,2.3714342465665905,0.026473006256517717,0.02644929215119296
V2,MK,2018-11,1.910395655546937,1.9148194685994555,0.004423813052518488,0.004404665049312584
V2,MK,2018-12,1.55008719240457,1.5443138685526343,-0.005773323851935741,-0.005788766836191339
V2,MK,2019-01,1.7676767676767735,1.8014691932943943,0.03379242561762075,0.033810440489702165
V2,MK,2019-02,1.7922883162177827,1.8224196452156969,0.030131328997914153,0.030149553376610072
V2,MK,2019-03,2.2039632672788745,2.2261020696614735,0.02213880238259902,0.02216106362590775
V2,MK,2019-04,2.754237288135597,2.7690503133538167,0.0148130252182197,0.014840715998260645
V2,MK,2019-05,1.6194715408656135,1.6092778338668812,-0.010193706998732344,-0.01017761405946449
V2,MK,2019-06,-0.16115271589723923,-0.145203773594974,0.015948942302265234,0.015947490250008856
V2,MK,2019-07,0.2854967643699968,0.2757283981059443,-0.00976836626405253,-0.00976560895249834
V2,MK,2019-08,0.3792188092529347,0.3798275869437491,6.08777690814355e-4,6.125760046669648e-4
V2,MK,2019-09,-0.31330105383081674,-0.2957648511799956,0.01753620265082112,0.017533244972732565
V2,MK,2019-10,-0.7669002082938858,-0.7453928732146936,0.021507335079192225,0.021499881075920046
V2,MK,2019-11,-0.5709391949757392,-0.5587249259848726,0.012214268990866639,0.012208681685733747
V2,MK,2019-12,-0.1908032818164318,-0.1939231331100643,-0.0031198512936324863,-0.003121790544356101
V2,MK,2020-01,0.009543806069856053,0.05380293724278179,0.044259131172925736,0.04425966920767851
V2,MK,2020-02,0,0.059525606982274014,0.059525606982274014,0.05952620224429634
V2,MK,2020-03,-0.27428355244490943,-0.20454543061405164,0.06973812183085779,0.06973607635609697
V2,MK,2020-04,-0.7403936269915756,-0.7072782872852923,0.03311533970628333,0.03310826685268209
V2,MK,2020-05,-0.6803355079217144,-0.6673632700424532,0.012972237879261161,0.012965564179823752
V2,MK,2020-06,2.3167489555639964,2.2984511004408037,-0.018297855123192708,-0.018274870382340325
V2,MK,2020-07,1.9643196052381962,1.9471430841364876,-0.01717652110170853,-0.01715704947615082
V2,MK,2020-08,1.9361541367586055,1.9037373204024746,-0.03241681635613092,-0.032397778792551124
V2,MK,2020-09,2.114285714285713,2.1029254804762725,-0.011360233809440512,-0.011339204344340992
V2,MK,2020-10,2.1276595744680993,2.130388060444987,0.0027284859768879066,0.002749790070533553
V2,MK,2020-11,3.0433534309503463,3.043604955443677,2.5152449333054605e-4,2.8196084724863013e-4
V2,MK,2020-12,3.096922194609064,3.1000416626931666,0.0031194680841024613,0.003150468810737106
V2,MK,2021-01,2.5956675255272454,2.3861107930455336,-0.2095567324817118,-0.2095567324817118
V2,MK,2021-02,2.4840582468830474,2.242121924203662,-0.24193632267938536,-0.24193632267938536
V2,MK,2021-03,2.655538694992421,2.3402068239762244,-0.31533187101619653,-0.31533187101619653
V2,MK,2021-04,3.0592012085733256,2.705904800995014,-0.3532964075783114,-0.3532964075783114
V2,MK,2021-05,3.302993337712312,2.9354003973286895,-0.36759294038362267,-0.36759294038362267
V2,MK,2021-06,2.32925018559762,2.0088392973504443,-0.3204108882471757,-0.3204108882471757
V2,MK,2021-07,2.810609585853885,2.5565686878861853,-0.2540408979676996,-0.2540408979676996
V2,MK,2021-08,3.270638376725654,3.0613148898137186,-0.20932348691193559,-0.20932348691193559
V2,MK,2021-09,4.001119194180203,3.7088037839993424,-0.29231541018086027,-0.29231541018086027
V2,MK,2021-10,4.652466367712993,4.373194629484085,-0.27927173822890783,-0.27927173822890783
V2,MK,2021-11,4.783133649113025,4.756787083373022,-0.026346565740002603,-0.026346565740002603
V2,MK,2021-12,4.867420730576666,4.870601164288072,0.003180433711405861,0.003180433711405861
V2,MK,2022-01,6.66914705608781,6.682975018538402,0.013827962450592146,0.013894792869082018
V2,MK,2022-02,7.735884101040114,7.751861762038146,0.01597766099803266,0.01605518039084597
V2,MK,2022-03,9.016999260901715,9.038429333594154,0.02143007269243924,0.02152045788962731
V2,MK,2022-04,10.563444800732945,10.596953399851895,0.033508599118949434,0.0336145697126522
V2,MK,2022-05,11.899355073121987,11.936385522608676,0.03703044948668932,0.03714981453556554
V2,MK,2022-06,14.491702185544586,14.548347781674238,0.05664559612965192,0.05679108106231645
V2,MK,2022-07,15.606046890558511,15.66196725452451,0.05592036396599909,0.05607698520475779
V2,MK,2022-08,16.67862910461153,16.70721283349994,0.02858372888841032,0.0287508026874832
V2,MK,2022-09,18.53645412967446,18.584102075412375,0.0476479457379142,0.04783378861709764
V2,MK,2022-10,19.362613818960916,19.391625753461764,0.029011934500847048,0.029205852697561596
V2,MK,2022-11,19.065768480765843,19.071826856193955,0.006058375428111162,0.006249095603873656
V2,MK,2022-12,17.77031208558042,17.76894078391684,-0.001371301663581903,-0.0011936104788325963
V2,MK,2023-01,16.018486222532257,16.001561717102366,-0.016924505429891212,-0.016764488212547946
V2,MK,2023-02,15.421084389276785,15.431822610849533,0.01073822157274762,0.010892541342053974
V2,MK,2023-03,13.813559322033896,13.8340748613528,0.02051553931890382,0.020653881450940048
V2,MK,2023-04,11.957242293669212,11.883512981440811,-0.07372931222840151,-0.07361047591022363
V2,MK,2023-05,10.731390534946028,10.698560527379177,-0.03283000756685084,-0.03272302089171042
V2,MK,2023-06,9.219801980198007,9.297866773234361,0.07806479303635427,0.07815777263388313
V2,MK,2023-07,8.683736590713353,8.756478835586917,0.07274224487356307,0.07282981053757531
V2,MK,2023-08,8.13533256439829,8.215048703523395,0.07971613912510556,0.07979829043365427
V2,MK,2023-09,6.559237403540608,6.594102261325143,0.03486485778453563,0.034930799466565965
V2,MK,2023-10,3.3729713559195185,3.4578239433826017,0.08485258746308322,0.08488716604830282
V2,MK,2023-11,3.0298518573661726,3.1103025748406155,0.08045071747444288,0.08048182081122457
V2,MK,2023-12,3.7609789054875664,3.75407647548556,-0.006902430002006632,-0.006864888861840335
V2,MK,2024-01,4.051108605787279,4.052559414008293,0.001450808221013844,0.001450808221013844
V2,MK,2024-02,3.8685586258401905,3.856280731225289,-0.012277894614901363,-0.012277894614901363
V2,MK,2024-03,4.475055845122844,4.451546975728357,-0.02350886939448671,-0.02350886939448671
V2,MK,2024-04,4.5740507734438385,4.558276618579207,-0.01577415486463174,-0.01577415486463174
V2,MK,2024-05,4.5524521662634765,4.537449393258283,-0.015002773005193148,-0.015002773005193148
V2,MK,2024-06,3.089419102182922,3.092581466475936,0.003162364293014086,0.003162364293014086
V2,MK,2024-07,3.551873198847244,3.545979630178058,-0.005893568669185889,-0.005893568669185889
V2,MK,2024-08,3.1145559269003753,3.104719272005972,-0.009836654894403107,-0.009836654894403107
V2,MK,2024-09,3.691870784522555,3.6277506776824153,-0.0641201068401398,-0.0641201068401398
V2,MK,2024-10,4.623064679496469,4.581840153897876,-0.0412245255985928,-0.0412245255985928
V2,MK,2024-11,5.5997109826589675,5.5645316021386915,-0.03517938052027603,-0.03517938052027603
V2,MK,2024-12,5.650412386051218,5.653904361936973,0.0034919758857547833,0.0034919758857547833
V2,MK,2025-01,5.822016758162385,5.921981516930806,0.09996475876842137,0.09996475876842137
V2,MK,2025-02,5.982168536094323,6.116516293476793,0.13434775738246962,0.13434775738246962
V2,MK,2025-03,3.798731380514564,3.942248419885157,0.14351703937059312,0.14351703937059312
V2,MK,2025-04,3.489277372779398,3.634813283212557,0.14553591043315883,0.14553591043315883
V2,MK,2025-05,4.115832281587428,4.18234617821047,0.06651389662304208,0.06651389662304208
V2,MK,2025-06,5.0721069293000465,5.107610800620463,0.0355038713204161,0.0355038713204161
V2,MK,2025-07,4.626730675572266,4.6822779521182625,0.05554727654599656,0.05554727654599656
V2,MK,2025-08,4.358320115854086,4.389238429181766,0.030918313327680025,0.030918313327680025
V2,MK,2025-09,3.259157822663461,3.3121476070311058,0.05298978436764479,0.05298978436764479
V2,MK,2025-10,4.356545190512406,4.362300136817936,0.005754946305529529,0.005754946305529529
V2,MK,2025-11,3.6127266507013367,3.6188990343794574,0.006172383678120674,0.006172383678120674
V2,MK,2025-12,3.554064233376697,3.5558868872405998,0.00182265386390279,0.00182265386390279
V2,MK,2026-01,2.9419795221843126,2.9583078234068716,0.016328301222559016,0.016357884596626793
V2,MK,2026-02,2.639077340569873,2.6530801688153534,0.01400282824548027,0.014029359312479173
V2,MK,2026-03,4.923098049986274,4.934473827971516,0.011375777985241697,0.011425123216973532
V2,MK,2026-04,5.662700041034063,5.6642941864730645,0.00159414543900116,0.001650788947300974
V2,MK,2026-05,4.848811367768868,4.87543041332472,0.026619045555851706,0.02666780034753291
V2,MK,2026-06,3.501606855918582,3.5306155732265276,0.02900871730794563,0.029044023816743092
V2,MK,2026-07,2.4404841069291194,2.4556506843593704,0.01516657743025096,0.015191134182662047
V2,MK,2026-08,2.6300138769576265,2.6427405659205245,0.01272668896289808,0.012753116632834072
V2,RS,2006-12,6.359482102056346,6.36235910492085,0.002877002864503986,0.0030042525915972007
V2,RS,2007-01,6.064613640657468,6.338698665129323,0.2740850244718551,0.2739582530339817
V2,RS,2007-02,4.575163398692816,4.774742560095851,0.1995791614030349,0.19948366846169208
V2,RS,2007-03,4.3986636971046655,4.650167028368832,0.2515033312641668,0.25141032978362876
V2,RS,2007-04,3.0971032975041,3.3228696092610632,0.22576631175696305,0.22569985569389894
V2,RS,2007-05,2.3554603854389677,2.728358786498728,0.37289840105976024,0.372843834975352
V2,RS,2007-06,2.8944077184205996,3.2156305091524775,0.32122279073187787,0.3211584794079214
V2,RS,2007-07,3.8433778419343145,3.9169925926361673,0.07361475070185275,0.0735364124167659
V2,RS,2007-08,6.144144144144148,6.115132757945892,-0.02901138619825616,-0.029133686407410764
V2,RS,2007-09,7.704770477047718,7.666336368836345,-0.03843410821137283,-0.03858743187227631
V2,RS,2007-10,8.602344454463463,8.567027048616124,-0.03531740584733889,-0.035488742961568676
V2,RS,2007-11,8.996601681273475,8.989339699944745,-0.007261981328730016,-0.00744176452706391
V2,RS,2007-12,10.54421768707483,10.542925471425939,-0.0012922156488919256,-0.0015030699412346138
V2,RS,2008-01,11.115069469184192,11.510904130817266,0.39583466163307435,0.3959497718254834
V2,RS,2008-02,12.05357142857142,12.556870682047938,0.5032992534765182,0.5034248234390368
V2,RS,2008-03,13.457777777777768,14.032210185312861,0.5744324075350935,0.5745727310401829
V2,RS,2008-04,14.613889379749057,15.24612865534191,0.6322392755928519,0.6323917384040314
V2,RS,2008-05,14.103905160390529,14.867469790253358,0.7635646298628291,0.7637133060474941
V2,RS,2008-06,14.169126584476466,15.08910030697145,0.9199737224949835,0.9201246150069782
V2,RS,2008-07,13.119026933101651,14.091345336222322,0.9723184031206706,0.97245931798318
V2,RS,2008-08,10.931930062807659,11.325765501709162,0.39383543890150285,0.39394869768910645
V2,RS,2008-09,10.245696139060655,10.44664926665987,0.2009531275992149,0.2010575951365574
V2,RS,2008-10,11.491198937230163,11.677308736508078,0.18610979927791504,0.1862265735330233
V2,RS,2008-11,10.239579914670172,10.33601399294419,0.09643407827401873,0.09653743944756066
V2,RS,2008-12,8.032388663967605,8.033418217245416,0.0010295532778101801,0.0011098882633326923
V2,RS,2009-01,9.682590573901884,9.805798684679683,0.12320811077779936,0.123306169745236
V2,RS,2009-02,10.470119521912347,10.503672587847001,0.03355306593465457,0.033658103710910936
V2,RS,2009-03,9.041052961454099,9.07285474383855,0.031801782384450306,0.03189251183918351
V2,RS,2009-04,8.325624421831645,8.351877241884958,0.02625282005331364,0.026336339660929298
V2,RS,2009-05,8.693659281894561,8.703946720737973,0.010287438843411323,0.010374479181020746
V2,RS,2009-06,8.517110266159689,8.569460590490253,0.052350324330564746,0.052436019793425714
V2,RS,2009-07,8.847926267281125,8.898956997398903,0.05103073011777859,0.0511197205776579
V2,RS,2009-08,8.40091813312931,8.359682180470541,-0.04123595265876823,-0.04115235500098713
V2,RS,2009-09,7.62583383869011,7.526853265122243,-0.09898057356786705,-0.09890530428252298
V2,RS,2009-10,5.615132558832281,5.5789211277755255,-0.036211431056755394,-0.03615564128758031
V2,RS,2009-11,6.207204525156285,6.165843070049504,-0.04136145510678091,-0.04129979605948986
V2,RS,2009-12,6.9105081696897,6.910747487214459,2.3931752475903068e-4,3.0842569071243275e-4
V2,RS,2010-01,4.998538439052913,5.196530514548184,0.19799207549527065,0.1979401107097729
V2,RS,2010-02,3.9815349105597253,4.115515894748007,0.1339809841882813,0.13393982944088112
V2,RS,2010-03,4.8713895674666,5.010488967094896,0.13909939962829654,0.13904929523966914
V2,RS,2010-04,4.58297751209793,4.698754779375542,0.11577726727761206,0.11573028019968934
V2,RS,2010-05,4.231093618217607,4.362736003199396,0.13164238498178893,0.13159875805802645
V2,RS,2010-06,4.162578836720399,4.272254741728156,0.10967590500775692,0.10963318288756074
V2,RS,2010-07,5.038103302286201,5.078079708971966,0.0399764066857653,0.03992562639647801
V2,RS,2010-08,6.493506493506485,6.51267339533832,0.019166901831835226,0.01910177574914229
V2,RS,2010-09,7.663051133962551,7.677628313787972,0.014577179825421283,0.01450040431003874
V2,RS,2010-10,8.72937526441968,8.728978600673935,-3.9666374574487406e-4,-4.839526588629184e-4
V2,RS,2010-11,9.390329362298534,9.395920460836182,0.005591098537648165,0.005497140272623824
V2,RS,2010-12,10.23555804823333,10.24185368996571,0.00629564173238073,0.006193224219657623
V2,RS,2011-01,11.010579064587978,11.102312442636004,0.09173337804802628,0.09184440228269608
V2,RS,2011-02,12.30577136514983,12.441855536039583,0.13608417088975244,0.13620859068931068
V2,RS,2011-03,13.907919978076166,14.042773262103728,0.13485328402756203,0.1349937131644765
V2,RS,2011-04,14.384866630375592,14.530163548987009,0.14529691861141636,0.1454422216999376
V2,RS,2011-05,13.526635198921099,13.666114141703353,0.13947894278225448,0.13961560529029704
V2,RS,2011-06,12.836383207750268,13.011218715544222,0.1748355077939543,0.17496562128224724
V2,RS,2011-07,12.159075641542394,12.390152840905971,0.23107719936357718,0.23120110213101341
V2,RS,2011-08,10.644220572640517,10.746454310783708,0.10223373814319103,0.10234120376095568
V2,RS,2011-09,9.407300798115914,9.452064079274972,0.044763281159058366,0.04485780274506723
V2,RS,2011-10,8.78080415045397,8.827352464356762,0.046548313902793126,0.04663658831018047
V2,RS,2011-11,8.26393337604101,8.289352607612892,0.02541923157188286,0.02550212592690393
V2,RS,2011-12,6.868481302467555,6.868768192931672,2.868904641166736e-4,3.5557883292991477e-4
V2,RS,2012-01,5.554858934169293,5.580197735126529,0.025338800957235286,0.025282999537899364
V2,RS,2012-02,4.9042618900555945,5.056255582275865,0.15199369222027048,0.15194313017006955
V2,RS,2012-03,3.1998075303741214,3.7133159038438444,0.513508373469723,0.5134712406820126
V2,RS,2012-04,2.6650803093396958,3.1679247510614474,0.5028444417217517,0.5028127627910308
V2,RS,2012-05,4.573532905678301,4.944571398074789,0.37103849239648756,0.370989047176959
V2,RS,2012-06,6.010016694490816,6.2573930605055725,0.24737636601475632,0.2473137927098854
V2,RS,2012-07,6.229036895064688,6.3818199387403665,0.15278304367567852,0.15271922611446698
V2,RS,2012-08,7.919012818976867,7.911373093970346,-0.00763972500652077,-0.007718837946330659
V2,RS,2012-09,10.212867734991615,10.189610833221355,-0.023256901770260185,-0.023358796859641373
V2,RS,2012-10,12.900918087516388,12.91157569171341,0.010657604197021442,0.01052848973125009
V2,RS,2012-11,12.18934911242604,12.254790758631232,0.06544164620519233,0.06531909952307302
V2,RS,2012-12,12.33039752439895,12.322036440595076,-0.008361083803874791,-0.008484302936087929
V2,RS,2013-01,12.710857685911137,13.093271714701238,0.38241402879010167,0.38241402879010167
V2,RS,2013-02,12.293923692887422,12.678639470741032,0.3847157778536108,0.3847157778536108
V2,RS,2013-03,11.1784590278587,11.620042648143851,0.44158362028515086,0.44158362028515086
V2,RS,2013-04,11.530884227604577,12.005996189640463,0.4751119620358857,0.4751119620358857
V2,RS,2013-05,9.508122231057591,9.822938303292407,0.3148160722348159,0.3148160722348159
V2,RS,2013-06,9.617547806524174,9.992334650967916,0.3747868444437419,0.3747868444437419
V2,RS,2013-07,8.761840324763192,9.053046276985313,0.2912059522221213,0.2912059522221213
V2,RS,2013-08,7.448934280639441,7.671623136678784,0.22268885603934319,0.22268885603934319
V2,RS,2013-09,5.067274305555558,5.329483296703185,0.2622089911476273,0.2622089911476273
V2,RS,2013-10,2.4712218819305187,2.582593714612224,0.11137183268170547,0.11137183268170547
V2,RS,2013-11,1.7827004219409304,1.848205383372383,0.06550496143145268,0.06550496143145268
V2,RS,2013-12,2.331002331002341,2.3353133596356446,0.004311028633303682,0.004311028633303682
V2,RS,2014-01,3.0143338954468746,3.2670049331210604,0.25267103767418586,0.25263836795155203
V2,RS,2014-02,2.684563758389258,2.8387425538362425,0.15417879544698465,0.15415040830531757
V2,RS,2014-03,2.516250786328378,2.67716134158212,0.16091055525374198,0.16088378390803948
V2,RS,2014-04,2.244389027431426,2.453059886542833,0.20867085911140704,0.20864632875784528
V2,RS,2014-05,2.479253112033186,2.6991432138209586,0.21989010178777235,0.21986311062554575
V2,RS,2014-06,1.4982042072857915,1.7714057783593542,0.2732015710735627,0.27318385719291793
V2,RS,2014-07,2.415759460860545,2.4967600437519324,0.08100058289138756,0.08097561554062338
V2,RS,2014-08,1.9010228329372714,1.9124005112559297,0.011377678318658324,0.011358554504784069
V2,RS,2014-09,2.4475885572653233,2.456705480293286,0.009116923027962631,0.009092356218827646
V2,RS,2014-10,1.9478511800474108,1.9477141408394312,-1.3703920797958347e-4,-1.5651615461864665e-4
V2,RS,2014-11,2.4147580060109863,2.410542386408983,-0.00421561960200334,-0.00423972478481538
V2,RS,2014-12,1.9258645682335818,1.9206009433674027,-0.00526362486617904,-0.005282830683554618
V2,RS,2015-01,0.34786167382852007,0.5407679851118068,0.19290631128328672,0.1929009036575119
V2,RS,2015-02,0.8169934640522847,1.0056427704089834,0.18864930635669874,0.18863925002955795
V2,RS,2015-03,1.6363264471261907,1.8233115586949984,0.1869851115688077,0.18696687863555028
V2,RS,2015-04,1.6158536585365812,1.8135774541868495,0.1977237956502682,0.19770566005708212
V2,RS,2015-05,1.3665350744002325,1.5829158249047244,0.2163807505044919,0.2163649215045329
V2,RS,2015-06,1.920938226670721,2.1037651100291965,0.18282688335847563,0.18280584591774973
V2,RS,2015-07,1.2249443207126953,1.2438853059754609,0.018940985262765553,0.018928546534092927
V2,RS,2015-08,2.250836459495087,2.264593330155282,0.013756870660194931,0.013734224953350083
V2,RS,2015-09,1.5927419354838657,1.691230074798523,0.09848813931465727,0.09847122718303059
V2,RS,2015-10,1.6983420946219185,1.7412905430498387,0.042948448427920116,0.04293103569661705
V2,RS,2015-11,1.6089860352155538,1.6283876392648706,0.01940160404931679,0.019385320335761236
V2,RS,2015-12,1.828524989841518,1.8379118908670173,0.009386901025499439,0.009368522090380083
V2,RS,2016-01,2.6814845024469847,2.723471831526949,0.041987329079964386,0.041987329079964386
V2,RS,2016-02,1.9246353322528442,1.986159906638371,0.06152457438552683,0.06152457438552683
V2,RS,2016-03,1.137049708190796,1.2365201365797331,0.09947042838893716,0.09947042838893716
V2,RS,2016-04,0.890089008900885,0.9793295216745597,0.08924051277367462,0.08924051277367462
V2,RS,2016-05,0.8388256440982733,0.9229037867674638,0.08407814266919045,0.08407814266919045
V2,RS,2016-06,0.3075091756770121,0.4103489317134682,0.10283975603645612,0.10283975603645612
V2,RS,2016-07,1.180118011801179,1.2003376035669036,0.02021959176572463,0.02021959176572463
V2,RS,2016-08,1.3287059990084282,1.304722194127911,-0.023983804880517212,-0.023983804880517212
V2,RS,2016-09,0.7541178805318571,0.7972260180381514,0.043108137506294275,0.043108137506294275
V2,RS,2016-10,1.6202783300198975,1.6184022658098844,-0.0018760642100130731,-0.0018760642100130731
V2,RS,2016-11,1.663180958071897,1.6520674260686121,-0.01111353200328491,-0.01111353200328491
V2,RS,2016-12,1.6560255387071177,1.6550127295996053,-0.0010128091075123358,-0.0010128091075123358
V2,RS,2017-01,2.4625161354383973,2.4523438595508034,-0.010172275887593951,-0.010196799080957497
V2,RS,2017-02,3.3094812164579546,3.3128574541829137,0.003376237724959097,0.003343109481700246
V2,RS,2017-03,3.7210227838025967,3.708727866649424,-0.012294917153172769,-0.012332004060970014
V2,RS,2017-04,4.302141157811268,4.2545695108907156,-0.04757164692055227,-0.047614192190208016
V2,RS,2017-05,3.773024361259658,3.7480533997549634,-0.02497096150469469,-0.02500844166389049
V2,RS,2017-06,3.8271360759493556,3.8017627933239933,-0.025373282625362314,-0.02541129987312285
V2,RS,2017-07,3.4101018088366075,3.399458779093674,-0.010643029742933408,-0.010677023990781631
V2,RS,2017-08,2.622565808787569,2.6124691170153334,-0.010096691772235822,-0.010122816202161822
V2,RS,2017-09,3.3188891077407856,3.2804634476019934,-0.03842566013879223,-0.03845846444522527
V2,RS,2017-10,2.8269588183507777,2.8106109738499194,-0.016347844500858244,-0.016375950329538203
V2,RS,2017-11,2.8898902821316685,2.880133990131058,-0.009756292000610678,-0.009785093052501193
V2,RS,2017-12,3.032384690873391,3.034038573531492,0.001653882658100958,0.0016235425757664679
V2,RS,2018-01,2.035080918693688,2.039214460955792,0.004133542262104051,0.004133542262104051
V2,RS,2018-02,1.664261664261657,1.6748876937824204,0.010626029520763414,0.010626029520763414
V2,RS,2018-03,1.4868105515587482,1.4849067405784704,-0.0019038109802778092,-0.0019038109802778092
V2,RS,2018-04,1.0074130393461278,1.031010369120336,0.023597329774208253,0.023597329774208253
V2,RS,2018-05,2.2139517129497133,2.1927773891593256,-0.02117432379038764,-0.02117432379038764
V2,RS,2018-06,2.457376893037422,2.4361177376689738,-0.021259155368448024,-0.021259155368448024
V2,RS,2018-07,2.418275664308922,2.4113105082526642,-0.006965156056257804,-0.006965156056257804
V2,RS,2018-08,2.574616191475143,2.582990385303209,0.008374193828065923,0.008374193828065923
V2,RS,2018-09,2.087503574492411,2.0973136116033344,0.009810037110923542,0.009810037110923542
V2,RS,2018-10,2.2450532724505257,2.2532485756453355,0.008195303194809878,0.008195303194809878
V2,RS,2018-11,1.9137389317337883,1.9243229293124013,0.010583997578613058,0.010583997578613058
V2,RS,2018-12,2.0001904943327986,1.9943511089200845,-0.005839385412714115,-0.005839385412714115
V2,RS,2019-01,2.0514768733972844,2.0624162031237248,0.010939329726440405,0.010959954094714952
V2,RS,2019-02,2.318319454958351,2.3392745814613685,0.020955126503017674,0.02097851948276208
V2,RS,2019-03,2.665406427221173,2.672882156391204,0.00747572917003092,0.007502458258885625
V2,RS,2019-04,2.9544599171998476,2.948850500072802,-0.005609417127045546,-0.0055799283271569244
V2,RS,2019-05,1.9232564653160367,1.9403662634908319,0.017109798174795188,0.017129202031468616
V2,RS,2019-06,1.403737101422342,1.4342611121314173,0.030524010709075178,0.0305383534636241
V2,RS,2019-07,1.7172188520765186,1.732748886877109,0.015530034800590453,0.015547362462735803
V2,RS,2019-08,1.4502184623965908,1.4790900739667436,0.028871611570152833,0.02888640261880293
V2,RS,2019-09,1.4098972922502284,1.4233567153516153,0.013459423101386925,0.013473656810877532
V2,RS,2019-10,1.1723111276516374,1.1756652988777896,0.003354171226152225,0.003365927996708651
V2,RS,2019-11,1.7096412556053764,1.7058779640390451,-0.0037632915663312616,-0.003746232616101297
V2,RS,2019-12,2.0823606312447396,2.0857620495239733,0.003401418279233681,0.003422276108306921
V2,RS,2020-01,2.317356910190771,2.3060967139181847,-0.011260196272586231,-0.011260196272586231
V2,RS,2020-02,2.3027836863035223,2.3018158024738216,-9.678838297006997e-4,-9.678838297006997e-4
V2,RS,2020-03,1.749217455348906,1.7619361672445846,0.012718711895678636,0.012718711895678636
V2,RS,2020-04,1.1880826174373915,1.2028931818877449,0.014810564450353336,0.014810564450353336
V2,RS,2020-05,1.1450032060089876,1.1465422920624122,0.0015390860534245654,0.0015390860534245654
V2,RS,2020-06,1.8518518518518379,1.8382646806558351,-0.013587171196002723,-0.013587171196002723
V2,RS,2020-07,2.1836865767501656,2.1720714762580746,-0.011615100492091024,-0.011615100492091024
V2,RS,2020-08,1.9151470722990949,1.8970172178947349,-0.01812985440435999,-0.01812985440435999
V2,RS,2020-09,1.8414510634379821,1.8330710921126272,-0.008379971325354951,-0.008379971325354951
V2,RS,2020-10,1.7840720985838,1.778930474993956,-0.0051416235898438245,-0.0051416235898438245
V2,RS,2020-11,1.6625332965922723,1.647986124037265,-0.01454717255500726,-0.01454717255500726
V2,RS,2020-12,1.2989388949872005,1.2992783367827883,3.394417955877582e-4,3.394417955877582e-4
V2,RS,2021-01,1.1551755503001582,1.2833295846670985,0.12815403436694028,0.1281668677911212
V2,RS,2021-02,1.1480744892424566,1.217090982985588,0.06901649374313146,0.06902866477467162
V2,RS,2021-03,1.7281939920376521,1.7709374343378794,0.04274344230022731,0.0427611518516664
V2,RS,2021-04,2.6282514450866934,2.641434857981763,0.013183412895069413,0.013209827507795424
V2,RS,2021-05,3.477630863973924,3.5058253747053687,0.028194510731444744,0.028229569335778137
V2,RS,2021-06,3.114311431143113,3.1842179147994996,0.06990648365638652,0.06993832615395945
V2,RS,2021-07,3.1247194037891557,3.1754099823490214,0.050690578559865695,0.050722332977233275
V2,RS,2021-08,4.189893903974107,4.263864796297231,0.07397089232312393,0.0740135313974779
V2,RS,2021-09,5.623361359732382,5.620238731965967,-0.0031226277664151425,-0.0030664248170664266
V2,RS,2021-10,6.532345500542092,6.528198827628089,-0.004146672914002281,-0.004081390272898666
V2,RS,2021-11,7.490061438380913,7.489709101231408,-3.5233714950511086e-4,-2.774393095146266e-4
V2,RS,2021-12,7.874300162542891,7.870795609888096,-0.003504552654795212,-0.003425843911608162
V2,RS,2022-01,8.227677367143249,8.213816667954513,-0.013860699188736447,-0.01402497223663346
V2,RS,2022-02,8.749664849405669,8.763499830416386,0.013834981010717229,0.013659714519437927
V2,RS,2022-03,9.098994930178762,9.095996009130088,-0.0029989210486736084,-0.0031808373305306503
V2,RS,2022-04,9.522133239461429,9.516582418894762,-0.005550820566666559,-0.005741148408487717
V2,RS,2022-05,10.222300017503926,10.223469922120353,0.0011699046164270754,9.6543930729176e-4
V2,RS,2022-06,11.627094972067042,11.640706255137655,0.013611283070613212,0.013378473601699525
V2,RS,2022-07,12.494558119286015,12.511149997499311,0.016591878213295885,0.016341660217706888
V2,RS,2022-08,12.7804625474629,12.79580628163649,0.015343734173590917,0.015087823166178183
V2,RS,2022-09,13.549601985791316,13.550697506598302,0.001095520806986272,8.245122770258462e-4
V2,RS,2022-10,14.536510898142673,14.547238160502044,0.010727262359370826,0.010436323414939608
V2,RS,2022-11,14.57510296713458,14.569149215908078,-0.005953751226501325,-0.0062451283832771765
V2,RS,2022-12,14.607399966515988,14.608499683940488,0.0010997174245002128,8.075532741038671e-4
V2,RS,2023-01,15.270854104353603,15.37254233421343,0.1016882298598265,0.1016882298598265
V2,RS,2023-02,15.49145299145298,15.626359434904344,0.1349064434513636,0.1349064434513636
V2,RS,2023-03,15.563345834012733,15.710233988684212,0.14688815467147975,0.14688815467147975
V2,RS,2023-04,14.752912816392127,14.856824085221302,0.10391126882917412,0.10391126882917412
V2,RS,2023-05,14.514848340479602,14.676190613949421,0.16134227346981866,0.16134227346981866
V2,RS,2023-06,13.528307788551786,13.701522639506859,0.17321485095507327,0.17321485095507327
V2,RS,2023-07,12.360681114551086,12.530149155514577,0.16946804096349055,0.16946804096349055
V2,RS,2023-08,11.477542275614038,11.515813060370887,0.03827078475684864,0.03827078475684864
V2,RS,2023-09,10.153776571687011,10.158891687132913,0.005115115445901708,0.005115115445901708
V2,RS,2023-10,8.45612736023693,8.463348242591403,0.00722088235447238,0.00722088235447238
V2,RS,2023-11,7.901107769055837,7.9270985990164355,0.025990829960598205,0.025990829960598205
V2,RS,2023-12,7.523190417062309,7.520198270761846,-0.002992146300462295,-0.002992146300462295
V2,RS,2024-01,6.393253567824719,6.387045369903541,-0.006208197921178105,-0.006144326828767532
V2,RS,2024-02,5.678502810787722,5.6715840613712,-0.006918749416522374,-0.006862033008744994
V2,RS,2024-03,5.121693121693105,5.1269145187700795,0.005221397076974554,0.005272666734859044
V2,RS,2024-04,5.055668370562283,5.059329044178985,0.0036606736167019704,0.00371126741308192
V2,RS,2024-05,4.520870891693263,4.564654500038098,0.0437836083448353,0.04382925534630644
V2,RS,2024-06,3.946824631491941,4.009291476980637,0.06246684548869652,0.0625069388043995
V2,RS,2024-07,4.387958944685555,4.410345726994772,0.022386782309217423,0.02243088620752598
V2,RS,2024-08,4.399752899993126,4.39305552317441,-0.006697376818715739,-0.006653445824174042
V2,RS,2024-09,4.2770136180113605,4.284255987362974,0.007242369351613931,0.007285212339917635
V2,RS,2024-10,4.5879702328121885,4.584285658806264,-0.003684574005924368,-0.003638730690902925
V2,RS,2024-11,4.432961653521872,4.424421124501254,-0.008540529020617527,-0.008496284366925622
V2,RS,2024-12,4.496977107533451,4.499774787171649,0.002797679638198325,0.0028426778360524096
V2,RS,2025-01,4.837070659169429,4.846201887496541,0.009131228327111884,0.009082766792852581
V2,RS,2025-02,4.740421520436344,4.757431771004583,0.017010250568239016,0.01696267672626739
V2,RS,2025-03,4.469498691362994,4.495701290820799,0.026202599457804787,0.02615764289446254
V2,RS,2025-04,4.039192161567695,4.075287231081589,0.03609506951389374,0.03605431704910789
V2,RS,2025-05,3.874220512140103,3.9159286496420598,0.04170813750195679,0.04166897860704921
V2,RS,2025-06,4.724670333311232,4.746937631360067,0.02226729804883565,0.0222198291472111
V2,RS,2025-07,4.988781839778289,5.014444644629736,0.02566280485144734,0.025612660906440432
V2,RS,2025-08,4.845496383957926,4.852671041991371,0.0071746580334455246,0.00712613180828825
V2,RS,2025-09,3.176269851686575,3.176545445652417,2.755939658420914e-4,2.4382882903672964e-4
V2,RS,2025-10,3.100724590377957,3.1025761766164717,0.0018515862385148907,0.0018205607870029894
V2,RS,2025-11,3.066406250000009,3.073904450827133,0.007498200827124268,0.007467462090003263
V2,RS,2025-12,3.016316713254885,3.0192560332620904,0.002939320007205204,0.0029091277487953704
V2,RS,2026-01,2.6817447495961266,2.6893810224348367,0.007636272838710045,0.007582486293991941
V2,RS,2026-02,2.6229508196721207,2.633710681471947,0.010759861799826353,0.010707188639660359
V2,RS,2026-03,3.077021905312538,3.0832507441794297,0.006228838866891628,0.006167175085283638
V2,RS,2026-04,3.6453328208085,3.658612947458151,0.013280126649650725,0.013206955854117464
V2,RS,2026-05,3.7808149188912843,3.8059055471346057,0.025090628243321422,0.02501451165471069
V2,RS,2026-06,3.024550746646426,3.090794566660188,0.06624382001376183,0.06618200535872187
V2,RS,2026-07,2.199874292897541,2.315489261290552,0.115614968393011,0.11556865953396267
V2,RS,2026-08,2.4832256850818357,2.627162795504605,0.14393711042276935,0.14388456821770346
V2,XK,2016-01,0.1295594977077874,0.21397754497996221,0.0844180472721748,0.0844180472721748
V2,XK,2016-02,0.019872813990451377,0.11855461203899494,0.09868179804854356,0.09868179804854356
V2,XK,2016-03,0.059582919563050396,0.15216030376110498,0.09257738419805459,0.09257738419805459
V2,XK,2016-04,-0.11013215859030367,-0.12163956846513357,-0.0115074098748299,-0.0115074098748299
V2,XK,2016-05,-0.13032581453633618,-0.1636244144777208,-0.03329859994138462,-0.03329859994138462
V2,XK,2016-06,-0.3004205888243461,-0.34000441548916166,-0.03958382666481558,-0.03958382666481558
V2,XK,2016-07,-0.04015257980325426,-0.10911121486187543,-0.06895863505862117,-0.06895863505862117
V2,XK,2016-08,0.030078203328653963,-0.04512033201995469,-0.07519853534860865,-0.07519853534860865
V2,XK,2016-09,0.5533199195171035,0.4557800732742243,-0.09753984624287915,-0.09753984624287915
V2,XK,2016-10,0.8902670801240298,0.8691690099477847,-0.0210980701762451,-0.0210980701762451
V2,XK,2016-11,0.8793844308983889,0.8642689165799798,-0.015115514318409073,-0.015115514318409073
V2,XK,2016-12,1.2997400519896063,1.2943852769870268,-0.005354775002579526,-0.005354775002579526
V2,XK,2017-01,1.6820941574599457,1.7683421266950428,0.08624796923509703,0.08624796923509703
V2,XK,2017-02,1.6590502682296782,1.7702159432816773,0.11116567505199915,0.11116567505199915
V2,XK,2017-03,1.5085351329892749,1.585402186016805,0.07686705302753016,0.07686705302753016
V2,XK,2017-04,2.2150947178510627,2.330014862712016,0.11492014486095314,0.11492014486095314
V2,XK,2017-05,1.5458743224252114,1.5552089487819956,0.00933462635678417,0.00933462635678417
V2,XK,2017-06,1.9184411410204882,1.9824258563674757,0.06398471534698746,0.06398471534698746
V2,XK,2017-07,1.687085760192808,1.7320888896270554,0.045003129434247446,0.045003129434247446
V2,XK,2017-08,1.7139420667535488,1.7585919406673924,0.044649873913843674,0.044649873913843674
V2,XK,2017-09,1.6708354177088491,1.7243832686850213,0.05354785097617221,0.05354785097617221
V2,XK,2017-10,0.9121554630180384,0.8981520212804647,-0.01400344173757373,-0.01400344173757373
V2,XK,2017-11,0.8816245666171341,0.8788923726948551,-0.0027321939222789693,-0.0027321939222789693
V2,XK,2017-12,0.4934859849980322,0.4992181181539918,0.005732133155959607,0.005732133155959607
V2,XK,2018-01,-0.17619420516835627,-0.1586327766480646,0.01756142852029166,0.01756142852029166
V2,XK,2018-02,-0.01954461057362966,-0.004698992830112712,0.01484561774351695,0.01484561774351695
V2,XK,2018-03,0.09777082518576119,0.11110171868131749,0.0133308934955563,0.0133308934955563
V2,XK,2018-04,0.41184545989410015,0.397279642748368,-0.01456581714573213,-0.01456581714573213
V2,XK,2018-05,0.9885330170027684,1.0161255084719352,0.027592491469166758,0.027592491469166758
V2,XK,2018-06,0.8081206267862573,0.8173764616026237,0.009255834816366382,0.009255834816366382
V2,XK,2018-07,1.2443215484890358,1.265674860335665,0.02135331184662914,0.02135331184662914
V2,XK,2018-08,1.46826960977533,1.4804208790285922,0.012151269253262154,0.012151269253262154
V2,XK,2018-09,1.4367250541232002,1.4494607003511493,0.012735646227949093,0.012735646227949093
V2,XK,2018-10,1.4442916093535096,1.4621488785510424,0.01785726919753272,0.01785726919753272
V2,XK,2018-11,2.071877454831106,2.080917669466114,0.009040214635008148,0.009040214635008148
V2,XK,2018-12,2.8972696916126583,2.889750352378956,-0.0075193392337022935,-0.0075193392337022935
V2,XK,2019-01,3.137870170621704,3.170979999471424,0.033109828849720024,0.033109828849720024
V2,XK,2019-02,3.1863942918580745,3.2044158383250987,0.01802154646702414,0.01802154646702414
V2,XK,2019-03,3.2721234616136075,3.291693834037692,0.019570372424084326,0.019570372424084326
V2,XK,2019-04,3.378906249999991,3.4068853083823036,0.027979058382312516,0.027979058382312516
V2,XK,2019-05,3.4259984338292915,3.453292542251752,0.027294108422460717,0.027294108422460717
V2,XK,2019-06,2.9523902629778,2.9895370417507623,0.03714677877296246,0.03714677877296246
V2,XK,2019-07,2.6043698790479963,2.6429151960987305,0.03854531705073416,0.03854531705073416
V2,XK,2019-08,2.6609692143342745,2.701220328375606,0.040251114041331526,0.040251114041331526
V2,XK,2019-09,2.4253007372914137,2.4495394609900623,0.024238723698648545,0.024238723698648545
V2,XK,2019-10,2.2179176755448005,2.229066066099242,0.011148390554441612,0.011148390554441612
V2,XK,2019-11,1.7316017316017396,1.743584712094506,0.01198298049276647,0.01198298049276647
V2,XK,2019-12,1.1740001908943531,1.1792115490591444,0.0052113581647912355,0.0052113581647912355
V2,XK,2020-01,1.5497242821829182,1.5453616087903854,-0.004362673392532823,-0.004362673392532823
V2,XK,2020-02,0.9756559628682382,0.9660653207716343,-0.009590642096603874,-0.009590642096603874
V2,XK,2020-03,0.7377281755414744,0.7161323028766979,-0.021595872664776472,-0.021595872664776472
V2,XK,2020-04,0.29283959947099536,0.2546492883967792,-0.038190311074216166,-0.038190311074216166
V2,XK,2020-05,0.18928639030852956,0.1630027809567591,-0.02628360935177046,-0.02628360935177046
V2,XK,2020-06,0.11394929256480779,0.09230018340456222,-0.021649109160245567,-0.021649109160245567
V2,XK,2020-07,-0.10457267801121661,-0.10911881169003775,-0.004546133678821132,-0.004546133678821132
V2,XK,2020-08,-0.49191183426354756,-0.4984867053522408,-0.006574871088693257,-0.006574871088693257
V2,XK,2020-09,-0.4356885773820762,-0.44545090111832225,-0.009762323736246026,-0.009762323736246026
V2,XK,2020-10,-0.20845177184006802,-0.20650738692442933,0.0019443849156386972,0.0019443849156386972
V2,XK,2020-11,-0.3026004728132303,-0.3010980484350009,0.00150242437822945,0.00150242437822945
V2,XK,2020-12,0.08490566037735459,0.08418184404872317,-7.238163286314159e-4,-7.238163286314159e-4
V2,XK,2021-01,-0.2059732234809486,-0.2830994435439103,-0.07712622006296171,-0.07712622006296171
V2,XK,2021-02,0.7317073170731714,0.6537431014747466,-0.07796421559842481,-0.07796421559842481
V2,XK,2021-03,1.2299314618345658,1.1608421988536017,-0.06908926298096407,-0.06908926298096407
V2,XK,2021-04,1.8931901667137652,1.9130402872662553,0.019850120552490136,0.019850120552490136
V2,XK,2021-05,1.9648592480634886,2.005561839777625,0.04070259171413637,0.04070259171413637
V2,XK,2021-06,2.36175661576401,2.379022553060233,0.017265937296222944,0.017265937296222944
V2,XK,2021-07,3.5020936429387195,3.4427149190582385,-0.059378723880481044,-0.059378723880481044
V2,XK,2021-08,4.686757296320954,4.593793121513971,-0.09296417480698249,-0.09296417480698249
V2,XK,2021-09,4.861111111111116,4.773563501929222,-0.08754760918189408,-0.08754760918189408
V2,XK,2021-10,5.696923661222941,5.626905145735377,-0.07001851548756388,-0.07001851548756388
V2,XK,2021-11,6.895570520724648,6.820455325589448,-0.07511519513519982,-0.07511519513519982
V2,XK,2021-12,6.7112828730323315,6.705409234623974,-0.005873638408357529,-0.005873638408357529
V2,XK,2022-01,7.1301247771836,7.096206930693237,-0.03391784649036289,-0.03391784649036289
V2,XK,2022-02,7.5246787111193925,7.516534175803414,-0.008144535315978807,-0.008144535315978807
V2,XK,2022-03,10.016694490818034,10.055449564581084,0.0387550737630491,0.0387550737630491
V2,XK,2022-04,11.249768903679037,11.294252724132525,0.044483820453487866,0.044483820453487866
V2,XK,2022-05,12.479155086158977,12.550672798988517,0.07151771282953945,0.07151771282953945
V2,XK,2022-06,14.075240919199405,14.184504291512097,0.10926337231269123,0.10926337231269123
V2,XK,2022-07,14.196395733725641,14.289633540489866,0.09323780676422544,0.09323780676422544
V2,XK,2022-08,13.031238648746823,13.104719599435263,0.07348095068843996,0.07348095068843996
V2,XK,2022-09,12.718860564274692,12.780189853640138,0.061329289365446016,0.061329289365446016
V2,XK,2022-10,12.666187567373344,12.774306490436974,0.10811892306363013,0.10811892306363013
V2,XK,2022-11,11.59716060337177,11.622960610343732,0.02580000697196283,0.02580000697196283
V2,XK,2022-12,12.066071901775466,12.06857819650825,0.0025062947327842977,0.0025062947327842977
V2,XK,2023-01,12.04133461774235,12.256425458393739,0.2150908406513885,0.21533597406322436
V2,XK,2023-02,10.497141867313363,10.697262303042937,0.2001204357295734,0.2003343852546262
V2,XK,2023-03,7.098297083122573,7.141481834462887,0.04318475134031363,0.04332758383365398
V2,XK,2023-04,5.550477773161622,5.604042604567985,0.053564831406363034,0.0536769145001168
V2,XK,2023-05,4.29124454328309,4.420834216724701,0.1295896734416102,0.12967809189431367
V2,XK,2023-06,2.818617496547793,2.9851395708764263,0.16652207432863353,0.16658177831413035
V2,XK,2023-07,2.351046698872783,2.437785154393326,0.08673845552054305,0.08678721219876451
V2,XK,2023-08,3.1734554511127167,3.1996728970630497,0.02621744595033304,0.026281440688169067
V2,XK,2023-09,4.241448692152927,4.253579689055608,0.012130996902681268,0.012216070197928808
V2,XK,2023-10,3.2530696858555253,3.2507727244900395,-0.002296961365485739,-0.0022319446106608964
V2,XK,2023-11,2.87031883597042,2.8881238944694214,0.01780505849900127,0.01786282213216328
V2,XK,2023-12,2.301568534720566,2.305945936546631,0.00437740182606472,0.00442352166719262
V2,XK,2024-01,1.8133500078161502,1.9341021577983621,0.12075214998221195,0.12075214998221195
V2,XK,2024-02,2.1868631446935405,2.298067167405341,0.1112040227118003,0.1112040227118003
V2,XK,2024-03,2.306360201511337,2.4036177729712693,0.09725757145993219,0.09725757145993219
V2,XK,2024-04,2.4010076359915145,2.4556987706167863,0.054691134625271864,0.054691134625271864
V2,XK,2024-05,2.3692939504027732,2.4151349890180285,0.045841038615255236,0.045841038615255236
V2,XK,2024-06,2.3779428029704563,2.393973940130745,0.01603113716028881,0.01603113716028881
V2,XK,2024-07,2.2183763373190724,2.1952300467089523,-0.02314629061012008,-0.02314629061012008
V2,XK,2024-08,1.417224731350264,1.393007214528692,-0.024217516821571916,-0.024217516821571916
V2,XK,2024-09,0.2007411982705376,0.2550004020072055,0.05425920373666787,0.05425920373666787
V2,XK,2024-10,0.4247104247104394,0.43038488508822015,0.005674460377780743,0.005674460377780743
V2,XK,2024-11,0.6878961199567213,0.6842615155740461,-0.003634604382675155,-0.003634604382675155
V2,XK,2024-12,1.1094845519685537,1.1054365278250213,-0.004048024143532336,-0.004048024143532336
V2,XK,2025-01,1.4586212191002756,1.38419176161272,-0.0744294574875557,-0.0744294574875557
V2,XK,2025-02,1.74886860474035,1.6728868051590002,-0.07598179958134987,-0.07598179958134987
V2,XK,2025-03,2.90066938524276,2.8278674488216295,-0.07280193642113053,-0.07280193642113053
V2,XK,2025-04,2.9981549815498054,2.9554380241076137,-0.04271695744219173,-0.04271695744219173
V2,XK,2025-05,3.6336985033174063,3.5694642973523774,-0.06423420596502893,-0.06423420596502893
V2,XK,2025-06,4.329037734393082,4.279334164006448,-0.04970357038663398,-0.04970357038663398
V2,XK,2025-07,4.2788979529013504,4.210693060480087,-0.06820489242126371,-0.06820489242126371
V2,XK,2025-08,4.5377764127764175,4.464625502419713,-0.07315091035670473,-0.07315091035670473
V2,XK,2025-09,4.677145939281857,4.656007833984182,-0.021138105297675125,-0.021138105297675125
V2,XK,2025-10,5.1364859669357665,5.147912252625654,0.011426285689887905,0.011426285689887905
V2,XK,2025-11,5.327396944806928,5.3426283633628895,0.01523141855596144,0.01523141855596144
V2,XK,2025-12,5.2731844852549115,5.2758268447678125,0.002642359512901038,0.002642359512901038
V2,XK,2026-01,5.758171912832943,5.846425541454983,0.08825362862203967,0.08831209346210311
V2,XK,2026-02,5.767056162834527,5.855657562629437,0.08860139979490977,0.08865995695610795
V2,XK,2026-03,6.520113653357251,6.563092256869509,0.042978603512257685,0.04304423509114219
V2,XK,2026-04,7.516047171219609,7.543781374770185,0.027734203550576098,0.027809642118708844
V2,XK,2026-05,6.781806000148882,6.814450224224252,0.032644224075370154,0.03271236925906429
V2,XK,2026-06,6.020710059171619,6.0453521628172275,0.024642103645608593,0.024702557771777656
V2,XK,2026-07,6.464944649446491,6.473015664753061,0.008071015306569507,0.008135746110525588
V2,XK,2026-08,7.337495409474837,7.271555247288455,-0.06594016218638199,-0.06586744590674609
V3,AL,2017-01,4,4.143017,0.1430170000000004,0.14297557024429786
V3,AL,2017-02,3.7,4.000057,0.3000569999999998,0.3000169998300013
V3,AL,2017-03,3.8,4.108467,0.30846700000000027,0.3084259157408429
V3,AL,2017-04,3.6,3.8639680000000003,0.2639680000000002,0.26392936070639283
V3,AL,2017-05,3.4,3.5261370000000003,0.1261370000000004,0.12610173898261046
V3,AL,2017-06,3.7,3.8704010000000006,0.17040100000000047,0.1703622963770366
V3,AL,2017-07,3,3.0414010000000005,0.041401000000000465,0.04137058629413737
V3,AL,2017-08,2.6,2.673517,0.07351699999999983,0.07349026509734857
V3,AL,2017-09,2.7,2.843791,0.14379099999999978,0.14376256237437657
V3,AL,2017-10,3.2,3.42091,0.22090999999999994,0.22087579124208778
V3,AL,2017-11,2.4,2.612537,0.2125370000000002,0.21251087489125142
V3,AL,2017-12,2.4,2.6142030000000003,0.21420300000000037,0.21417685823141808
V3,AL,2018-01,1.7,1.7196879999999999,0.019687999999999928,0.019687999999999928
V3,AL,2018-02,1.6,1.686463,0.08646299999999996,0.08646299999999996
V3,AL,2018-03,1.4,1.4152280000000002,0.015228000000000241,0.015228000000000241
V3,AL,2018-04,1.7,1.680045,-0.019954999999999945,-0.019954999999999945
V3,AL,2018-05,1.8,1.786761,-0.013239,-0.013239
V3,AL,2018-06,2.1,2.059282,-0.04071800000000003,-0.04071800000000003
V3,AL,2018-07,2.3,2.240761,-0.05923899999999982,-0.05923899999999982
V3,AL,2018-08,2.1,1.9823410000000001,-0.11765899999999996,-0.11765899999999996
V3,AL,2018-09,1.9,1.803663,-0.0963369999999999,-0.0963369999999999
V3,AL,2018-10,1.3,1.18671,-0.11329000000000011,-0.11329000000000011
V3,AL,2018-11,1.4,1.343969,-0.05603099999999994,-0.05603099999999994
V3,AL,2018-12,1.8,1.7148060000000003,-0.08519399999999977,-0.08519399999999977
V3,AL,2019-01,2.4,2.4870160000000006,0.08701600000000065,0.0870906127183817
V3,AL,2019-02,2.3,2.372498,0.0724980000000004,0.0725691770753123
V3,AL,2019-03,1.5,1.5502840000000002,0.05028400000000022,0.05033050991529753
V3,AL,2019-04,1.6,1.6695140000000002,0.06951400000000008,0.06956408692260752
V3,AL,2019-05,1.7,1.6858660000000003,-0.014133999999999647,-0.014083422502674914
V3,AL,2019-06,1.5,1.539585,0.03958499999999998,0.03963118893566797
V3,AL,2019-07,1.5,1.556499,0.05649900000000008,0.05654569637089124
V3,AL,2019-08,1.5,1.5385990000000003,0.03859900000000027,0.038645159354780745
V3,AL,2019-09,1.4,1.4533330000000002,0.0533330000000003,0.053376601298039006
V3,AL,2019-10,1.6,1.6083790000000002,0.008379000000000136,0.008427252817584607
V3,AL,2019-11,1.8,1.8401200000000002,0.040120000000000156,0.0401752052561577
V3,AL,2019-12,1.4,1.4856750000000003,0.08567500000000039,0.08571957158714794
V3,AL,2020-01,1.6,1.591026,-0.008974000000000038,-0.008974000000000038
V3,AL,2020-02,1.4,1.415488,0.015488000000000168,0.015488000000000168
V3,AL,2020-03,2.6,2.626493,0.026492999999999878,0.026492999999999878
V3,AL,2020-04,2.3,2.319127,0.019127000000000116,0.019127000000000116
V3,AL,2020-05,2.8,2.773572,-0.026427999999999674,-0.026427999999999674
V3,AL,2020-06,2.2,2.229139,0.029138999999999804,0.029138999999999804
V3,AL,2020-07,2.2,2.150311,-0.049689000000000316,-0.049689000000000316
V3,AL,2020-08,2.1,2.0406969999999998,-0.05930300000000033,-0.05930300000000033
V3,AL,2020-09,2.3,2.3273,0.027300000000000324,0.027300000000000324
V3,AL,2020-10,2.9,2.892229,-0.007770999999999972,-0.007770999999999972
V3,AL,2020-11,2.2,2.1780910000000002,-0.021908999999999956,-0.021908999999999956
V3,AL,2020-12,1.5,1.510565,0.010564999999999936,0.010564999999999936
V3,AL,2021-01,0.6,0.5599999999999999,-0.040000000000000036,-0.040000000000000036
V3,AL,2021-02,1.3,1.3314439999999998,0.031443999999999805,0.031443999999999805
V3,AL,2021-03,1.4,1.366067,-0.03393299999999999,-0.03393299999999999
V3,AL,2021-04,2.1,2.054927,-0.04507299999999992,-0.04507299999999992
V3,AL,2021-05,2.3,2.3005769999999997,5.769999999998277e-4,5.769999999998277e-4
V3,AL,2021-06,2.1,2.100825,8.249999999998536e-4,8.249999999998536e-4
V3,AL,2021-07,2.7,2.624596,-0.07540400000000025,-0.07540400000000025
V3,AL,2021-08,2.7,2.627949,-0.07205100000000009,-0.07205100000000009
V3,AL,2021-09,2.6,2.620214,0.020213999999999732,0.020213999999999732
V3,AL,2021-10,2.5,2.461065,-0.03893499999999994,-0.03893499999999994
V3,AL,2021-11,3.3,3.286413,-0.013586999999999794,-0.013586999999999794
V3,AL,2021-12,3.8,3.78706,-0.012939999999999952,-0.012939999999999952
V3,AL,2022-01,3.8,3.8740889999999997,0.07408899999999985,0.07408899999999985
V3,AL,2022-02,4,4.093883999999999,0.09388399999999919,0.09388399999999919
V3,AL,2022-03,5.7,5.802323,0.10232300000000016,0.10232300000000016
V3,AL,2022-04,6.1,6.28706,0.18706000000000067,0.18706000000000067
V3,AL,2022-05,6,6.122758999999999,0.1227589999999994,0.1227589999999994
V3,AL,2022-06,6.6,6.745774,0.1457740000000003,0.1457740000000003
V3,AL,2022-07,7.2,7.308561,0.10856099999999991,0.10856099999999991
V3,AL,2022-08,7.7,7.852975,0.15297499999999964,0.15297499999999964
V3,AL,2022-09,7.9,8.006448,0.10644800000000032,0.10644800000000032
V3,AL,2022-10,8,8.168123,0.16812299999999958,0.16812299999999958
V3,AL,2022-11,8,8.096491,0.09649100000000033,0.09649100000000033
V3,AL,2022-12,7.5,7.6274690000000005,0.1274690000000005,0.1274690000000005
V3,AL,2023-01,7.1,7.108019,0.008018999999999998,0.008018999999999998
V3,AL,2023-02,6.8,6.940029,0.14002900000000018,0.14002900000000018
V3,AL,2023-03,5.5,5.482929,-0.017070999999999614,-0.017070999999999614
V3,AL,2023-04,5,5.023465000000001,0.023465000000000735,0.023465000000000735
V3,AL,2023-05,5.6,5.51318,-0.08681999999999945,-0.08681999999999945
V3,AL,2023-06,5.8,5.496521,-0.3034789999999994,-0.3034789999999994
V3,AL,2023-07,5,4.779673,-0.22032700000000016,-0.22032700000000016
V3,AL,2023-08,4.7,4.4801079999999995,-0.21989200000000064,-0.21989200000000064
V3,AL,2023-09,4.9,4.612923,-0.287077,-0.287077
V3,AL,2023-10,4.7,4.509101,-0.19089899999999993,-0.19089899999999993
V3,AL,2023-11,4.5,4.2670639999999995,-0.23293600000000048,-0.23293600000000048
V3,AL,2023-12,4.5,4.331596,-0.16840399999999978,-0.16840399999999978
V3,AL,2024-01,3.8,3.7802669999999994,-0.019733000000000445,-0.019733000000000445
V3,AL,2024-02,2.8,2.7637539999999996,-0.03624600000000022,-0.03624600000000022
V3,AL,2024-03,2.4,2.477575,0.07757499999999995,0.07757499999999995
V3,AL,2024-04,2.3,2.387397,0.08739700000000017,0.08739700000000017
V3,AL,2024-05,2.5,2.558021,0.0580210000000001,0.0580210000000001
V3,AL,2024-06,2.5,2.5935479999999997,0.09354799999999974,0.09354799999999974
V3,AL,2024-07,2.5,2.551616,0.051616000000000106,0.051616000000000106
V3,AL,2024-08,2.4,2.529359,0.129359,0.129359
V3,AL,2024-09,2.3,2.482684,0.18268400000000007,0.18268400000000007
V3,AL,2024-10,2.3,2.373837,0.07383700000000015,0.07383700000000015
V3,AL,2024-11,2.4,2.459581,0.059581000000000106,0.059581000000000106
V3,AL,2024-12,2.5,2.5567,0.056700000000000195,0.056700000000000195
V3,AL,2025-01,2.4,2.438641,0.03864100000000015,0.038616613833861724
V3,AL,2025-02,2.4,2.430718,0.030718000000000245,0.03069369306306946
V3,AL,2025-03,2.5,2.4935,-0.00649999999999995,-0.006524934750652633
V3,AL,2025-04,2.6,2.570023,-0.029977000000000142,-0.030002699973000535
V3,AL,2025-05,2.3,2.248882,-0.051117999999999775,-0.05114048859511389
V3,AL,2025-06,2.5,2.417084,-0.08291599999999999,-0.08294017059829395
V3,AL,2025-07,2.4,2.361323,-0.03867699999999985,-0.03870061299386984
V3,AL,2025-08,2.3,2.2348980000000003,-0.06510199999999955,-0.06512434875651207
V3,AL,2025-09,2.3,2.18485,-0.11514999999999986,-0.11517184828151672
V3,AL,2025-10,2.2,2.079691,-0.12030900000000022,-0.12032979670203314
V3,AL,2025-11,2.1,2.0464,-0.05359999999999987,-0.05362046379536212
V3,AL,2025-12,2.1,2.0845890000000002,-0.015410999999999841,-0.015431845681543432
V3,AL,2026-01,2.3,2.3027599999999997,0.0027599999999998737,0.0027369726302737263
V3,AL,2026-02,2.5,2.442688,-0.05731200000000003,-0.057336426635733684
V3,AL,2026-03,2.5,2.528922,0.028922000000000114,0.02889671103288949
V3,AL,2026-04,2.8,2.728967,-0.0710329999999999,-0.07106028939710596
V3,AL,2026-05,3.3,3.243001,-0.0569989999999998,-0.057031429685703294
V3,AL,2026-06,3.2,3.1547199999999997,-0.04528000000000043,-0.04531154688453132
V3,AL,2026-07,3.4,3.348344,-0.051655999999999924,-0.051689483105168854
V3,AL,2026-08,3,2.969239,-0.03076100000000004,-0.030790692093078942
V3,EA,1997-01,2.1,2.047782,-0.052217999999999876,-0.052217999999999876
V3,EA,1997-02,1.8,1.822117,0.022116999999999942,0.022116999999999942
V3,EA,1997-03,1.5,1.555525,0.05552500000000005,0.05552500000000005
V3,EA,1997-04,1.3,1.291275,-0.008725000000000094,-0.008725000000000094
V3,EA,1997-05,1.4,1.351675,-0.04832499999999995,-0.04832499999999995
V3,EA,1997-06,1.4,1.36799,-0.03200999999999987,-0.03200999999999987
V3,EA,1997-07,1.5,1.492246,-0.007754000000000039,-0.007754000000000039
V3,EA,1997-08,1.7,1.690031,-0.009968999999999895,-0.009968999999999895
V3,EA,1997-09,1.6,1.556648,-0.04335200000000006,-0.04335200000000006
V3,EA,1997-10,1.5,1.520441,0.02044099999999993,0.02044099999999993
V3,EA,1997-11,1.6,1.620897,0.020896999999999943,0.020896999999999943
V3,EA,1997-12,1.5,1.4671130000000001,-0.03288699999999989,-0.03288699999999989
V3,EA,1998-01,1.1,1.077473,-0.022527000000000186,-0.022516225162251713
V3,EA,1998-02,1.1,1.11402,0.014019999999999921,0.014031140311403067
V3,EA,1998-03,1.1,1.141043,0.04104299999999994,0.0410544105441053
V3,EA,1998-04,1.4,1.39513,-0.00486999999999993,-0.004856048560485604
V3,EA,1998-05,1.3,1.314201,0.014200999999999908,0.014214142141421249
V3,EA,1998-06,1.3,1.3486609999999999,0.04866099999999984,0.048674486744867185
V3,EA,1998-07,1.3,1.290754,-0.009246000000000087,-0.009233092330923398
V3,EA,1998-08,1.1,1.1398139999999999,0.039813999999999794,0.03982539825398246
V3,EA,1998-09,1,0.98553,-0.014469999999999983,-0.014460144601445957
V3,EA,1998-10,0.9,0.936002,0.03600199999999998,0.036011360113601065
V3,EA,1998-11,0.8,0.797981,-0.002018999999999993,-0.002011020110201156
V3,EA,1998-12,0.8,0.7361650000000001,-0.06383499999999998,-0.06382763827638283
V3,EA,1999-01,0.8,0.748403,-0.051597000000000004,-0.05158203164063291
V3,EA,1999-02,0.7,0.724479,0.02447900000000003,0.02449348986979749
V3,EA,1999-03,0.9,0.931764,0.031764000000000014,0.031782635652713
V3,EA,1999-04,1.1,1.057192,-0.04280800000000018,-0.04278685573711494
V3,EA,1999-05,0.9,0.954485,0.054485000000000006,0.05450409008180168
V3,EA,1999-06,0.9,0.883253,-0.016747000000000067,-0.01672933458669179
V3,EA,1999-07,1,0.994865,-0.005135000000000001,-0.005115102302046037
V3,EA,1999-08,1.1,1.080411,-0.01958900000000008,-0.019567391347827146
V3,EA,1999-09,1.2,1.230553,0.030553000000000052,0.030577611552231154
V3,EA,1999-10,1.3,1.2891119999999998,-0.01088800000000023,-0.010862217244345107
V3,EA,1999-11,1.4,1.438765,0.03876500000000016,0.03879377587551769
V3,EA,1999-12,1.7,1.718713,0.01871299999999998,0.018747374947498896
V3,EA,2000-01,1.9,1.836584,-0.06341599999999992,-0.06337926758535173
V3,EA,2000-02,1.9,1.947321,0.04732100000000017,0.047359947198943875
V3,EA,2000-03,2,2.019099,0.0190990000000002,0.019139382787655812
V3,EA,2000-04,1.7,1.764885,0.06488500000000008,0.06492029840596802
V3,EA,2000-05,1.7,1.812557,0.11255700000000002,0.11259325186503721
V3,EA,2000-06,2.1,2.207933,0.10793300000000006,0.10797715954319065
V3,EA,2000-07,2.1,2.123084,0.023083999999999882,0.023126462529250436
V3,EA,2000-08,2.1,2.109709,0.009708999999999968,0.009751195023900205
V3,EA,2000-09,2.4,2.47541,0.0754100000000002,0.07545950919018374
V3,EA,2000-10,2.4,2.4395919999999998,0.03959199999999985,0.039640792815855974
V3,EA,2000-11,2.4,2.532389,0.13238899999999987,0.13243964879297554
V3,EA,2000-12,2.5,2.5616120000000002,0.06161200000000022,0.06166323326466516
V3,EA,2001-01,2,1.9845899999999999,-0.015410000000000146,-0.015410000000000146
V3,EA,2001-02,2,1.939366,-0.06063400000000008,-0.06063400000000008
V3,EA,2001-03,2.2,2.185912,-0.0140880000000001,-0.0140880000000001
V3,EA,2001-04,2.7,2.70383,0.003829999999999778,0.003829999999999778
V3,EA,2001-05,3.1,3.076266,-0.023734000000000144,-0.023734000000000144
V3,EA,2001-06,2.9,2.839199,-0.060801000000000105,-0.060801000000000105
V3,EA,2001-07,2.5,2.451387,-0.04861300000000002,-0.04861300000000002
V3,EA,2001-08,2.3,2.280398,-0.019601999999999897,-0.019601999999999897
V3,EA,2001-09,2.2,2.1737800000000003,-0.02621999999999991,-0.02621999999999991
V3,EA,2001-10,2.2,2.227511,0.02751099999999962,0.02751099999999962
V3,EA,2001-11,2,1.9669169999999998,-0.033083000000000196,-0.033083000000000196
V3,EA,2001-12,2,2.041361,0.0413610000000002,0.0413610000000002
V3,EA,2002-01,2.6,2.6075340000000002,0.007534000000000152,0.007534000000000152
V3,EA,2002-02,2.5,2.47371,-0.026289999999999925,-0.026289999999999925
V3,EA,2002-03,2.5,2.526888,0.026888000000000023,0.026888000000000023
V3,EA,2002-04,2.4,2.335525,-0.06447499999999984,-0.06447499999999984
V3,EA,2002-05,2.1,2.069434,-0.03056599999999987,-0.03056599999999987
V3,EA,2002-06,1.9,1.850149,-0.04985099999999987,-0.04985099999999987
V3,EA,2002-07,2,1.992374,-0.007625999999999911,-0.007625999999999911
V3,EA,2002-08,2.1,2.144613,0.044613000000000014,0.044613000000000014
V3,EA,2002-09,2.1,2.128597,0.028596999999999984,0.028596999999999984
V3,EA,2002-10,2.3,2.287553,-0.012446999999999875,-0.012446999999999875
V3,EA,2002-11,2.3,2.256078,-0.043921999999999795,-0.043921999999999795
V3,EA,2002-12,2.3,2.293339,-0.006660999999999806,-0.006660999999999806
V3,EA,2003-01,2.1,2.097713,-0.002286999999999928,-0.002286999999999928
V3,EA,2003-02,2.4,2.3455880000000002,-0.05441199999999968,-0.05441199999999968
V3,EA,2003-03,2.4,2.351162,-0.04883799999999994,-0.04883799999999994
V3,EA,2003-04,2.1,2.066811,-0.033189000000000135,-0.033189000000000135
V3,EA,2003-05,1.8,1.817814,0.017813999999999997,0.017813999999999997
V3,EA,2003-06,2,1.986623,-0.013376999999999972,-0.013376999999999972
V3,EA,2003-07,1.9,1.916487,0.01648700000000014,0.01648700000000014
V3,EA,2003-08,2,1.9965330000000001,-0.003466999999999887,-0.003466999999999887
V3,EA,2003-09,2.1,2.1190450000000003,0.0190450000000002,0.0190450000000002
V3,EA,2003-10,2,2.038898,0.0388980000000001,0.0388980000000001
V3,EA,2003-11,2.2,2.1641150000000002,-0.035884999999999945,-0.035884999999999945
V3,EA,2003-12,2,1.9846350000000001,-0.015364999999999851,-0.015364999999999851
V3,EA,2004-01,1.8,1.774193,-0.025807000000000135,-0.025824741752582536
V3,EA,2004-02,1.6,1.643507,0.04350699999999996,0.0434905650943489
V3,EA,2004-03,1.7,1.677401,-0.022599000000000036,-0.022615773842261655
V3,EA,2004-04,2.1,2.046955,-0.05304500000000001,-0.05306546934530676
V3,EA,2004-05,2.4,2.4502,0.050200000000000244,0.05017549824501755
V3,EA,2004-06,2.4,2.345084,-0.054915999999999965,-0.05493945060549388
V3,EA,2004-07,2.3,2.278917,-0.021082999999999963,-0.021105788942110237
V3,EA,2004-08,2.4,2.339757,-0.060242999999999824,-0.06026639733602668
V3,EA,2004-09,2.1,2.102268,0.0022679999999999367,0.0022469775302247363
V3,EA,2004-10,2.4,2.362536,-0.03746399999999994,-0.03748762512374881
V3,EA,2004-11,2.3,2.2190469999999998,-0.08095300000000005,-0.0809751902480973
V3,EA,2004-12,2.3,2.3099410000000002,0.009941000000000422,0.009917900820992198
V3,EA,2005-01,1.9,1.91199,0.011990000000000167,0.011990000000000167
V3,EA,2005-02,2.1,2.018366,-0.0816340000000002,-0.0816340000000002
V3,EA,2005-03,2.2,2.175073,-0.024927000000000366,-0.024927000000000366
V3,EA,2005-04,2.1,2.079499,-0.02050099999999988,-0.02050099999999988
V3,EA,2005-05,2,1.9692690000000002,-0.030730999999999842,-0.030730999999999842
V3,EA,2005-06,2,2.023122,0.023121999999999865,0.023121999999999865
V3,EA,2005-07,2.1,2.1147940000000003,0.014794000000000196,0.014794000000000196
V3,EA,2005-08,2.2,2.172638,-0.02736200000000011,-0.02736200000000011
V3,EA,2005-09,2.6,2.575289,-0.024710999999999927,-0.024710999999999927
V3,EA,2005-10,2.4,2.406504,0.006504000000000065,0.006504000000000065
V3,EA,2005-11,2.3,2.285071,-0.01492899999999997,-0.01492899999999997
V3,EA,2005-12,2.2,2.255307,0.055306999999999995,0.055306999999999995
V3,EA,2006-01,2.4,2.413596,0.013596000000000164,0.013596000000000164
V3,EA,2006-02,2.4,2.323209,-0.07679100000000005,-0.07679100000000005
V3,EA,2006-03,2.2,2.173079,-0.026921000000000195,-0.026921000000000195
V3,EA,2006-04,2.4,2.415063,0.015063000000000049,0.015063000000000049
V3,EA,2006-05,2.5,2.4887669999999997,-0.01123300000000027,-0.01123300000000027
V3,EA,2006-06,2.5,2.438041,-0.061958999999999875,-0.061958999999999875
V3,EA,2006-07,2.4,2.413614,0.013614000000000015,0.013614000000000015
V3,EA,2006-08,2.3,2.271924,-0.02807599999999999,-0.02807599999999999
V3,EA,2006-09,1.8,1.78242,-0.01758000000000015,-0.01758000000000015
V3,EA,2006-10,1.6,1.5967749999999998,-0.0032250000000002554,-0.0032250000000002554
V3,EA,2006-11,1.9,1.8486859999999998,-0.05131400000000008,-0.05131400000000008
V3,EA,2006-12,1.9,1.888766,-0.011233999999999966,-0.011233999999999966
V3,EA,2007-01,1.8,1.796917,-0.003082999999999947,-0.003082999999999947
V3,EA,2007-02,1.9,1.820802,-0.07919799999999988,-0.07919799999999988
V3,EA,2007-03,1.9,1.931827,0.03182700000000005,0.03182700000000005
V3,EA,2007-04,1.9,1.89571,-0.004289999999999905,-0.004289999999999905
V3,EA,2007-05,1.9,1.875795,-0.02420499999999981,-0.02420499999999981
V3,EA,2007-06,1.9,1.887793,-0.012206999999999857,-0.012206999999999857
V3,EA,2007-07,1.8,1.753151,-0.04684900000000014,-0.04684900000000014
V3,EA,2007-08,1.7,1.706648,0.006647999999999987,0.006647999999999987
V3,EA,2007-09,2.1,2.099704,-2.96000000000074e-4,-2.96000000000074e-4
V3,EA,2007-10,2.5,2.5548,0.05480000000000018,0.05480000000000018
V3,EA,2007-11,3,3.039495,0.03949500000000006,0.03949500000000006
V3,EA,2007-12,3.1,3.071018,-0.028982000000000063,-0.028982000000000063
V3,EA,2008-01,3.2,3.2084230000000002,0.00842300000000007,0.00842300000000007
V3,EA,2008-02,3.3,3.275926,-0.024073999999999707,-0.024073999999999707
V3,EA,2008-03,3.6,3.5974170000000005,-0.002582999999999558,-0.002582999999999558
V3,EA,2008-04,3.3,3.2972010000000003,-0.002798999999999552,-0.002798999999999552
V3,EA,2008-05,3.7,3.688855,-0.01114499999999996,-0.01114499999999996
V3,EA,2008-06,4,3.989042,-0.010958000000000023,-0.010958000000000023
V3,EA,2008-07,4.1,4.074031000000001,-0.02596899999999902,-0.02596899999999902
V3,EA,2008-08,3.8,3.864669,0.06466900000000031,0.06466900000000031
V3,EA,2008-09,3.7,3.673245,-0.026755000000000084,-0.026755000000000084
V3,EA,2008-10,3.2,3.1951080000000003,-0.004891999999999896,-0.004891999999999896
V3,EA,2008-11,2.1,2.14873,0.04872999999999994,0.04872999999999994
V3,EA,2008-12,1.6,1.5859600000000003,-0.01403999999999983,-0.01403999999999983
V3,EA,2009-01,1.1,1.091333,-0.00866699999999998,-0.008656086560865583
V3,EA,2009-02,1.2,1.1692150000000001,-0.03078499999999984,-0.030773307733077404
V3,EA,2009-03,0.6,0.5690460000000002,-0.030953999999999815,-0.030948309483094794
V3,EA,2009-04,0.6,0.6324790000000001,0.03247900000000015,0.03248532485324862
V3,EA,2009-05,0,0.03353600000000004,0.03353600000000004,0.03353633536335365
V3,EA,2009-06,-0.1,-0.11863600000000002,-0.018636000000000014,-0.018637186371863707
V3,EA,2009-07,-0.7,-0.6293139999999999,0.07068600000000003,0.07067970679706792
V3,EA,2009-08,-0.2,-0.15751099999999996,0.042489000000000055,0.04248742487424878
V3,EA,2009-09,-0.3,-0.3340289999999999,-0.03402899999999992,-0.03403234032340319
V3,EA,2009-10,-0.1,-0.12191699999999998,-0.021916999999999978,-0.02191821918219182
V3,EA,2009-11,0.5,0.45306,-0.04693999999999998,-0.04693546935469356
V3,EA,2009-12,0.9,0.942137,0.04213699999999998,0.042146421464214656
V3,EA,2010-01,1,0.9289970000000001,-0.07100299999999993,-0.0709937099370993
V3,EA,2010-02,0.8,0.838906,0.038905999999999996,0.03891438914389145
V3,EA,2010-03,1.6,1.590346,-0.009654000000000051,-0.009638096380963912
V3,EA,2010-04,1.6,1.6243049999999999,0.0243049999999998,0.02432124321243201
V3,EA,2010-05,1.7,1.7090260000000002,0.0090260000000002,0.009043090430904455
V3,EA,2010-06,1.5,1.484885,-0.01511499999999999,-0.015100151001509854
V3,EA,2010-07,1.7,1.722436,0.022436000000000123,0.02245322453224552
V3,EA,2010-08,1.6,1.56278,-0.03722000000000003,-0.03720437204372051
V3,EA,2010-09,1.9,1.863545,-0.036454999999999904,-0.03643636436364339
V3,EA,2010-10,1.9,1.9305240000000001,0.030524000000000218,0.030543305433054613
V3,EA,2010-11,1.9,1.916208,0.016208,0.016227162271622797
V3,EA,2010-12,2.2,2.2139860000000002,0.013986000000000054,0.014008140081400722
V3,EA,2011-01,2.3,2.278827,-0.021172999999999664,-0.021172999999999664
V3,EA,2011-02,2.4,2.399644,-3.5600000000002296e-4,-3.5600000000002296e-4
V3,EA,2011-03,2.7,2.647644,-0.05235600000000007,-0.05235600000000007
V3,EA,2011-04,2.8,2.800643,6.430000000001712e-4,6.430000000001712e-4
V3,EA,2011-05,2.7,2.6886360000000002,-0.01136399999999993,-0.01136399999999993
V3,EA,2011-06,2.7,2.6867900000000002,-0.013209999999999944,-0.013209999999999944
V3,EA,2011-07,2.5,2.521971,0.021971000000000185,0.021971000000000185
V3,EA,2011-08,2.5,2.511322,0.011321999999999832,0.011321999999999832
V3,EA,2011-09,3,2.9488060000000003,-0.05119399999999974,-0.05119399999999974
V3,EA,2011-10,3,3.006656,0.006655999999999995,0.006655999999999995
V3,EA,2011-11,3,2.997897,-0.002102999999999966,-0.002102999999999966
V3,EA,2011-12,2.8,2.723779,-0.07622099999999987,-0.07622099999999987
V3,EA,2012-01,2.7,2.6283429999999997,-0.07165700000000053,-0.07163071630716322
V3,EA,2012-02,2.7,2.747003,0.047002999999999684,0.04703047030470309
V3,EA,2012-03,2.7,2.6767309999999997,-0.023269000000000428,-0.02324223242232426
V3,EA,2012-04,2.6,2.5607189999999997,-0.03928100000000034,-0.03925539255392563
V3,EA,2012-05,2.4,2.432659,0.032659000000000216,0.03268332683326847
V3,EA,2012-06,2.4,2.357914,-0.042085999999999846,-0.042062420624206176
V3,EA,2012-07,2.4,2.439555,0.03955500000000001,0.03957939579395786
V3,EA,2012-08,2.6,2.634858,0.034857999999999834,0.03488434884348823
V3,EA,2012-09,2.6,2.59768,-0.0023200000000000998,-0.002294022940229734
V3,EA,2012-10,2.5,2.499454,-5.459999999999354e-4,-5.210052100523832e-4
V3,EA,2012-11,2.2,2.189314,-0.010686000000000195,-0.010664106641066429
V3,EA,2012-12,2.2,2.2302809999999997,0.03028099999999956,0.030303303033030193
V3,EA,2013-01,2,1.972077,-0.02792299999999992,-0.02792299999999992
V3,EA,2013-02,1.9,1.806343,-0.09365699999999988,-0.09365699999999988
V3,EA,2013-03,1.7,1.747696,0.04769599999999996,0.04769599999999996
V3,EA,2013-04,1.2,1.191752,-0.008248000000000033,-0.008248000000000033
V3,EA,2013-05,1.4,1.430782,0.030782000000000087,0.030782000000000087
V3,EA,2013-06,1.6,1.620596,0.020595999999999837,0.020595999999999837
V3,EA,2013-07,1.6,1.554768,-0.04523200000000016,-0.04523200000000016
V3,EA,2013-08,1.3,1.309731,0.009730999999999934,0.009730999999999934
V3,EA,2013-09,1.1,1.088635,-0.01136500000000007,-0.01136500000000007
V3,EA,2013-10,0.7,0.729737,0.029737000000000013,0.029737000000000013
V3,EA,2013-11,0.9,0.8645729999999999,-0.0354270000000001,-0.0354270000000001
V3,EA,2013-12,0.8,0.831586,0.031586,0.031586
V3,EA,2014-01,0.8,0.73505,-0.06495000000000006,-0.06495735042649575
V3,EA,2014-02,0.7,0.675514,-0.024486000000000008,-0.02449275507244919
V3,EA,2014-03,0.5,0.45594199999999996,-0.04405800000000004,-0.04406255937440623
V3,EA,2014-04,0.7,0.707361,0.007361000000000062,0.007353926460735516
V3,EA,2014-05,0.5,0.492573,-0.007427000000000017,-0.00743192568074319
V3,EA,2014-06,0.5,0.4928999999999999,-0.007100000000000106,-0.007104928950710521
V3,EA,2014-07,0.4,0.332418,-0.06758200000000003,-0.06758532414675855
V3,EA,2014-08,0.4,0.36166699999999996,-0.03833300000000006,-0.0383366166338337
V3,EA,2014-09,0.3,0.326976,0.026976,0.02697273027269731
V3,EA,2014-10,0.4,0.398099,-0.0019010000000000415,-0.0019049809501904824
V3,EA,2014-11,0.3,0.290956,-0.009043999999999996,-0.009046909530904645
V3,EA,2014-12,-0.2,-0.18732700000000002,0.01267299999999999,0.012674873251267482
V3,EA,2015-01,-0.6,-0.6381119999999999,-0.038111999999999924,-0.038111999999999924
V3,EA,2015-02,-0.3,-0.316016,-0.01601600000000003,-0.01601600000000003
V3,EA,2015-03,-0.1,-0.06649900000000002,0.03350099999999999,0.03350099999999999
V3,EA,2015-04,0.2,0.22817700000000002,0.028177000000000008,0.028177000000000008
V3,EA,2015-05,0.6,0.6042620000000001,0.004262000000000099,0.004262000000000099
V3,EA,2015-06,0.5,0.5139149999999999,0.0139149999999999,0.0139149999999999
V3,EA,2015-07,0.6,0.5252450000000001,-0.0747549999999999,-0.0747549999999999
V3,EA,2015-08,0.4,0.40187100000000003,0.0018710000000000115,0.0018710000000000115
V3,EA,2015-09,0.2,0.208537,0.008536999999999989,0.008536999999999989
V3,EA,2015-10,0.4,0.406298,0.00629799999999997,0.00629799999999997
V3,EA,2015-11,0.1,0.115567,0.015566999999999998,0.015566999999999998
V3,EA,2015-12,0.2,0.23170299999999996,0.03170299999999995,0.03170299999999995
V3,EA,2016-01,0.3,0.30565,0.005649999999999988,0.005649999999999988
V3,EA,2016-02,-0.1,-0.142177,-0.04217699999999999,-0.04217699999999999
V3,EA,2016-03,0,-0.03770800000000005,-0.03770800000000005,-0.03770800000000005
V3,EA,2016-04,-0.3,-0.256926,0.043074,0.043074
V3,EA,2016-05,-0.1,-0.13273599999999994,-0.03273599999999993,-0.03273599999999993
V3,EA,2016-06,0.1,0.03330900000000002,-0.06669099999999999,-0.06669099999999999
V3,EA,2016-07,0.2,0.15642199999999998,-0.04357800000000003,-0.04357800000000003
V3,EA,2016-08,0.2,0.18803999999999998,-0.011960000000000026,-0.011960000000000026
V3,EA,2016-09,0.4,0.369568,-0.030432000000000015,-0.030432000000000015
V3,EA,2016-10,0.5,0.500075,7.500000000004725e-5,7.500000000004725e-5
V3,EA,2016-11,0.6,0.592809,-0.0071909999999999474,-0.0071909999999999474
V3,EA,2016-12,1.1,1.096689,-0.003311000000000064,-0.003311000000000064
V3,EA,2017-01,1.7,1.742413,0.042413000000000034,0.042430424304243264
V3,EA,2017-02,2,1.934649,-0.06535099999999994,-0.06533165331653312
V3,EA,2017-03,1.5,1.5384950000000002,0.03849500000000017,0.038510385103851075
V3,EA,2017-04,1.9,1.8997380000000001,-2.619999999997624e-4,-2.430024300241751e-4
V3,EA,2017-05,1.4,1.39647,-0.003529999999999811,-0.003516035160351594
V3,EA,2017-06,1.3,1.288481,-0.011519000000000057,-0.011506115061150624
V3,EA,2017-07,1.3,1.342601,0.04260099999999989,0.042614426144261364
V3,EA,2017-08,1.5,1.528496,0.028496000000000077,0.02851128511285106
V3,EA,2017-09,1.6,1.5525220000000002,-0.04747799999999991,-0.04746247462474629
V3,EA,2017-10,1.4,1.368225,-0.03177499999999989,-0.03176131761317613
V3,EA,2017-11,1.5,1.514573,0.014572999999999947,0.014588145881458736
V3,EA,2017-12,1.3,1.319462,0.01946199999999987,0.019475194751947367
V3,EA,2018-01,1.3,1.2663659999999999,-0.033634000000000164,-0.03362133621336216
V3,EA,2018-02,1.1,1.10579,0.005789999999999962,0.005801058010580062
V3,EA,2018-03,1.4,1.396874,-0.003125999999999962,-0.0031120311203112205
V3,EA,2018-04,1.2,1.226149,0.026148999999999978,0.026161261612616116
V3,EA,2018-05,2,1.927044,-0.07295600000000002,-0.07293672936729378
V3,EA,2018-06,2,1.93486,-0.06513999999999998,-0.06512065120651211
V3,EA,2018-07,2.2,2.152303,-0.04769700000000032,-0.047675476754767576
V3,EA,2018-08,2.1,2.015513,-0.0844870000000002,-0.08446684466844667
V3,EA,2018-09,2.1,2.061743,-0.03825700000000021,-0.03823638236382365
V3,EA,2018-10,2.3,2.269188,-0.030811999999999617,-0.030789307893078988
V3,EA,2018-11,1.9,1.902545,0.0025450000000000195,0.0025640256402563733
V3,EA,2018-12,1.5,1.4923549999999999,-0.007645000000000124,-0.007630076300763067
V3,EA,2019-01,1.4,1.394184,-0.005815999999999821,-0.005802058020579981
V3,EA,2019-02,1.5,1.4851800000000002,-0.014819999999999833,-0.014805148051480588
V3,EA,2019-03,1.4,1.396635,-0.0033649999999998403,-0.003351033510334833
V3,EA,2019-04,1.7,1.7227970000000001,0.022797000000000178,0.022814228142281623
V3,EA,2019-05,1.2,1.222988,0.02298800000000001,0.023000230002300004
V3,EA,2019-06,1.3,1.283846,-0.016154,-0.016141161411614036
V3,EA,2019-07,1,1.067464,0.06746399999999997,0.0674746747467474
V3,EA,2019-08,1,1.060173,0.06017300000000003,0.06018360183601845
V3,EA,2019-09,0.8,0.831704,0.031703999999999954,0.03171231712317124
V3,EA,2019-10,0.7,0.727672,0.02767200000000003,0.027679276792767937
V3,EA,2019-11,1,0.951562,-0.04843799999999998,-0.04842848428484281
V3,EA,2019-12,1.3,1.344917,0.044916999999999874,0.04493044930449308
V3,EA,2020-01,1.4,1.348301,-0.05169899999999994,-0.05169899999999994
V3,EA,2020-02,1.2,1.199371,-6.289999999999907e-4,-6.289999999999907e-4
V3,EA,2020-03,0.7,0.741955,0.041955000000000076,0.041955000000000076
V3,EA,2020-04,0.3,0.3229190000000002,0.02291900000000019,0.02291900000000019
V3,EA,2020-05,0.1,0.09640100000000006,-0.0035989999999999495,-0.0035989999999999495
V3,EA,2020-06,0.3,0.265334,-0.034665999999999975,-0.034665999999999975
V3,EA,2020-07,0.4,0.41671600000000014,0.01671600000000012,0.01671600000000012
V3,EA,2020-08,-0.2,-0.21866699999999994,-0.018666999999999934,-0.018666999999999934
V3,EA,2020-09,-0.3,-0.3300459999999999,-0.030045999999999906,-0.030045999999999906
V3,EA,2020-10,-0.3,-0.2703889999999999,0.02961100000000011,0.02961100000000011
V3,EA,2020-11,-0.3,-0.2753209999999998,0.024679000000000173,0.024679000000000173
V3,EA,2020-12,-0.3,-0.27853299999999986,0.021467000000000125,0.021467000000000125
V3,EA,2021-01,0.9,0.83658,-0.06342000000000003,-0.06341163411634132
V3,EA,2021-02,0.9,0.860418,-0.039582000000000006,-0.03957339573395735
V3,EA,2021-03,1.3,1.316215,0.01621499999999987,0.016228162281622716
V3,EA,2021-04,1.6,1.661975,0.06197499999999989,0.06199161991619895
V3,EA,2021-05,2,2.057768,0.05776799999999982,0.057788577885778736
V3,EA,2021-06,1.9,1.996972,0.09697200000000006,0.0969919699196995
V3,EA,2021-07,2.2,2.2519810000000002,0.051981000000000055,0.05200352003520026
V3,EA,2021-08,3,3.080685,0.0806849999999999,0.08071580715807158
V3,EA,2021-09,3.4,3.502919,0.10291899999999998,0.10295402954029553
V3,EA,2021-10,4.1,4.170329,0.07032900000000009,0.07037070370703713
V3,EA,2021-11,4.9,4.943793,0.04379299999999997,0.04384243842438362
V3,EA,2021-12,5,5.01746,0.01745999999999981,0.01751017510175057
V3,EA,2022-01,5.1,5.099062,-9.379999999996613e-4,-9.379999999996613e-4
V3,EA,2022-02,5.9,5.879492,-0.020508000000000415,-0.020508000000000415
V3,EA,2022-03,7.4,7.4497290000000005,0.049729000000000134,0.049729000000000134
V3,EA,2022-04,7.5,7.451276,-0.04872399999999999,-0.04872399999999999
V3,EA,2022-05,8.1,8.040087,-0.05991299999999988,-0.05991299999999988
V3,EA,2022-06,8.6,8.630978,0.03097800000000106,0.03097800000000106
V3,EA,2022-07,8.9,8.811558,-0.08844200000000058,-0.08844200000000058
V3,EA,2022-08,9.1,9.104028,0.0040279999999999205,0.0040279999999999205
V3,EA,2022-09,9.9,9.945319,0.04531899999999922,0.04531899999999922
V3,EA,2022-10,10.6,10.628463,0.02846300000000035,0.02846300000000035
V3,EA,2022-11,10.1,10.072814,-0.027186000000000377,-0.027186000000000377
V3,EA,2022-12,9.2,9.235887,0.03588700000000067,0.03588700000000067
V3,EA,2023-01,8.6,8.627902,0.02790200000000098,0.02781572184278147
V3,EA,2023-02,8.5,8.433629999999999,-0.06637000000000093,-0.06645433545664581
V3,EA,2023-03,6.9,6.830134,-0.0698660000000002,-0.06993430065699346
V3,EA,2023-04,6.9,6.721293999999999,-0.17870600000000092,-0.17877321226787757
V3,EA,2023-05,6.1,5.884005,-0.2159949999999995,-0.21605383946160472
V3,EA,2023-06,5.5,5.25844,-0.24155999999999977,-0.2416125838741614
V3,EA,2023-07,5.3,4.964819,-0.3351809999999995,-0.33523064769352295
V3,EA,2023-08,5.2,4.896966,-0.30303400000000025,-0.3030829691703083
V3,EA,2023-09,4.3,4.071338,-0.22866199999999992,-0.22870271297287026
V3,EA,2023-10,2.9,2.7394279999999998,-0.16057200000000016,-0.16059939400605971
V3,EA,2023-11,2.4,2.284187,-0.11581299999999972,-0.11583584164158323
V3,EA,2023-12,2.9,2.720478,-0.17952199999999996,-0.17954920450795475
V3,EA,2024-01,2.8,2.747369,-0.05263099999999987,-0.052603526035260195
V3,EA,2024-02,2.6,2.543734,-0.05626599999999993,-0.05624056240562414
V3,EA,2024-03,2.4,2.405916,0.005916000000000032,0.0059400594005940555
V3,EA,2024-04,2.4,2.3506630000000004,-0.04933699999999952,-0.049313493134931274
V3,EA,2024-05,2.6,2.518972,-0.08102799999999988,-0.08100281002810039
V3,EA,2024-06,2.5,2.465592,-0.034407999999999994,-0.03438334383343822
V3,EA,2024-07,2.6,2.497485,-0.10251499999999991,-0.10249002490024894
V3,EA,2024-08,2.2,2.096792,-0.10320799999999997,-0.10318703187031897
V3,EA,2024-09,1.7,1.706884,0.006884000000000112,0.006901069010690097
V3,EA,2024-10,2,1.9641000000000002,-0.03589999999999982,-0.035880358803588086
V3,EA,2024-11,2.2,2.2401530000000003,0.040153000000000105,0.04017540175401724
V3,EA,2024-12,2.4,2.420164,0.020164000000000293,0.020188201882018753
V3,EA,2025-01,2.5,2.46622,-0.03378000000000014,-0.03378000000000014
V3,EA,2025-02,2.3,2.293086,-0.006913999999999643,-0.006913999999999643
V3,EA,2025-03,2.2,2.153034,-0.046966000000000285,-0.046966000000000285
V3,EA,2025-04,2.2,2.13196,-0.06804000000000032,-0.06804000000000032
V3,EA,2025-05,1.9,1.875439,-0.024560999999999833,-0.024560999999999833
V3,EA,2025-06,2,1.947079,-0.052920999999999996,-0.052920999999999996
V3,EA,2025-07,2,1.986787,-0.01321299999999992,-0.01321299999999992
V3,EA,2025-08,2,2.012546,0.012545999999999946,0.012545999999999946
V3,EA,2025-09,2.2,2.207259,0.007258999999999904,0.007258999999999904
V3,EA,2025-10,2.1,2.076799,-0.02320100000000025,-0.02320100000000025
V3,EA,2025-11,2.1,2.109674,0.00967399999999996,0.00967399999999996
V3,EA,2025-12,2,1.929244,-0.07075600000000004,-0.07075600000000004
V3,EA,2026-01,1.7,1.711518,0.01151800000000014,0.01151800000000014
V3,EA,2026-02,1.9,1.92547,0.025470000000000104,0.025470000000000104
V3,EA,2026-03,2.6,2.591409,-0.008591000000000015,-0.008591000000000015
V3,EA,2026-04,3,3.063676,0.06367600000000007,0.06367600000000007
V3,EA,2026-05,3.2,3.197228,-0.0027720000000002187,-0.0027720000000002187
V3,EA,2026-06,2.8,2.778703,-0.021296999999999677,-0.021296999999999677
V3,EA,2026-07,2.9,2.95118,0.05118,0.05118
V3,EA,2026-08,3.2,3.2229200000000002,0.02292000000000005,0.02292000000000005
V3,ME,2016-01,1.1,1.17281,0.07280999999999982,0.07280999999999982
V3,ME,2016-02,0.5,0.52052,0.020519999999999983,0.020519999999999983
V3,ME,2016-03,-0.6,-0.6281099999999998,-0.028109999999999857,-0.028109999999999857
V3,ME,2016-04,-0.4,-0.3659100000000001,0.0340899999999999,0.0340899999999999
V3,ME,2016-05,-0.6,-0.48985999999999996,0.11014000000000002,0.11014000000000002
V3,ME,2016-06,-1,-0.9934299999999999,0.006570000000000076,0.006570000000000076
V3,ME,2016-07,-0.7,-0.6736099999999999,0.026390000000000025,0.026390000000000025
V3,ME,2016-08,-0.5,-0.54778,-0.047780000000000045,-0.047780000000000045
V3,ME,2016-09,-0.2,-0.23915,-0.03914999999999999,-0.03914999999999999
V3,ME,2016-10,0.2,0.18207000000000004,-0.017929999999999974,-0.017929999999999974
V3,ME,2016-11,0.5,0.49026,-0.009740000000000026,-0.009740000000000026
V3,ME,2016-12,0.9,0.93955,0.039549999999999974,0.039549999999999974
V3,ME,2017-01,2.1,2.12215,0.022149999999999892,0.022149999999999892
V3,ME,2017-02,2.6,2.6021799999999997,0.0021799999999996267,0.0021799999999996267
V3,ME,2017-03,2.9,2.8769799999999996,-0.023020000000000262,-0.023020000000000262
V3,ME,2017-04,2.5,2.4869499999999998,-0.013050000000000228,-0.013050000000000228
V3,ME,2017-05,2.6,2.4821999999999997,-0.11780000000000035,-0.11780000000000035
V3,ME,2017-06,2.3,2.15454,-0.14545999999999992,-0.14545999999999992
V3,ME,2017-07,3,2.71637,-0.28363000000000005,-0.28363000000000005
V3,ME,2017-08,3.2,2.97105,-0.2289500000000002,-0.2289500000000002
V3,ME,2017-09,3.1,2.94889,-0.15111000000000008,-0.15111000000000008
V3,ME,2017-10,2.8,2.68684,-0.1131599999999997,-0.1131599999999997
V3,ME,2017-11,3,2.8608,-0.1392000000000002,-0.1392000000000002
V3,ME,2017-12,2.8,2.67881,-0.12118999999999991,-0.12118999999999991
V3,ME,2018-01,3.3,3.3092900000000003,0.009290000000000465,0.009290000000000465
V3,ME,2018-02,3.4,3.45885,0.05885000000000007,0.05885000000000007
V3,ME,2018-03,3.6,3.63708,0.03708,0.03708
V3,ME,2018-04,3.5,3.5260100000000003,0.02601000000000031,0.02601000000000031
V3,ME,2018-05,3.3,3.3250900000000003,0.0250900000000005,0.0250900000000005
V3,ME,2018-06,3.3,3.34768,0.04768000000000017,0.04768000000000017
V3,ME,2018-07,2.7,2.86857,0.1685699999999999,0.1685699999999999
V3,ME,2018-08,2.2,2.32355,0.12354999999999983,0.12354999999999983
V3,ME,2018-09,1.5,1.54532,0.04532000000000003,0.04532000000000003
V3,ME,2018-10,1.6,1.5369300000000001,-0.06306999999999996,-0.06306999999999996
V3,ME,2018-11,1.7,1.6429900000000002,-0.05700999999999978,-0.05700999999999978
V3,ME,2018-12,1.5,1.4269500000000002,-0.07304999999999984,-0.07304999999999984
V3,ME,2019-01,0.3,0.3847000000000001,0.08470000000000011,0.08470000000000011
V3,ME,2019-02,0.4,0.46651000000000004,0.06651000000000001,0.06651000000000001
V3,ME,2019-03,0.9,0.8934800000000002,-0.006519999999999859,-0.006519999999999859
V3,ME,2019-04,1,1.02794,0.027940000000000076,0.027940000000000076
V3,ME,2019-05,0.7,0.7604900000000001,0.060490000000000155,0.060490000000000155
V3,ME,2019-06,0.1,0.07678000000000004,-0.023219999999999963,-0.023219999999999963
V3,ME,2019-07,-0.3,-0.3229099999999999,-0.02290999999999993,-0.02290999999999993
V3,ME,2019-08,-0.1,-0.07360999999999991,0.026390000000000094,0.026390000000000094
V3,ME,2019-09,0.3,0.27808,-0.021919999999999995,-0.021919999999999995
V3,ME,2019-10,1.1,1.0624700000000002,-0.03752999999999984,-0.03752999999999984
V3,ME,2019-11,0.8,0.7913,-0.008700000000000041,-0.008700000000000041
V3,ME,2019-12,1.1,1.13093,0.030929999999999902,0.030929999999999902
V3,ME,2020-01,1.4,1.366964,-0.03303599999999984,-0.03303599999999984
V3,ME,2020-02,0.8,0.8591380000000001,0.059138000000000024,0.059138000000000024
V3,ME,2020-03,-0.1,-0.022561000000000022,0.07743899999999998,0.07743899999999998
V3,ME,2020-04,-0.9,-0.754663,0.14533700000000005,0.14533700000000005
V3,ME,2020-05,-1,-0.889191,0.11080900000000005,0.11080900000000005
V3,ME,2020-06,-0.7,-0.620861,0.07913899999999996,0.07913899999999996
V3,ME,2020-07,-1.2,-1.0814599999999999,0.11854000000000009,0.11854000000000009
V3,ME,2020-08,-1.3,-1.116708,0.183292,0.183292
V3,ME,2020-09,-0.5,-0.37448299999999984,0.12551700000000016,0.12551700000000016
V3,ME,2020-10,-0.8,-0.7576009999999999,0.04239900000000019,0.04239900000000019
V3,ME,2020-11,-1,-0.95246,0.04754000000000003,0.04754000000000003
V3,ME,2020-12,-0.9,-0.854147,0.04585300000000003,0.04585300000000003
V3,ME,2021-01,-0.7,-0.691136,0.008863999999999983,0.008863999999999983
V3,ME,2021-02,-0.1,-0.14560299999999993,-0.04560299999999992,-0.04560299999999992
V3,ME,2021-03,0.6,0.577538,-0.022461999999999982,-0.022461999999999982
V3,ME,2021-04,1.8,1.855552,0.055552000000000046,0.055552000000000046
V3,ME,2021-05,2.3,2.311439,0.011439000000000199,0.011439000000000199
V3,ME,2021-06,2.8,2.752369,-0.04763099999999998,-0.04763099999999998
V3,ME,2021-07,3.6,3.492554,-0.10744599999999993,-0.10744599999999993
V3,ME,2021-08,3.8,3.658119,-0.1418809999999997,-0.1418809999999997
V3,ME,2021-09,3.5,3.4022930000000002,-0.09770699999999977,-0.09770699999999977
V3,ME,2021-10,3.8,3.8048889999999997,0.004888999999999921,0.004888999999999921
V3,ME,2021-11,4.4,4.381475,-0.018525000000000347,-0.018525000000000347
V3,ME,2021-12,4.5,4.4501669999999995,-0.04983300000000046,-0.04983300000000046
V3,ME,2022-01,5.5,5.435351000000001,-0.06464899999999929,-0.06459464594645947
V3,ME,2022-02,6.4,6.223070000000001,-0.1769299999999996,-0.1768677686776874
V3,ME,2022-03,8.7,8.427494000000001,-0.27250599999999814,-0.2724217242172422
V3,ME,2022-04,10.2,9.809501000000001,-0.3904989999999984,-0.3904009040090397
V3,ME,2022-05,10.6,10.343991,-0.2560089999999988,-0.25590555905558965
V3,ME,2022-06,11.9,11.908131000000001,0.008131000000000554,0.008250082500824263
V3,ME,2022-07,13.7,14.144467000000002,0.44446700000000305,0.4446084460844606
V3,ME,2022-08,13.9,14.496452000000001,0.5964520000000011,0.5965969659696597
V3,ME,2022-09,14.7,14.923033000000002,0.2230330000000027,0.2231822318223191
V3,ME,2022-10,15.4,15.541341000000001,0.1413410000000006,0.14149641496414844
V3,ME,2022-11,15.8,15.70634,-0.09365999999999985,-0.09350293502935081
V3,ME,2022-12,15.7,15.684105000000002,-0.015894999999996884,-0.01573815738157336
V3,ME,2023-01,14.8,14.746583,-0.05341700000000138,-0.053122062441250506
V3,ME,2023-02,13.9,13.841066,-0.05893400000000071,-0.05865717314346419
V3,ME,2023-03,10.3,10.241401999999999,-0.058598000000001704,-0.05839316786335935
V3,ME,2023-04,8.6,8.651956,0.05195600000000056,0.0521290425808516
V3,ME,2023-05,8.4,8.452789,0.052788999999998865,0.0529580591611829
V3,ME,2023-06,8.2,8.154969,-0.04503099999999982,-0.04486789735794616
V3,ME,2023-07,7.8,7.587223999999999,-0.21277600000000074,-0.21262425248505057
V3,ME,2023-08,9.1,8.895796,-0.20420399999999894,-0.20402608052160964
V3,ME,2023-09,8.2,8.047762,-0.15223799999999876,-0.15207704154082968
V3,ME,2023-10,6.6,6.400673,-0.19932699999999937,-0.19919898397967906
V3,ME,2023-11,5.5,5.391822,-0.10817799999999966,-0.10807016140322823
V3,ME,2023-12,4.9,4.777616,-0.12238400000000027,-0.12228844576891618
V3,ME,2024-01,5,5.0732680000000006,0.07326800000000055,0.07326800000000055
V3,ME,2024-02,4.9,4.965644,0.06564399999999981,0.06564399999999981
V3,ME,2024-03,6,5.996516,-0.0034840000000002647,-0.0034840000000002647
V3,ME,2024-04,5.8,5.799741,-2.589999999997872e-4,-2.589999999997872e-4
V3,ME,2024-05,5.1,5.109637,0.009637000000000562,0.009637000000000562
V3,ME,2024-06,3.9,3.953556,0.05355599999999994,0.05355599999999994
V3,ME,2024-07,3,3.104241,0.10424100000000003,0.10424100000000003
V3,ME,2024-08,2,1.972124,-0.027876000000000012,-0.027876000000000012
V3,ME,2024-09,1.4,1.3325760000000002,-0.0674239999999997,-0.0674239999999997
V3,ME,2024-10,1.7,1.7205320000000002,0.020532000000000217,0.020532000000000217
V3,ME,2024-11,2.3,2.257702,-0.042297999999999725,-0.042297999999999725
V3,ME,2024-12,2.6,2.5596330000000003,-0.04036699999999982,-0.04036699999999982
V3,ME,2025-01,3.3,3.3131549999999996,0.013154999999999806,0.013154999999999806
V3,ME,2025-02,3.2,3.218006,0.018005999999999744,0.018005999999999744
V3,ME,2025-03,3.2,3.167668,-0.03233200000000025,-0.03233200000000025
V3,ME,2025-04,3.8,3.834287,0.034286999999999956,0.034286999999999956
V3,ME,2025-05,4.5,4.542069,0.04206899999999969,0.04206899999999969
V3,ME,2025-06,4.6,4.67364,0.07364000000000015,0.07364000000000015
V3,ME,2025-07,4.7,4.6846440000000005,-0.015355999999999703,-0.015355999999999703
V3,ME,2025-08,4.7,4.726976,0.026975999999999445,0.026975999999999445
V3,ME,2025-09,4.7,4.770287,0.07028699999999954,0.07028699999999954
V3,ME,2025-10,4.6,4.638287,0.038287000000000404,0.038287000000000404
V3,ME,2025-11,3.9,3.8610759999999997,-0.03892400000000018,-0.03892400000000018
V3,ME,2025-12,3.7,3.71356,0.013560000000000016,0.013560000000000016
V3,ME,2026-01,2.7,2.651008,-0.04899200000000015,-0.04901850981490208
V3,ME,2026-02,2.6,2.552155,-0.04784500000000014,-0.04787052129478697
V3,ME,2026-03,2.9,2.84429,-0.055709999999999926,-0.05573844261557381
V3,ME,2026-04,3.6,3.5712529999999996,-0.028747000000000522,-0.028782712172878533
V3,ME,2026-05,3.4,3.4051039999999997,0.005103999999999775,0.005069949300507304
V3,ME,2026-06,3.6,3.531935,-0.06806500000000026,-0.06810031899681013
V3,ME,2026-07,3.9,3.8915669999999998,-0.008433000000000135,-0.008471915280847231
V3,ME,2026-08,4.6,4.578283,-0.021716999999999764,-0.02176278237217577
V3,MK,2006-01,3.2,3.158838,-0.041162000000000365,-0.041225175496490074
V3,MK,2006-02,3,2.932477,-0.067523,-0.06758164836703262
V3,MK,2006-03,3.2,3.15797,-0.04203000000000001,-0.04209315813683734
V3,MK,2006-04,3.6,3.482275,-0.11772500000000008,-0.11779464410711782
V3,MK,2006-05,4.6,4.545071,-0.05492899999999956,-0.055019899602007705
V3,MK,2006-06,3.7,3.585318,-0.11468200000000017,-0.11475370492590153
V3,MK,2006-07,4.2,4.15028,-0.049719999999999764,-0.0498030039399211
V3,MK,2006-08,4.5,4.372441,-0.12755899999999976,-0.12764644707105877
V3,MK,2006-09,3.5,3.467281,-0.032719000000000165,-0.03278834423311494
V3,MK,2006-10,3,2.936118,-0.063882,-0.06394072118557625
V3,MK,2006-11,4.1,4.073037,-0.026962999999999404,-0.027044459110816987
V3,MK,2006-12,3.4,3.299879,-0.10012100000000013,-0.10018699626007477
V3,MK,2007-01,1.2,1.20984,0.009840000000000071,0.009840000000000071
V3,MK,2007-02,0.8,0.794066,-0.005933999999999995,-0.005933999999999995
V3,MK,2007-03,1.1,1.156803,0.05680299999999994,0.05680299999999994
V3,MK,2007-04,1.3,1.286122,-0.013878000000000057,-0.013878000000000057
V3,MK,2007-05,0.7,0.791185,0.09118500000000007,0.09118500000000007
V3,MK,2007-06,1.4,1.434322,0.034322000000000186,0.034322000000000186
V3,MK,2007-07,1.6,1.569885,-0.030115000000000114,-0.030115000000000114
V3,MK,2007-08,2.3,2.344568,0.044568000000000385,0.044568000000000385
V3,MK,2007-09,3.2,3.3152320000000004,0.11523200000000022,0.11523200000000022
V3,MK,2007-10,3.4,3.5358880000000004,0.13588800000000045,0.13588800000000045
V3,MK,2007-11,3.8,3.9658270000000004,0.1658270000000006,0.1658270000000006
V3,MK,2007-12,5.3,5.440422,0.14042200000000005,0.14042200000000005
V3,MK,2008-01,7.4,7.504807,0.1048069999999992,0.1048069999999992
V3,MK,2008-02,8.4,8.498424,0.09842399999999962,0.09842399999999962
V3,MK,2008-03,8.9,8.985583,0.08558299999999974,0.08558299999999974
V3,MK,2008-04,9,9.117609999999999,0.1176099999999991,0.1176099999999991
V3,MK,2008-05,8.5,8.524049,0.024048999999999765,0.024048999999999765
V3,MK,2008-06,9,9.094677,0.09467700000000079,0.09467700000000079
V3,MK,2008-07,8.3,8.350933999999999,0.050933999999998036,0.050933999999998036
V3,MK,2008-08,7.6,7.540032999999999,-0.059967000000000326,-0.059967000000000326
V3,MK,2008-09,6.7,6.62622,-0.07378000000000018,-0.07378000000000018
V3,MK,2008-10,7,6.924906999999999,-0.07509300000000074,-0.07509300000000074
V3,MK,2008-11,5.7,5.595514999999999,-0.10448500000000127,-0.10448500000000127
V3,MK,2008-12,4.9,4.862316,-0.037684000000000495,-0.037684000000000495
V3,MK,2009-01,2.6,2.613062,0.013062000000000129,0.013035869641303766
V3,MK,2009-02,1.5,1.5542770000000001,0.05427700000000013,0.05426145738542609
V3,MK,2009-03,1.1,1.1598590000000002,0.05985900000000011,0.05984740152598467
V3,MK,2009-04,0.4,0.46688500000000005,0.06688500000000003,0.06688033119668796
V3,MK,2009-05,1.2,1.2977780000000003,0.09777800000000036,0.09776502234977658
V3,MK,2009-06,-1,-0.8398439999999997,0.1601560000000003,0.1601643983560166
V3,MK,2009-07,-0.6,-0.5543309999999999,0.04566900000000007,0.04567454325456721
V3,MK,2009-08,-0.8,-0.791722,0.008278000000000008,0.008285917140828492
V3,MK,2009-09,-0.7,-0.7110259999999997,-0.011025999999999758,-0.011018889811101773
V3,MK,2009-10,-1.7,-1.6744049999999997,0.025595000000000256,0.025611743882561155
V3,MK,2009-11,-1.5,-1.481446,0.01855399999999996,0.01856881431185675
V3,MK,2009-12,-1.1,-0.9991049999999998,0.10089500000000029,0.10090499095009065
V3,MK,2010-01,-0.5,-0.47123800000000005,0.028761999999999954,0.0287572875728756
V3,MK,2010-02,0.1,0.12087900000000003,0.020879000000000023,0.020880208802087935
V3,MK,2010-03,0.3,0.351575,0.05157500000000004,0.05157851578515804
V3,MK,2010-04,1.2,1.1988150000000002,-0.0011849999999997696,-0.0011730117301171905
V3,MK,2010-05,-0.7,-0.6294080000000002,0.07059199999999977,0.07058570585705837
V3,MK,2010-06,1.2,1.169375,-0.030624999999999902,-0.030613306133061124
V3,MK,2010-07,1,0.9568150000000001,-0.04318499999999992,-0.04317543175431737
V3,MK,2010-08,1.5,1.4578250000000001,-0.04217499999999985,-0.04216042160421596
V3,MK,2010-09,1.6,1.601731,0.001730999999999927,0.0017470174701748054
V3,MK,2010-10,2.4,2.390623,-0.009376999999999747,-0.009353093530934942
V3,MK,2010-11,2.5,2.46007,-0.03993000000000002,-0.039905399053990376
V3,MK,2010-12,2.3,2.302005,0.0020050000000000345,0.002028020280202991
V3,MK,2011-01,2.6,2.696978,0.09697800000000001,0.09700497004970021
V3,MK,2011-02,3,3.137688,0.1376879999999998,0.13771937719377148
V3,MK,2011-03,3.9,4.121233,0.22123300000000024,0.22127421274212766
V3,MK,2011-04,3.6,3.864721,0.26472099999999976,0.26475964759647574
V3,MK,2011-05,4.2,4.436420999999999,0.2364209999999991,0.23646536465364587
V3,MK,2011-06,3.4,3.571179,0.17117899999999997,0.1712147121471217
V3,MK,2011-07,3.4,3.479844,0.07984400000000003,0.07987879878798809
V3,MK,2011-08,3.2,3.307955,0.10795500000000002,0.10798807988079862
V3,MK,2011-09,3,3.06468,0.06468000000000007,0.0647106471064709
V3,MK,2011-10,2.8,2.9292570000000002,0.1292570000000004,0.1292862928629286
V3,MK,2011-11,3,3.14744,0.14744000000000002,0.14747147471474698
V3,MK,2011-12,2.1,2.241116,0.1411159999999998,0.14113841138411365
V3,MK,2012-01,2,2.0925130000000003,0.09251300000000029,0.09251300000000029
V3,MK,2012-02,1.5,1.563303,0.06330300000000011,0.06330300000000011
V3,MK,2012-03,0.3,0.4045230000000002,0.1045230000000002,0.1045230000000002
V3,MK,2012-04,1,1.036465,0.03646499999999997,0.03646499999999997
V3,MK,2012-05,0.9,0.9111999999999999,0.011199999999999877,0.011199999999999877
V3,MK,2012-06,1,1.011983,0.011983000000000077,0.011983000000000077
V3,MK,2012-07,0.8,0.832799,0.03279899999999991,0.03279899999999991
V3,MK,2012-08,2.1,2.09104,-0.008960000000000079,-0.008960000000000079
V3,MK,2012-09,3.3,3.315561,0.01556100000000038,0.01556100000000038
V3,MK,2012-10,3.3,3.321227,0.021227000000000107,0.021227000000000107
V3,MK,2012-11,2.8,2.772499,-0.027500999999999998,-0.027500999999999998
V3,MK,2012-12,2.9,2.863652,-0.036347999999999825,-0.036347999999999825
V3,MK,2013-01,2.7,2.70761,0.007609999999999673,0.007637076370763385
V3,MK,2013-02,2.5,2.512547,0.012547000000000086,0.012572125721256988
V3,MK,2013-03,2.4,2.3311139999999995,-0.06888600000000045,-0.06886268862688638
V3,MK,2013-04,3.8,3.6624699999999994,-0.13753000000000037,-0.13749337493374902
V3,MK,2013-05,3.6,3.51422,-0.08578000000000019,-0.08574485744857441
V3,MK,2013-06,4.2,4.087584,-0.11241600000000052,-0.11237512375123782
V3,MK,2013-07,3.7,3.679262,-0.020738000000000145,-0.02070120701207001
V3,MK,2013-08,3,3.0697409999999996,0.06974099999999961,0.06977169771697733
V3,MK,2013-09,1.9,1.810088,-0.08991199999999999,-0.08989389893898925
V3,MK,2013-10,1.6,1.5626359999999997,-0.0373640000000004,-0.03734837348373521
V3,MK,2013-11,1.4,1.403293,0.0032929999999999904,0.003307033070330645
V3,MK,2013-12,1.9,1.8412709999999997,-0.05872900000000025,-0.05871058710587107
V3,MK,2014-01,1.5,1.518551,0.018550999999999984,0.018550999999999984
V3,MK,2014-02,1.3,1.3479459999999999,0.04794599999999982,0.04794599999999982
V3,MK,2014-03,0.9,0.9035750000000001,0.003575000000000106,0.003575000000000106
V3,MK,2014-04,-1.4,-1.339292,0.060707999999999984,0.060707999999999984
V3,MK,2014-05,-0.6,-0.523328,0.07667199999999996,0.07667199999999996
V3,MK,2014-06,-1.2,-1.1610289999999999,0.03897100000000009,0.03897100000000009
V3,MK,2014-07,0.2,0.17679100000000003,-0.02320899999999998,-0.02320899999999998
V3,MK,2014-08,-0.5,-0.4921839999999999,0.0078160000000001,0.0078160000000001
V3,MK,2014-09,-0.4,-0.373705,0.026295000000000013,0.026295000000000013
V3,MK,2014-10,-0.1,-0.043792999999999985,0.05620700000000002,0.05620700000000002
V3,MK,2014-11,0.1,0.12356,0.023559999999999998,0.023559999999999998
V3,MK,2014-12,-0.2,-0.240202,-0.04020199999999999,-0.04020199999999999
V3,MK,2015-01,-0.7,-0.728658,-0.028658000000000072,-0.0286361409157726
V3,MK,2015-02,-0.6,-0.6621370000000001,-0.06213700000000011,-0.062117136485905444
V3,MK,2015-03,0.1,0.011970999999999852,-0.08802900000000015,-0.08802935911922655
V3,MK,2015-04,0.4,0.27778499999999984,-0.12221500000000018,-0.12222333330000101
V3,MK,2015-05,0.4,0.31027899999999986,-0.08972100000000016,-0.08973030809075738
V3,MK,2015-06,1,0.87497199999999975,-0.12502800000000025,-0.12505424837254897
V3,MK,2015-07,0.3,0.20488899999999982,-0.09511100000000017,-0.09511714648560551
V3,MK,2015-08,0.7,0.6460529999999999,-0.05394700000000008,-0.05396638100856965
V3,MK,2015-09,0.5,0.3928949999999999,-0.10710500000000012,-0.10711678649640505
V3,MK,2015-10,-0.1,-0.1607300000000001,-0.06073000000000009,-0.06072517824465268
V3,MK,2015-11,-0.2,-0.28630399999999995,-0.08630399999999994,-0.08629541113766581
V3,MK,2015-12,-0.3,-0.42164199999999996,-0.12164199999999997,-0.12162935111946643
V3,MK,2016-01,0.4,0.42564100000000005,0.025641000000000025,0.02564525645256449
V3,MK,2016-02,0.2,0.180001,-0.019999000000000017,-0.019997199971999807
V3,MK,2016-03,-0.1,-0.128012,-0.02801199999999998,-0.028013280132801383
V3,MK,2016-04,-0.4,-0.3204280000000001,0.07957199999999992,0.07956879568795683
V3,MK,2016-05,-0.1,-0.018158000000000084,0.08184199999999991,0.08184181841818419
V3,MK,2016-06,0,0.062428000000000115,0.062428000000000115,0.062428624286242886
V3,MK,2016-07,0.5,0.474998,-0.025002000000000024,-0.024997249972499747
V3,MK,2016-08,0.4,0.46135800000000005,0.061358000000000024,0.06136261362613621
V3,MK,2016-09,0.7,0.743607,0.04360700000000006,0.043614436144361446
V3,MK,2016-10,0.8,0.8086210000000001,0.0086210000000001,0.008629086290862897
V3,MK,2016-11,0.4,0.406945,0.006944999999999979,0.0069490694906949035
V3,MK,2016-12,0.2,0.17215400000000003,-0.027845999999999982,-0.027844278442784476
V3,MK,2017-01,1.1,1.007582,-0.09241800000000011,-0.09241800000000011
V3,MK,2017-02,0.5,0.4925649999999997,-0.0074350000000003025,-0.0074350000000003025
V3,MK,2017-03,1,1.0483659999999997,0.04836599999999969,0.04836599999999969
V3,MK,2017-04,1.6,1.5964919999999998,-0.0035080000000002887,-0.0035080000000002887
V3,MK,2017-05,2.2,2.1201179999999997,-0.07988200000000045,-0.07988200000000045
V3,MK,2017-06,2.6,2.576043,-0.023957000000000228,-0.023957000000000228
V3,MK,2017-07,2.2,2.100282,-0.0997180000000002,-0.0997180000000002
V3,MK,2017-08,2.4,2.39533,-0.004669999999999952,-0.004669999999999952
V3,MK,2017-09,2.4,2.366233,-0.0337670000000001,-0.0337670000000001
V3,MK,2017-10,2.7,2.581009,-0.11899100000000029,-0.11899100000000029
V3,MK,2017-11,3.2,3.085943,-0.1140570000000003,-0.1140570000000003
V3,MK,2017-12,3.5,3.384716,-0.11528399999999994,-0.11528399999999994
V3,MK,2018-01,2.1,2.023023,-0.0769770000000003,-0.07695676956769582
V3,MK,2018-02,3.1,3.05401,-0.0459900000000002,-0.04595945959459602
V3,MK,2018-03,2.7,2.7038779999999996,0.003877999999999382,0.00390503905039008
V3,MK,2018-04,2.3,2.268868,-0.031131999999999938,-0.031109311093111103
V3,MK,2018-05,2.7,2.687688,-0.0123120000000001,-0.012285122851229069
V3,MK,2018-06,2,2.019243,0.0192429999999999,0.019263192631925996
V3,MK,2018-07,2.3,2.272796,-0.027203999999999784,-0.027181271812718233
V3,MK,2018-08,2.3,2.211826,-0.08817399999999997,-0.088151881518815145
V3,MK,2018-09,2.1,2.0299859999999996,-0.07001400000000046,-0.06999369993699966
V3,MK,2018-10,2.4,2.295385,-0.1046149999999999,-0.10459204592045923
V3,MK,2018-11,1.9,1.8266649999999998,-0.07333500000000015,-0.0733167331673319
V3,MK,2018-12,1.5,1.493993,-0.006007000000000096,-0.0059920599205993685
V3,MK,2019-01,1.8,1.7614789999999998,-0.03852100000000025,-0.038538614613854216
V3,MK,2019-02,1.8,1.792718,-0.007282000000000011,-0.0072999270007299
V3,MK,2019-03,2.2,2.209048,0.009047999999999945,0.009025909740902449
V3,MK,2019-04,2.8,2.758903,-0.04109699999999972,-0.04112458875411207
V3,MK,2019-05,1.6,1.5604500000000001,-0.039549999999999974,-0.039565604343956506
V3,MK,2019-06,-0.2,-0.1582639999999999,0.041736000000000106,0.041737582624173875
V3,MK,2019-07,0.3,0.263695,-0.036304999999999976,-0.03630763692363076
V3,MK,2019-08,0.4,0.37098000000000003,-0.02901999999999999,-0.02902370976290236
V3,MK,2019-09,-0.3,-0.30430699999999994,-0.00430699999999995,-0.004303956960430344
V3,MK,2019-10,-0.8,-0.7464700000000001,0.053529999999999966,0.0535374646253538
V3,MK,2019-11,-0.6,-0.584175,0.015824999999999978,0.015830841691582997
V3,MK,2019-12,-0.2,-0.196447,0.0035530000000000006,0.0035549644503554967
V3,MK,2020-01,0,0.0020419999999999857,0.0020419999999999857,0.002042020420204243
V3,MK,2020-02,0,0.007765999999999931,0.007765999999999931,0.007766077660776676
V3,MK,2020-03,-0.3,-0.23149899999999987,0.06850100000000012,0.06849868498685
V3,MK,2020-04,-0.7,-0.643778,0.056221999999999994,0.05621556215562151
V3,MK,2020-05,-0.7,-0.611754,0.08824599999999994,0.08823988239882397
V3,MK,2020-06,2.3,2.385787,0.08578700000000028,0.08581085810858102
V3,MK,2020-07,2,1.9785599999999999,-0.021440000000000126,-0.02142021420214224
V3,MK,2020-08,1.9,1.941548,0.04154800000000014,0.04156741567415678
V3,MK,2020-09,2.1,2.137708,0.03770799999999985,0.03772937729377279
V3,MK,2020-10,2.1,2.1898999999999997,0.08989999999999965,0.08992189921899163
V3,MK,2020-11,3,3.082448,0.08244799999999985,0.08247882478824753
V3,MK,2020-12,3.1,3.123598,0.023597999999999786,0.023629236292362688
V3,MK,2021-01,2.6,2.596589,-0.003411000000000275,-0.0033850338503387256
V3,MK,2021-02,2.5,2.465079,-0.0349210000000002,-0.034896348963489476
V3,MK,2021-03,2.6,2.644623,0.04462300000000008,0.04464944649446512
V3,MK,2021-04,3.1,3.093846,-0.006153999999999993,-0.006123061230612237
V3,MK,2021-05,3.3,3.307979,0.00797900000000018,0.008012080120801457
V3,MK,2021-06,2.3,2.448061,0.14806100000000022,0.14808548085480844
V3,MK,2021-07,2.8,2.8922030000000003,0.09220300000000048,0.09223192231922361
V3,MK,2021-08,3.3,3.276461,-0.023538999999999977,-0.023506235062350278
V3,MK,2021-09,4,3.990008,-0.009992000000000001,-0.009952099520995183
V3,MK,2021-10,4.7,4.7441759999999995,0.04417599999999933,0.044223442234422095
V3,MK,2021-11,4.8,4.905695,0.10569499999999987,0.10574405744057458
V3,MK,2021-12,4.9,4.917196,0.017195999999999323,0.017245172451724855
V3,MK,2022-01,6.7,6.677263,-0.02273700000000023,-0.02273700000000023
V3,MK,2022-02,7.7,7.742562999999999,0.042562999999998574,0.042562999999998574
V3,MK,2022-03,9,9.040809,0.04080899999999943,0.04080899999999943
V3,MK,2022-04,10.6,10.634832999999999,0.034832999999999004,0.034832999999999004
V3,MK,2022-05,11.9,11.954821,0.05482100000000045,0.05482100000000045
V3,MK,2022-06,14.5,14.575023,0.07502299999999984,0.07502299999999984
V3,MK,2022-07,15.6,15.707618,0.10761800000000044,0.10761800000000044
V3,MK,2022-08,16.7,16.742085,0.04208500000000015,0.04208500000000015
V3,MK,2022-09,18.5,18.646598,0.1465980000000009,0.1465980000000009
V3,MK,2022-10,19.4,19.491830999999998,0.09183099999999911,0.09183099999999911
V3,MK,2022-11,19.1,19.159425,0.0594249999999974,0.0594249999999974
V3,MK,2022-12,17.8,17.832065999999998,0.03206599999999682,0.03206599999999682
V3,MK,2023-01,16,15.955283000000001,-0.044716999999998563,-0.04455744557445662
V3,MK,2023-02,15.4,15.412088,0.01208800000000032,0.012242122421223911
V3,MK,2023-03,13.8,13.812922,0.012921999999999656,0.013060130601303399
V3,MK,2023-04,12,11.870735,-0.12926500000000019,-0.12914629146291468
V3,MK,2023-05,10.7,10.689429,-0.010570999999998776,-0.010464104641046745
V3,MK,2023-06,9.2,9.279094,0.07909400000000133,0.07918679186791877
V3,MK,2023-07,8.7,8.729158000000002,0.02915800000000246,0.029245292452925398
V3,MK,2023-08,8.1,8.227116,0.1271160000000009,0.1271982719827207
V3,MK,2023-09,6.6,6.6070020000000005,0.007002000000000841,0.007068070680707805
V3,MK,2023-10,3.4,3.474462,0.07446200000000003,0.07449674496744985
V3,MK,2023-11,3,3.1408199999999997,0.14081999999999972,0.14085140851408484
V3,MK,2023-12,3.8,3.748894,-0.051105999999999874,-0.05106851068510698
V3,MK,2024-01,4.1,4.046253,-0.053746999999999545,-0.053706537065370874
V3,MK,2024-02,3.9,3.83917,-0.06082999999999972,-0.06079160791607885
V3,MK,2024-03,4.5,4.463879,-0.036120999999999626,-0.03607636076360787
V3,MK,2024-04,4.6,4.569411,-0.030588999999999977,-0.030543305433053725
V3,MK,2024-05,4.6,4.512072,-0.08792799999999978,-0.08788287882878798
V3,MK,2024-06,3.1,3.074625,-0.025374999999999925,-0.025344253442534548
V3,MK,2024-07,3.5,3.50198,0.001980000000000093,0.0020150201502011633
V3,MK,2024-08,3.1,3.067606,-0.032394000000000034,-0.03236332363323635
V3,MK,2024-09,3.7,3.605337,-0.09466300000000016,-0.09462694626946311
V3,MK,2024-10,4.6,4.55885,-0.04115000000000002,-0.041104411044110556
V3,MK,2024-11,5.6,5.533709999999999,-0.0662900000000004,-0.06623466234662345
V3,MK,2024-12,5.7,5.595542,-0.10445800000000016,-0.10440204402044007
V3,MK,2025-01,5.8,5.795725,-0.004274999999999807,-0.004274999999999807
V3,MK,2025-02,6,5.98302,-0.016980000000000217,-0.016980000000000217
V3,MK,2025-03,3.8,3.8068419999999996,0.006841999999999793,0.006841999999999793
V3,MK,2025-04,3.5,3.462255,-0.03774500000000014,-0.03774500000000014
V3,MK,2025-05,4.1,4.102174000000001,0.0021740000000010085,0.0021740000000010085
V3,MK,2025-06,5.1,5.043349,-0.05665099999999956,-0.05665099999999956
V3,MK,2025-07,4.6,4.697709000000001,0.09770900000000093,0.09770900000000093
V3,MK,2025-08,4.4,4.39538,-0.0046200000000000685,-0.0046200000000000685
V3,MK,2025-09,3.3,3.309496,0.009496000000000393,0.009496000000000393
V3,MK,2025-10,4.4,4.349502,-0.050498000000000154,-0.050498000000000154
V3,MK,2025-11,3.6,3.596578,-0.003422000000000036,-0.003422000000000036
V3,MK,2025-12,3.6,3.53008,-0.0699200000000002,-0.0699200000000002
V3,MK,2026-01,2.9,2.949672,0.04967200000000016,0.04967200000000016
V3,MK,2026-02,2.6,2.610599,0.010599000000000025,0.010599000000000025
V3,MK,2026-03,4.9,4.960202,0.06020199999999942,0.06020199999999942
V3,MK,2026-04,5.7,5.700157,1.5699999999974068e-4,1.5699999999974068e-4
V3,MK,2026-05,4.9,4.886618,-0.013382000000000005,-0.013382000000000005
V3,MK,2026-06,3.5,3.5388390000000003,0.03883900000000029,0.03883900000000029
V3,MK,2026-07,2.4,2.411414,0.011414000000000257,0.011414000000000257
V3,MK,2026-08,2.6,2.650866,0.05086600000000008,0.05086600000000008
V3,RS,2007-01,6.1,6.175047,0.07504700000000053,0.07517050341006914
V3,RS,2007-02,4.6,4.719766,0.11976600000000026,0.11986039720794484
V3,RS,2007-03,4.4,4.474819,0.07481899999999975,0.0749084981699637
V3,RS,2007-04,3.1,3.142078,0.04207800000000006,0.042140842816856594
V3,RS,2007-05,2.4,2.5003930000000003,0.1003930000000004,0.10044300886017776
V3,RS,2007-06,2.9,2.941644,0.041644000000000236,0.041702834056681404
V3,RS,2007-07,3.9,3.6949959999999997,-0.20500400000000019,-0.20493009860197153
V3,RS,2007-08,6.1,6.225072,0.1250720000000003,0.12519650393007975
V3,RS,2007-09,7.7,7.9852929999999995,0.28529299999999935,0.28545270905418185
V3,RS,2007-10,8.6,8.883462999999999,0.28346299999999935,0.2836406728134566
V3,RS,2007-11,9,9.329248,0.32924799999999976,0.32943458869177356
V3,RS,2007-12,10.5,10.993782999999999,0.49378299999999875,0.49400288005760196
V3,RS,2008-01,11.1,11.092529,-0.007470999999998895,-0.007692846143076082
V3,RS,2008-02,12,12.053573,0.05357300000000009,0.05333193336133313
V3,RS,2008-03,13.4,13.454484,0.05448400000000042,0.054214915701686905
V3,RS,2008-04,14.6,14.555075,-0.044924999999999216,-0.04521609567808582
V3,RS,2008-05,14.1,14.082137,-0.017863000000000184,-0.01814463710725711
V3,RS,2008-06,14.2,14.235779,0.03577900000000156,0.035494290114199245
V3,RS,2008-07,13.1,13.313969,0.21396900000000052,0.2137027259454829
V3,RS,2008-08,10.9,10.843137,-0.056862999999999886,-0.05707985840283136
V3,RS,2008-09,10.2,10.015561,-0.18443899999999935,-0.18463930721385502
V3,RS,2008-10,11.5,11.236056000000001,-0.2639439999999986,-0.264168716625667
V3,RS,2008-11,10.2,9.983897,-0.2161029999999986,-0.21630267394652058
V3,RS,2008-12,8,7.8318769999999995,-0.16812300000000047,-0.16827963440731164
V3,RS,2009-01,9.7,9.723526,0.02352600000000038,0.023623236232362288
V3,RS,2009-02,10.5,10.502680999999999,0.0026809999999990453,0.0027860278602780397
V3,RS,2009-03,9,9.109843999999999,0.10984399999999894,0.10993509935099333
V3,RS,2009-04,8.3,8.46738,0.16737999999999964,0.1674646746467463
V3,RS,2009-05,8.7,8.855885,0.15588500000000138,0.1559735597355978
V3,RS,2009-06,8.5,8.696608999999999,0.1966089999999987,0.19669596695966973
V3,RS,2009-07,8.8,8.994119999999999,0.19411999999999807,0.19420994209941966
V3,RS,2009-08,8.4,8.483061,0.08306099999999894,0.08314583145831378
V3,RS,2009-09,7.6,7.667514,0.06751400000000007,0.06759067590675905
V3,RS,2009-10,5.6,5.75765,0.1576500000000003,0.15770757707577054
V3,RS,2009-11,6.2,6.422383,0.22238299999999978,0.2224472244722442
V3,RS,2009-12,6.9,7.191947000000001,0.2919470000000004,0.29201892018920184
V3,RS,2010-01,5,4.983084,-0.016916000000000153,-0.016866168661686665
V3,RS,2010-02,4,3.905058,-0.09494200000000008,-0.09490294902949037
V3,RS,2010-03,4.9,4.820457,-0.07954300000000014,-0.07949479494794964
V3,RS,2010-04,4.6,4.542566000000001,-0.057433999999998875,-0.05738857388573848
V3,RS,2010-05,4.2,4.2134,0.013399999999999856,0.013442134421343788
V3,RS,2010-06,4.2,4.135621,-0.06437899999999974,-0.064337643376434
V3,RS,2010-07,5,4.954221,-0.04577899999999957,-0.04572945729457256
V3,RS,2010-08,6.5,6.461187000000001,-0.03881299999999932,-0.038748387483874325
V3,RS,2010-09,7.7,7.678467,-0.021532999999999802,-0.021456214562145526
V3,RS,2010-10,8.7,8.731309000000001,0.03130900000000203,0.0313963139631408
V3,RS,2010-11,9.4,9.420340000000001,0.020340000000000913,0.02043420434204357
V3,RS,2010-12,10.2,10.29892,0.09892000000000145,0.09902299022990313
V3,RS,2011-01,11,11.069621999999999,0.06962199999999896,0.06951130488694979
V3,RS,2011-02,12.3,12.307512,0.007511999999998409,0.0073889261107371595
V3,RS,2011-03,13.9,13.912616,0.012615999999999516,0.01247687523124874
V3,RS,2011-04,14.4,14.338581,-0.06141900000000078,-0.06156238437615613
V3,RS,2011-05,13.5,13.481852,-0.018148000000000053,-0.018282817171828114
V3,RS,2011-06,12.8,12.84503,0.04502999999999879,0.04490155098448945
V3,RS,2011-07,12.2,12.262163999999999,0.06216399999999922,0.062041379586204926
V3,RS,2011-08,10.7,10.673995,-0.026004999999999612,-0.026111738882610425
V3,RS,2011-09,9.4,9.399884,-1.1600000000022703e-4,-2.0999790002029783e-4
V3,RS,2011-10,8.8,8.796631999999999,-0.003368000000001814,-0.0034559654403469864
V3,RS,2011-11,8.3,8.255303,-0.0446970000000011,-0.044779552204477824
V3,RS,2011-12,6.9,6.903643,0.0036429999999993967,0.0035739642603571653
V3,RS,2012-01,5.6,5.466833,-0.13316699999999937,-0.13311233112331067
V3,RS,2012-02,4.9,4.882992,-0.017008000000000578,-0.016959169591696188
V3,RS,2012-03,3.2,3.272948,0.07294799999999979,0.07298072980729797
V3,RS,2012-04,2.7,2.657569,-0.04243100000000011,-0.042404424044240496
V3,RS,2012-05,4.6,4.763996,0.16399600000000003,0.16404364043640474
V3,RS,2012-06,6,6.137323,0.1373230000000003,0.13738437384373814
V3,RS,2012-07,6.2,6.151764,-0.04823600000000017,-0.048174481744817754
V3,RS,2012-08,7.9,7.772499,-0.12750100000000053,-0.12742327423274258
V3,RS,2012-09,10.2,10.298181999999999,0.09818199999999955,0.09828498284982956
V3,RS,2012-10,12.9,13.047619000000001,0.1476190000000006,0.1477494774947754
V3,RS,2012-11,12.2,12.386541999999999,0.18654199999999932,0.18666586665866625
V3,RS,2012-12,12.3,12.449703,0.1497029999999988,0.14982749827498232
V3,RS,2013-01,12.7,12.604289999999999,-0.0957100000000004,-0.0958360416395827
V3,RS,2013-02,12.3,12.116183,-0.18381700000000123,-0.18393816061839274
V3,RS,2013-03,11.2,11.055679,-0.1443209999999997,-0.14443155568444155
V3,RS,2013-04,11.5,11.393529,-0.10647100000000087,-0.10658493415065884
V3,RS,2013-05,9.5,9.30591,-0.1940899999999992,-0.1941830581694184
V3,RS,2013-06,9.6,9.453425,-0.14657500000000034,-0.14666953330466548
V3,RS,2013-07,8.8,8.593282,-0.2067180000000004,-0.20680393196068003
V3,RS,2013-08,7.5,7.358136,-0.141864,-0.1419375806241927
V3,RS,2013-09,5.1,5.06879,-0.031209999999999738,-0.03126068739312515
V3,RS,2013-10,2.5,2.51942,0.019420000000000215,0.019394806051939995
V3,RS,2013-11,1.8,1.7768549999999999,-0.023145000000000193,-0.023162768372316345
V3,RS,2013-12,2.3,2.265502,-0.034497999999999696,-0.03452065479345201
V3,RS,2014-01,3,3.014123,0.014123000000000108,0.014123000000000108
V3,RS,2014-02,2.7,2.63595,-0.06405000000000038,-0.06405000000000038
V3,RS,2014-03,2.5,2.451021,-0.048979000000000106,-0.048979000000000106
V3,RS,2014-04,2.2,2.21176,0.01175999999999977,0.01175999999999977
V3,RS,2014-05,2.5,2.450485,-0.049514999999999976,-0.049514999999999976
V3,RS,2014-06,1.5,1.5211069999999998,0.021106999999999765,0.021106999999999765
V3,RS,2014-07,2.4,2.3517140000000003,-0.04828599999999961,-0.04828599999999961
V3,RS,2014-08,1.9,1.835129,-0.0648709999999999,-0.0648709999999999
V3,RS,2014-09,2.5,2.391361,-0.10863900000000015,-0.10863900000000015
V3,RS,2014-10,1.9,1.8669069999999999,-0.03309300000000004,-0.03309300000000004
V3,RS,2014-11,2.4,2.434176,0.034175999999999984,0.034175999999999984
V3,RS,2014-12,1.9,1.963652,0.06365200000000004,0.06365200000000004
V3,RS,2015-01,0.4,0.37289600000000006,-0.02710399999999996,-0.02710772892271074
V3,RS,2015-02,0.8,0.8687960000000001,0.06879600000000008,0.06878731212687872
V3,RS,2015-03,1.6,1.7175070000000003,0.11750700000000025,0.1174898251017491
V3,RS,2015-04,1.6,1.7173800000000004,0.11738000000000026,0.11736282637173656
V3,RS,2015-05,1.4,1.42679,0.02679000000000009,0.026775732242677597
V3,RS,2015-06,1.9,1.9676050000000003,0.06760500000000036,0.06758532414675877
V3,RS,2015-07,1.2,1.1358640000000002,-0.06413599999999975,-0.06414735852641451
V3,RS,2015-08,2.2,2.174869,-0.025131000000000014,-0.025152748472515363
V3,RS,2015-09,1.6,1.587339,-0.012661000000000033,-0.012676873231267649
V3,RS,2015-10,1.7,1.674598,-0.025401999999999925,-0.025418745812541665
V3,RS,2015-11,1.6,1.5668160000000002,-0.03318399999999988,-0.03319966800331997
V3,RS,2015-12,1.8,1.820354,0.020353999999999983,0.020335796642033444
V3,RS,2016-01,2.7,2.704292,0.0042919999999999625,0.004264957350426535
V3,RS,2016-02,1.9,1.9879550000000001,0.08795500000000023,0.08793512064879372
V3,RS,2016-03,1.1,1.2086080000000001,0.10860800000000004,0.10859591404085966
V3,RS,2016-04,0.9,0.9434290000000001,0.04342900000000005,0.04341956580434192
V3,RS,2016-05,0.8,0.8844710000000001,0.08447100000000007,0.08446215537844626
V3,RS,2016-06,0.3,0.36424900000000004,0.06424900000000006,0.06424535754642441
V3,RS,2016-07,1.2,1.1612,-0.038799999999999946,-0.03881161188388105
V3,RS,2016-08,1.3,1.319037,0.01903699999999997,0.019023809761902433
V3,RS,2016-09,0.8,0.770157,-0.029843000000000064,-0.029850701492985188
V3,RS,2016-10,1.6,1.5774430000000002,-0.022556999999999938,-0.022572774272257234
V3,RS,2016-11,1.7,1.624079,-0.0759209999999999,-0.07593724062759355
V3,RS,2016-12,1.7,1.6144020000000001,-0.08559799999999984,-0.08561414385856136
V3,RS,2017-01,2.5,2.447714,-0.052286000000000055,-0.052286000000000055
V3,RS,2017-02,3.3,3.330815,0.030815000000000037,0.030815000000000037
V3,RS,2017-03,3.7,3.718788,0.018787999999999805,0.018787999999999805
V3,RS,2017-04,4.3,4.270784,-0.02921599999999991,-0.02921599999999991
V3,RS,2017-05,3.8,3.743845,-0.056154999999999955,-0.056154999999999955
V3,RS,2017-06,3.8,3.82734,0.027340000000000142,0.027340000000000142
V3,RS,2017-07,3.4,3.4061639999999995,0.006163999999999614,0.006163999999999614
V3,RS,2017-08,2.6,2.6112509999999998,0.011250999999999678,0.011250999999999678
V3,RS,2017-09,3.3,3.281487,-0.018513,-0.018513
V3,RS,2017-10,2.8,2.8073449999999998,0.007344999999999935,0.007344999999999935
V3,RS,2017-11,2.9,2.861317,-0.0386829999999998,-0.0386829999999998
V3,RS,2017-12,3,3.027307,0.02730699999999997,0.02730699999999997
V3,RS,2018-01,2,2.041112,0.04111200000000004,0.04109158908410926
V3,RS,2018-02,1.7,1.6847150000000002,-0.015284999999999771,-0.015301846981530032
V3,RS,2018-03,1.5,1.4956399999999999,-0.0043600000000001415,-0.0043749562504373785
V3,RS,2018-04,1,1.057648,0.05764799999999992,0.05763742362576374
V3,RS,2018-05,2.2,2.212315,0.012314999999999632,0.012292877071229391
V3,RS,2018-06,2.5,2.463722,-0.03627799999999981,-0.03630263697363034
V3,RS,2018-07,2.4,2.43213,0.03212999999999999,0.03210567894321059
V3,RS,2018-08,2.6,2.594902,-0.005098000000000269,-0.0051239487605121425
V3,RS,2018-09,2.1,2.114921,0.01492099999999974,0.014899851001489939
V3,RS,2018-10,2.2,2.269268,0.06926799999999966,0.06924530754692437
V3,RS,2018-11,1.9,1.9570469999999998,0.05704699999999985,0.05702742972570274
V3,RS,2018-12,2,2.018533,0.018533000000000133,0.01851281487185119
V3,RS,2019-01,2,2.056104,0.05610399999999993,0.05610399999999993
V3,RS,2019-02,2.3,2.3487430000000002,0.048743000000000425,0.048743000000000425
V3,RS,2019-03,2.7,2.6625080000000003,-0.03749199999999986,-0.03749199999999986
V3,RS,2019-04,3,2.972411,-0.027588999999999864,-0.027588999999999864
V3,RS,2019-05,1.9,1.959804,0.05980400000000019,0.05980400000000019
V3,RS,2019-06,1.4,1.427203,0.027203000000000088,0.027203000000000088
V3,RS,2019-07,1.7,1.731595,0.03159500000000004,0.03159500000000004
V3,RS,2019-08,1.4,1.472984,0.07298400000000016,0.07298400000000016
V3,RS,2019-09,1.4,1.433942,0.03394200000000014,0.03394200000000014
V3,RS,2019-10,1.2,1.200761,7.610000000000117e-4,7.610000000000117e-4
V3,RS,2019-11,1.7,1.72327,0.023270000000000124,0.023270000000000124
V3,RS,2019-12,2.1,2.0877760000000003,-0.01222399999999979,-0.01222399999999979
V3,RS,2020-01,2.3,2.315428,0.015427999999999997,0.015451154511544996
V3,RS,2020-02,2.3,2.30388,0.0038800000000001056,0.003903039030390243
V3,RS,2020-03,1.7,1.784162,0.08416200000000007,0.08417984179841786
V3,RS,2020-04,1.2,1.209772,0.009772000000000114,0.009784097840978445
V3,RS,2020-05,1.1,1.15227,0.05226999999999982,0.0522815228152278
V3,RS,2020-06,1.8,1.8571560000000003,0.05715600000000021,0.05717457174571727
V3,RS,2020-07,2.2,2.191825,-0.008175000000000043,-0.008153081530815509
V3,RS,2020-08,1.9,1.9238700000000002,0.02387000000000028,0.02388923889238903
V3,RS,2020-09,1.8,1.837002,0.03700199999999998,0.03702037020370175
V3,RS,2020-10,1.8,1.787786,-0.012213999999999947,-0.012196121961219664
V3,RS,2020-11,1.7,1.662511,-0.037488999999999884,-0.03747237472374709
V3,RS,2020-12,1.3,1.301115,0.0011149999999999771,0.0011280112801126396
V3,RS,2021-01,1.2,1.2136350000000002,0.013635000000000286,0.013635000000000286
V3,RS,2021-02,1.1,1.1359960000000002,0.03599600000000014,0.03599600000000014
V3,RS,2021-03,1.7,1.7552670000000001,0.05526700000000018,0.05526700000000018
V3,RS,2021-04,2.6,2.68365,0.08365,0.08365
V3,RS,2021-05,3.5,3.608545,0.10854499999999989,0.10854499999999989
V3,RS,2021-06,3.1,3.270204,0.17020400000000002,0.17020400000000002
V3,RS,2021-07,3.1,3.272141,0.17214099999999988,0.17214099999999988
V3,RS,2021-08,4.2,4.335823,0.13582300000000025,0.13582300000000025
V3,RS,2021-09,5.6,5.715946000000001,0.11594600000000099,0.11594600000000099
V3,RS,2021-10,6.5,6.6678310000000005,0.1678310000000005,0.1678310000000005
V3,RS,2021-11,7.5,7.635573,0.13557299999999994,0.13557299999999994
V3,RS,2021-12,7.9,8.01225,0.11224999999999952,0.11224999999999952
V3,RS,2022-01,8.2,8.244888999999999,0.04488899999999951,0.044971449714498846
V3,RS,2022-02,8.8,8.82159,0.021589999999999776,0.02167821678216697
V3,RS,2022-03,9.1,9.151792,0.051792000000000726,0.051883518835190046
V3,RS,2022-04,9.5,9.566125000000001,0.06612500000000132,0.06622066220662326
V3,RS,2022-05,10.2,10.270931,0.07093099999999986,0.0710337103371046
V3,RS,2022-06,11.6,11.687058,0.08705800000000075,0.08717487174871685
V3,RS,2022-07,12.5,12.558905,0.05890499999999932,0.05903059030590185
V3,RS,2022-08,12.8,12.851016999999999,0.05101699999999809,0.0511455114551147
V3,RS,2022-09,13.5,13.602200999999999,0.1022009999999991,0.10233702337023409
V3,RS,2022-10,14.5,14.598903,0.09890299999999996,0.09904899048990501
V3,RS,2022-11,14.6,14.635738,0.03573800000000027,0.03588435884358887
V3,RS,2022-12,14.6,14.694989,0.09498899999999999,0.09513595135951292
V3,RS,2023-01,15.3,15.320301,0.020300999999999902,0.019994600107997584
V3,RS,2023-02,15.5,15.575611,0.07561100000000032,0.07529949401011926
V3,RS,2023-03,15.6,15.664363999999999,0.06436399999999942,0.06405071898561943
V3,RS,2023-04,14.8,14.787932,-0.012068000000001078,-0.012363752724946053
V3,RS,2023-05,14.5,14.631079999999999,0.13107999999999898,0.13078738425231506
V3,RS,2023-06,13.5,13.659329999999999,0.15932999999999886,0.15905681886362366
V3,RS,2023-07,12.4,12.451235,0.05123500000000014,0.05098598028039447
V3,RS,2023-08,11.5,11.437039,-0.0629609999999996,-0.06318973620527579
V3,RS,2023-09,10.2,10.069951,-0.13004899999999964,-0.13025039499209967
V3,RS,2023-10,8.5,8.399378,-0.10062199999999955,-0.1007899842003166
V3,RS,2023-11,7.9,7.8742019999999995,-0.025798000000000876,-0.025955480890383242
V3,RS,2023-12,7.5,7.468861,-0.031138999999999584,-0.03128837423251518
V3,RS,2024-01,6.4,6.4034379999999995,0.003437999999999164,0.003437999999999164
V3,RS,2024-02,5.7,5.666097,-0.03390300000000046,-0.03390300000000046
V3,RS,2024-03,5.1,5.121482,0.021482000000000667,0.021482000000000667
V3,RS,2024-04,5.1,5.06034,-0.039659999999999584,-0.039659999999999584
V3,RS,2024-05,4.5,4.572565,0.07256499999999999,0.07256499999999999
V3,RS,2024-06,3.9,4.019269,0.11926900000000051,0.11926900000000051
V3,RS,2024-07,4.4,4.38564,-0.014359999999999928,-0.014359999999999928
V3,RS,2024-08,4.4,4.367922,-0.03207800000000027,-0.03207800000000027
V3,RS,2024-09,4.3,4.27691,-0.023089999999999833,-0.023089999999999833
V3,RS,2024-10,4.6,4.591621,-0.008378999999999692,-0.008378999999999692
V3,RS,2024-11,4.4,4.4311869999999995,0.031186999999999188,0.031186999999999188
V3,RS,2024-12,4.5,4.51123,0.011230000000000295,0.011230000000000295
V3,RS,2025-01,4.8,4.830743,0.030743000000000187,0.030791307913079713
V3,RS,2025-02,4.7,4.748735,0.04873499999999975,0.04878248782487837
V3,RS,2025-03,4.5,4.485539,-0.014460999999999835,-0.014416144161441657
V3,RS,2025-04,4,4.062997,0.06299700000000019,0.06303763037630361
V3,RS,2025-05,3.9,3.8844610000000004,-0.015538999999999525,-0.015500155001549665
V3,RS,2025-06,4.7,4.71368,0.013679999999999914,0.013727137271372314
V3,RS,2025-07,5,5.015090000000001,0.015090000000000714,0.015140151401514146
V3,RS,2025-08,4.8,4.842465000000001,0.04246500000000086,0.042513425134251825
V3,RS,2025-09,3.2,3.169015,-0.030985000000000262,-0.030953309533095386
V3,RS,2025-10,3.1,3.090642,-0.0093580000000002,-0.009327093270932618
V3,RS,2025-11,3.1,3.047476,-0.052524000000000015,-0.05249352493524917
V3,RS,2025-12,3,2.981726,-0.0182739999999999,-0.018244182441824464
V3,RS,2026-01,2.7,2.681466,-0.018534000000000272,-0.018560814391856084
V3,RS,2026-02,2.6,2.64639,0.04638999999999971,0.04636353636463619
V3,RS,2026-03,3.1,3.101022,0.0010219999999998564,9.909900900990642e-4
V3,RS,2026-04,3.6,3.6512599999999997,0.05125999999999964,0.05122348776512231
V3,RS,2026-05,3.8,3.803856,0.0038560000000003036,0.0038179618203817434
V3,RS,2026-06,3,3.101776,0.10177600000000009,0.10174498255017461
V3,RS,2026-07,2.2,2.324035,0.12403499999999967,0.12401175988240087
V3,RS,2026-08,2.5,2.6237739999999996,0.1237739999999996,0.12374776252237485
V3,XK,2016-01,0.1,0.13727000000000003,0.037270000000000025,0.037270000000000025
V3,XK,2016-02,0,0.04130000000000006,0.04130000000000006,0.04130000000000006
V3,XK,2016-03,0.1,0.05906000000000006,-0.04093999999999995,-0.04093999999999995
V3,XK,2016-04,-0.1,-0.22722000000000006,-0.12722000000000006,-0.12722000000000006
V3,XK,2016-05,-0.1,-0.2522,-0.15219999999999997,-0.15219999999999997
V3,XK,2016-06,-0.3,-0.44605,-0.14605,-0.14605
V3,XK,2016-07,0,-0.21009000000000003,-0.21009000000000003,-0.21009000000000003
V3,XK,2016-08,0,-0.13681999999999991,-0.13681999999999991,-0.13681999999999991
V3,XK,2016-09,0.5,0.44556000000000007,-0.05443999999999993,-0.05443999999999993
V3,XK,2016-10,0.9,0.90031,3.1000000000003247e-4,3.1000000000003247e-4
V3,XK,2016-11,0.9,0.90471,0.004709999999999992,0.004709999999999992
V3,XK,2016-12,1.3,1.32593,0.02593000000000001,0.02593000000000001
V3,XK,2017-01,1.7,1.7189599999999998,0.018959999999999866,0.018959999999999866
V3,XK,2017-02,1.7,1.71545,0.015449999999999964,0.015449999999999964
V3,XK,2017-03,1.5,1.5475499999999998,0.04754999999999976,0.04754999999999976
V3,XK,2017-04,2.2,2.35938,0.15937999999999963,0.15937999999999963
V3,XK,2017-05,1.5,1.5423999999999998,0.04239999999999977,0.04239999999999977
V3,XK,2017-06,1.9,2.02242,0.12241999999999997,0.12241999999999997
V3,XK,2017-07,1.7,1.7805999999999997,0.08059999999999978,0.08059999999999978
V3,XK,2017-08,1.7,1.78897,0.08897,0.08897
V3,XK,2017-09,1.7,1.7535499999999997,0.053549999999999764,0.053549999999999764
V3,XK,2017-10,0.9,0.9378499999999999,0.03784999999999983,0.03784999999999983
V3,XK,2017-11,0.9,0.90311,0.003109999999999946,0.003109999999999946
V3,XK,2017-12,0.5,0.5431499999999999,0.04314999999999991,0.04314999999999991
V3,XK,2018-01,-0.2,-0.2067500000000001,-0.006750000000000089,-0.006750000000000089
V3,XK,2018-02,0,-0.05896000000000004,-0.05896000000000004,-0.05896000000000004
V3,XK,2018-03,0.1,0.07546999999999986,-0.02453000000000015,-0.02453000000000015
V3,XK,2018-04,0.4,0.37038999999999994,-0.02961000000000008,-0.02961000000000008
V3,XK,2018-05,1,0.98188,-0.018120000000000025,-0.018120000000000025
V3,XK,2018-06,0.8,0.7449299999999999,-0.055070000000000174,-0.055070000000000174
V3,XK,2018-07,1.2,1.1361199999999998,-0.06388000000000016,-0.06388000000000016
V3,XK,2018-08,1.5,1.3638,-0.1362000000000001,-0.1362000000000001
V3,XK,2018-09,1.4,1.37839,-0.021609999999999907,-0.021609999999999907
V3,XK,2018-10,1.5,1.36733,-0.13267000000000007,-0.13267000000000007
V3,XK,2018-11,2.1,1.94594,-0.15406000000000009,-0.15406000000000009
V3,XK,2018-12,2.9,2.7542999999999997,-0.14570000000000016,-0.14570000000000016
V3,XK,2019-01,3.1,3.1445499999999997,0.044549999999999645,0.044549999999999645
V3,XK,2019-02,3.2,3.16858,-0.031420000000000226,-0.031420000000000226
V3,XK,2019-03,3.3,3.2711599999999996,-0.0288400000000002,-0.0288400000000002
V3,XK,2019-04,3.4,3.3948199999999997,-0.0051800000000001845,-0.0051800000000001845
V3,XK,2019-05,3.4,3.42253,0.02253000000000016,0.02253000000000016
V3,XK,2019-06,3,2.96915,-0.030850000000000044,-0.030850000000000044
V3,XK,2019-07,2.6,2.61982,0.019819999999999727,0.019819999999999727
V3,XK,2019-08,2.7,2.7099799999999994,0.009979999999999212,0.009979999999999212
V3,XK,2019-09,2.4,2.4542800000000002,0.05428000000000033,0.05428000000000033
V3,XK,2019-10,2.2,2.24436,0.04435999999999973,0.04435999999999973
V3,XK,2019-11,1.7,1.73441,0.03441000000000005,0.03441000000000005
V3,XK,2019-12,1.2,1.18569,-0.014310000000000045,-0.014310000000000045
V3,XK,2020-01,1.6,1.554789,-0.04521100000000011,-0.04521100000000011
V3,XK,2020-02,1,1.017538,0.017538000000000054,0.017538000000000054
V3,XK,2020-03,0.7,0.7665350000000001,0.06653500000000012,0.06653500000000012
V3,XK,2020-04,0.3,0.2906010000000002,-0.009398999999999769,-0.009398999999999769
V3,XK,2020-05,0.2,0.21026200000000023,0.010262000000000215,0.010262000000000215
V3,XK,2020-06,0.1,0.1470070000000003,0.0470070000000003,0.0470070000000003
V3,XK,2020-07,-0.1,-0.05382499999999997,0.046175000000000035,0.046175000000000035
V3,XK,2020-08,-0.5,-0.4629949999999999,0.03700500000000012,0.03700500000000012
V3,XK,2020-09,-0.4,-0.42021799999999987,-0.020217999999999847,-0.020217999999999847
V3,XK,2020-10,-0.2,-0.1550559999999998,0.044944000000000206,0.044944000000000206
V3,XK,2020-11,-0.3,-0.2629839999999999,0.037016000000000104,0.037016000000000104
V3,XK,2020-12,0.1,0.08714600000000018,-0.012853999999999824,-0.012853999999999824
V3,XK,2021-01,-0.2,-0.24249000000000004,-0.04249000000000003,-0.04249000000000003
V3,XK,2021-02,0.7,0.6966100000000001,-0.003389999999999893,-0.003389999999999893
V3,XK,2021-03,1.2,1.21825,0.0182500000000001,0.0182500000000001
V3,XK,2021-04,1.9,1.9205200000000002,0.020520000000000316,0.020520000000000316
V3,XK,2021-05,2,2.0621500000000004,0.06215000000000037,0.06215000000000037
V3,XK,2021-06,2.4,2.40184,0.0018400000000000638,0.0018400000000000638
V3,XK,2021-07,3.5,3.46354,-0.03645999999999994,-0.03645999999999994
V3,XK,2021-08,4.7,4.64913,-0.05086999999999975,-0.05086999999999975
V3,XK,2021-09,4.9,4.80797,-0.09203000000000028,-0.09203000000000028
V3,XK,2021-10,5.7,5.6710400000000005,-0.028959999999999653,-0.028959999999999653
V3,XK,2021-11,6.9,6.8891800000000005,-0.01081999999999983,-0.01081999999999983
V3,XK,2021-12,6.7,6.70685,0.006850000000000023,0.006850000000000023
V3,XK,2022-01,7.1,7.14091,0.040910000000000224,0.040910000000000224
V3,XK,2022-02,7.5,7.54062,0.040619999999999656,0.040619999999999656
V3,XK,2022-03,10,10.105369999999999,0.10536999999999885,0.10536999999999885
V3,XK,2022-04,11.2,11.37842,0.1784200000000009,0.1784200000000009
V3,XK,2022-05,12.5,12.60143,0.10143000000000058,0.10143000000000058
V3,XK,2022-06,14.1,14.187169999999998,0.08716999999999864,0.08716999999999864
V3,XK,2022-07,14.2,14.33112,0.131120000000001,0.131120000000001
V3,XK,2022-08,13,13.1808,0.18079999999999963,0.18079999999999963
V3,XK,2022-09,12.7,12.85745,0.15745000000000076,0.15745000000000076
V3,XK,2022-10,12.7,12.849969999999999,0.14996999999999971,0.14996999999999971
V3,XK,2022-11,11.6,11.73124,0.13124000000000002,0.13124000000000002
V3,XK,2022-12,12.1,12.18115,0.08115000000000094,0.08115000000000094
V3,XK,2023-01,12,12.07636,0.07635999999999932,0.07635999999999932
V3,XK,2023-02,10.5,10.67027,0.17027000000000037,0.17027000000000037
V3,XK,2023-03,7.1,7.3325499999999995,0.2325499999999998,0.2325499999999998
V3,XK,2023-04,5.6,5.76752,0.16752000000000056,0.16752000000000056
V3,XK,2023-05,4.3,4.6424900000000004,0.3424900000000006,0.3424900000000006
V3,XK,2023-06,2.8,3.3344899999999997,0.5344899999999999,0.5344899999999999
V3,XK,2023-07,2.4,2.6406,0.24060000000000015,0.24060000000000015
V3,XK,2023-08,3.2,3.3248599999999997,0.12485999999999953,0.12485999999999953
V3,XK,2023-09,4.3,4.2509999999999994,-0.04900000000000038,-0.04900000000000038
V3,XK,2023-10,3.3,3.3106899999999997,0.010689999999999866,0.010689999999999866
V3,XK,2023-11,2.9,2.98457,0.08457000000000026,0.08457000000000026
V3,XK,2023-12,2.3,2.38741,0.08741000000000021,0.08741000000000021
V3,XK,2024-01,1.8,1.839618,0.03961799999999993,0.03965479309586195
V3,XK,2024-02,2.2,2.235466,0.035466,0.035510710214204266
V3,XK,2024-03,2.3,2.356094,0.05609400000000031,0.05614112282245687
V3,XK,2024-04,2.4,2.424999,0.024999000000000215,0.025047500950019064
V3,XK,2024-05,2.4,2.37172,-0.028280000000000083,-0.02823256465129287
V3,XK,2024-06,2.4,2.3473610000000003,-0.05263899999999966,-0.05259205184103655
V3,XK,2024-07,2.2,2.163163,-0.03683700000000023,-0.03679373587471746
V3,XK,2024-08,1.4,1.3727930000000002,-0.02720699999999976,-0.027179543590871713
V3,XK,2024-09,0.2,0.17897200000000005,-0.021027999999999963,-0.02102442048840983
V3,XK,2024-10,0.4,0.4345599999999999,0.03455999999999987,0.034568691373827454
V3,XK,2024-11,0.7,0.648629,-0.051370999999999944,-0.05135802716054305
V3,XK,2024-12,1.1,1.145752,0.045752000000000015,0.04577491549831003
V3,XK,2025-01,1.5,1.4887910000000002,-0.011208999999999802,-0.011208999999999802
V3,XK,2025-02,1.8,1.795595,-0.004404999999999992,-0.004404999999999992
V3,XK,2025-03,2.9,3.0229619999999997,0.1229619999999998,0.1229619999999998
V3,XK,2025-04,3,3.168993,0.16899299999999995,0.16899299999999995
V3,XK,2025-05,3.6,3.834058,0.2340580000000001,0.2340580000000001
V3,XK,2025-06,4.3,4.541734,0.24173400000000012,0.24173400000000012
V3,XK,2025-07,4.3,4.469409,0.16940899999999992,0.16940899999999992
V3,XK,2025-08,4.5,4.750675,0.2506750000000002,0.2506750000000002
V3,XK,2025-09,4.7,4.886588,0.18658799999999953,0.18658799999999953
V3,XK,2025-10,5.1,5.370327,0.270327,0.270327
V3,XK,2025-11,5.3,5.614736,0.3147359999999999,0.3147359999999999
V3,XK,2025-12,5.3,5.550301999999999,0.2503019999999996,0.2503019999999996
V3,XK,2026-01,5.8,5.740736,-0.05926399999999976,-0.05926399999999976
V3,XK,2026-02,5.8,5.724997,-0.07500299999999971,-0.07500299999999971
V3,XK,2026-03,6.5,6.433594,-0.06640599999999974,-0.06640599999999974
V3,XK,2026-04,7.5,7.434969,-0.06503100000000028,-0.06503100000000028
V3,XK,2026-05,6.8,6.736882,-0.06311800000000023,-0.06311800000000023
V3,XK,2026-06,6,5.952827,-0.04717299999999991,-0.04717299999999991
V3,XK,2026-07,6.5,6.380982,-0.11901799999999962,-0.11901799999999962
V3,XK,2026-08,7.3,7.180483000000001,-0.11951699999999921,-0.11951699999999921
