geo,month,RCH_A,flag_RCH_A,der_I15,diff_I15,bound_I15,der_I25,diff_I25,bound_I25
AL,2016-12,2.5,NA,2.489999999999992,-0.01000000000000778,0.060124500000000004,2.48165443629087,-0.018345563709130097,0.06350778215051973
AL,2017-01,4,NA,3.960396039603964,-0.039603960396036086,0.06009704930889129,3.9630118890356725,-0.036988110964327525,0.06347179735066286
AL,2017-02,3.7,NA,3.725068439577628,0.02506843957762772,0.05995918402618194,3.7177145838768633,0.017714583876863088,0.06328709330706216
AL,2017-03,3.8,NA,3.8035019455252783,0.0035019455252784937,0.05991262168995746,3.802725502920201,0.0027255029202013503,0.0632253553214095
AL,2017-04,3.6,NA,3.616459779102721,0.016459779102720784,0.05995095590749207,3.6124152321335368,0.01241523213353668,0.06327676155660757
AL,2017-05,3.4,NA,3.3894945490584583,-0.01050545094154165,0.06007876583493848,3.38490017188946,-0.015099828110539892,0.06344604655374121
AL,2017-06,3.7,NA,3.7317900618639044,0.031790061863904207,0.060164228201050884,3.727369542066028,0.02736954206602782,0.0635601284306487
AL,2017-07,3,NA,2.950852357691147,-0.049147642308852824,0.060116182452282486,2.9529130087789346,-0.04708699122106541,0.06349779948182888
AL,2017-08,2.6,NA,2.546890424481729,-0.05310957551827089,0.05999737859943148,2.555321390937837,-0.044678609062163144,0.06334005014429253
AL,2017-09,2.7,NA,2.6556506344054265,-0.0443493655945737,0.0599663445772797,2.6640419947506544,-0.03595800524934578,0.06329816548521985
AL,2017-10,3.2,NA,3.1860327480765394,-0.013967251923460822,0.06002101167627129,3.1714699302539895,-0.02853006974601069,0.06336830306160376
AL,2017-11,2.4,NA,2.434936908517349,0.034936908517348986,0.05997806274194191,2.433250032881751,0.03325003288175088,0.06331272195402353
AL,2017-12,2.4,NA,2.409991218655483,0.009991218655482914,0.05987462148593305,2.421559692748332,0.021559692748331916,0.06317677123374224
AL,2018-01,1.7,NA,1.70476190476192,0.004761904761920066,0.05960498866213152,1.7026683608640347,0.002668360864034769,0.06281465491492148
AL,2018-02,1.6,NA,1.6212649637100673,0.021264963710067253,0.059502368977458295,1.6224374292541643,0.022437429254164254,0.0626790615915768
AL,2018-03,1.4,NA,1.3588229781651195,-0.04117702183488037,0.059434861914448744,1.3628407101775375,-0.037159289822462416,0.06258832462554248
AL,2018-04,1.7,NA,1.6696538062446864,-0.030346193755313555,0.05951182217744763,1.6740088105726914,-0.025991189427308603,0.06269188224106814
AL,2018-05,1.8,NA,1.821319018404921,0.02131901840492101,0.05967318438546803,1.816089013940414,0.016089013940413954,0.0629054923272759
AL,2018-06,2.1,NA,2.0969603693728356,-0.0030396306271645024,0.059719938455625864,2.091889117043122,-0.008110882956878118,0.06296790869590882
AL,2018-07,2.3,NA,2.314321681030318,0.014321681030318167,0.05979540629810354,2.3126614987079908,0.012661498707990937,0.0630692933784695
AL,2018-08,2.1,NA,2.0600693107431622,-0.03993068925683785,0.05972564831106773,2.054970459799632,-0.04502954020036798,0.06297553111095554
AL,2018-09,1.9,NA,1.8875155696081336,-0.012484430391866308,0.059671721546881676,1.879074523839952,-0.020925476160047918,0.06290291924605906
AL,2018-10,1.3,NA,1.2427110218908188,-0.05728897810918121,0.059618712887003676,1.2499999999999956,-0.050000000000004485,0.06283482142857143
AL,2018-11,1.4,NA,1.443556924261391,0.04355692426139113,0.05969317471486197,1.4381099126861807,0.0381099126861808,0.06293259565438407
AL,2018-12,1.8,NA,1.8197408536585469,0.01974085365854683,0.059614126374507366,1.817719588153044,0.017719588153043864,0.06282685392069105
AL,2019-01,2.4,NA,2.4065923775634435,0.006592377563443552,0.059476851408257495,2.398800599700124,-0.0011994002998760855,0.06264360323586332
AL,2019-02,2.3,NA,2.263240886745188,-0.03675911325481174,0.059380541734845804,2.2648514851485224,-0.03514851485147741,0.06251638932457602
AL,2019-03,1.5,NA,1.470044378698221,-0.02995562130177909,0.05931351906336438,1.4555322560749984,-0.044467743925001635,0.0624247892103167
AL,2019-04,1.6,NA,1.5680089070328362,-0.03199109296716385,0.05935090039464803,1.5721713295370199,-0.02782867046298021,0.06247661372428429
AL,2019-05,1.7,NA,1.6569384296742706,-0.043061570325729326,0.059492418491323404,1.6580831553824948,-0.04191684461750511,0.06266537389494929
AL,2019-06,1.5,NA,1.5262860373092213,0.0262860373092213,0.05949341841140519,1.5210559396606094,0.02105593966060937,0.06266631401254938
AL,2019-07,1.5,NA,1.5332197614991605,0.033219761499160505,0.059536873923977815,1.5405985604243,0.04059856042429999,0.06272512934464101
AL,2019-08,1.5,NA,1.4997170345217858,-2.8296547821415885e-4,0.05950291063169788,1.4976088598037007,-0.0023911401962992684,0.06267918505284444
AL,2019-09,1.4,NA,1.4105698702275626,0.010569870227562728,0.059470122713476944,1.4178168130489333,0.017816813048933344,0.06263599854536067
AL,2019-10,1.6,NA,1.586252478519512,-0.013747521480488079,0.059516865852068716,1.5873015873016039,-0.012698412698396222,0.06269761284878443
AL,2019-11,1.8,NA,1.8404325965278412,0.04043259652784115,0.05957406472803946,1.848101265822777,0.04810126582277685,0.06277519628264701
AL,2019-12,1.4,NA,1.4503602507719648,0.05036025077196493,0.05942501919391653,1.4481897627965257,0.04818976279652576,0.06257479336846421
AL,2020-01,1.6,NA,1.600219458668617,2.1945866861683427e-4,0.05921727411570358,1.6105417276720546,0.010541727672054524,0.06229932538602197
AL,2020-02,1.4,NA,1.3786848072562252,-0.02131519274377469,0.059132820172664684,1.3796441970228779,-0.02035580297712203,0.06218562532960323
AL,2020-03,2.6,NA,2.6241457858769968,0.024145785876996673,0.059231168372932894,2.6261398176291806,0.026139817629180495,0.06231769846915679
AL,2020-04,2.3,NA,2.311135470905268,0.011135470905268008,0.059240483030551995,2.315661182205986,0.015661182205986002,0.06232880324084132
AL,2020-05,2.8,NA,2.7782922763474716,-0.021707723652528266,0.05938962272070511,2.780180402817245,-0.019819597182754833,0.06252812185857021
AL,2020-06,2.2,NA,2.23645137342241,0.036451373422409894,0.05938365123299102,2.241208519068838,0.04120851906883782,0.06252112484640099
AL,2020-07,2.2,NA,2.1532438478747196,-0.046756152125280614,0.05942175819574361,2.1514736973013315,-0.048526302698668644,0.06257004562226721
AL,2020-08,2.1,NA,2.0630052969054846,-0.03699470309451547,0.059388672302616186,2.058276503409795,-0.041723496590205134,0.06252686153151951
AL,2020-09,2.3,NA,2.318249258160243,0.018249258160243365,0.059380482625100164,2.3134974638129524,0.013497463812952581,0.06251475302881436
AL,2020-10,2.9,NA,2.8720141277070343,-0.027985872292965563,0.059428014412478254,2.864583333333326,-0.03541666666667398,0.0625784091848545
AL,2020-11,2.2,NA,2.170470423847237,-0.02952957615276297,0.05941641688047729,2.162565249813575,-0.03743475018642517,0.0625629235178855
AL,2020-12,1.5,NA,1.5126360450101517,0.012636045010151697,0.05929314868313089,1.5136598572483173,0.013659857248317309,0.0623993145371184
AL,2021-01,0.6,NA,0.5580055800558092,-0.04199441994419073,0.05902520050310754,0.5523535062439855,-0.047646493756014485,0.06204084735268035
AL,2021-02,1.3,NA,1.350988637380346,0.05098863738034587,0.05900738072100655,1.3489315984242634,0.04893159842426331,0.062017961776198186
AL,2021-03,1.4,NA,1.3850661457870839,-0.014933854212916042,0.058940116582872557,1.3860916952967761,-0.013908304703223795,0.06192904227551811
AL,2021-04,2.1,NA,2.089285714285727,-0.010714285714273242,0.0590218431122449,2.084574151280516,-0.015425848719484048,0.062036007989951195
AL,2021-05,2.3,NA,2.3337538295188143,0.03375382951881445,0.059115775537462556,2.3322914162058117,0.032291416205811885,0.062162316146682245
AL,2021-06,2.1,NA,2.0967595534174377,-0.003240446582562395,0.05917204137031032,2.0951919583383827,-0.004808041661617413,0.062237809855779244
AL,2021-07,2.7,NA,2.664476685829009,-0.03552331417099097,0.05924648584203983,2.6540053567080557,-0.04599464329194447,0.06233589027006989
AL,2021-08,2.7,NA,2.64954930346899,-0.05045069653101031,0.0592256008969985,2.660673065241159,-0.03932693475884097,0.06231081721936831
AL,2021-09,2.6,NA,2.6463657785028127,0.04636577850281265,0.059182815197503305,2.6481257557436466,0.048125755743646526,0.062252002766369025
AL,2021-10,2.5,NA,2.4846404047704995,-0.015359595229500478,0.05914730034354764,2.4954792043399454,-0.0045207956600545884,0.06220587578085232
AL,2021-11,3.3,NA,3.3278628738147242,0.02786287381472441,0.059269140357121386,3.3333333333333215,0.03333333333332167,0.06236820762368208
AL,2021-12,3.8,NA,3.825186262038871,0.0251862620388712,0.0592597304316754,3.8307673657413055,0.030767365741305674,0.06235487740124508
AL,2022-01,3.8,NA,3.8485635012977637,0.04856350129776388,0.05912237373584972,3.8452352519703803,0.045235251970380475,0.0621713180828738
AL,2022-02,4,NA,4.02542372881356,0.0254237288135597,0.059005359451307096,4.0282685512367244,0.02826855123672445,0.06201579909017885
AL,2022-03,5.7,NA,5.674752605306943,-0.025247394693057146,0.05900581279469774,5.678896938537048,-0.021103061462952155,0.062016761915081625
AL,2022-04,6.1,NA,6.148329543466846,0.04832954346684648,0.05901470743149671,6.14935822637106,0.049358226371060354,0.062027383793837286
AL,2022-05,6,NA,5.9963018402747315,-0.003698159725268546,0.059069133655026626,5.991541353383445,-0.008458646616555043,0.06210006704378428
AL,2022-06,6.6,NA,6.623399715504985,0.02339971550498543,0.05918489507981441,6.631079478054569,0.031079478054569343,0.06225569866417881
AL,2022-07,7.2,NA,7.199360056883819,-6.399431161812075e-4,0.05920804195435445,7.210626185958269,0.010626185958268586,0.062287157624878936
AL,2022-08,7.7,NA,7.734610608479686,0.034610608479686,0.05921299497110519,7.727810650887568,0.027810650887567512,0.06229158642904661
AL,2022-09,7.9,NA,7.902171993642937,0.0021719936429365205,0.059178093413104496,7.892566851219218,-0.007433148780782162,0.062244820759289624
AL,2022-10,8,NA,8.040201005025116,0.04020100502511603,0.05917042233117452,8.033403904963542,0.033403904963542175,0.06223438037549774
AL,2022-11,8,NA,7.994352775081626,-0.005647224918374327,0.05917649134276369,7.993878031551693,-0.006121968448306703,0.062243576526462896
AL,2022-12,7.5,NA,7.5435372363700015,0.04353723637000151,0.0590812784298753,7.53064798598948,0.030647985989480375,0.062115040746409195
AL,2023-01,7.1,NA,7.092993191416008,-0.007006808583991386,0.0589241141597611,7.095216191352338,-0.0047838086476614805,0.061907498631057524
AL,2023-02,6.8,NA,6.8397827562797,0.03978275627969996,0.05877629763901391,6.83876811594204,0.038768115942040104,0.06170962228917245
AL,2023-03,5.5,NA,5.452888041766801,-0.04711195823319869,0.058513006051287265,5.451127819548884,-0.04887218045111563,0.06135842148493747
AL,2023-04,5,NA,5.001235890252942,0.001235890252941907,0.058445300975951756,4.990656260305593,-0.0093437396944073825,0.061266937246361744
AL,2023-05,5.6,NA,5.615550755939536,0.015550755939536032,0.05854027042515117,5.619596541786742,0.019596541786742527,0.06139545536143798
AL,2023-06,5.8,NA,5.795047110814622,-0.004952889185378062,0.058579798512082656,5.795972855712539,-0.004027144287460871,0.061447100503710786
AL,2023-07,5,NA,5.007876627145347,0.00787662714534676,0.058498792663425316,5.011061946902662,0.011061946902661823,0.06133910740856763
AL,2023-08,4.7,NA,4.6764366869751495,-0.023563313024850707,0.058425672513048546,4.679775898055594,-0.020224101944406492,0.0612424352355298
AL,2023-09,4.9,NA,4.893216594386707,-0.006783405613293603,0.05838283350766659,4.902281908505279,0.0022819085052789845,0.06118584353687659
AL,2023-10,4.7,NA,4.740922072623444,0.040922072623443384,0.05835336279366069,4.735982580293974,0.0359825802939735,0.06114512697769701
AL,2023-11,4.5,NA,4.493831195359088,-0.006168804640911851,0.058354188708038206,4.491442276245494,-0.008557723754505808,0.06114637753604303
AL,2023-12,4.5,NA,4.499959313206925,-4.068679307511758e-5,0.05832044752678033,4.50597176981542,0.005971769815420025,0.06110238717534286
AL,2024-01,3.8,NA,3.798487043296306,-0.0015129567036940017,0.05820048636098891,3.801138193922471,0.0011381939224710536,0.06094175551347163
AL,2024-02,2.8,NA,2.77204130262112,-0.027958697378879904,0.05805290076658543,2.776600254345074,-0.023399745654925752,0.06074483892827179
AL,2024-03,2.4,NA,2.444007858546171,0.044007858546171175,0.05795457791192716,2.4431162839467335,0.04311628394673361,0.06061356381901786
AL,2024-04,2.3,NA,2.299121155053374,-8.78844946625712e-4,0.05793703394362262,2.303423725264353,0.0034237252643531946,0.060590693316158746
AL,2024-05,2.5,NA,2.5011798017932962,0.0011798017932962424,0.05796370850250879,2.497638786861156,-0.002361213138843965,0.06062533522861062
AL,2024-06,2.5,NA,2.514186633039084,0.014186633039083851,0.05798054014159203,2.5026288117770967,0.002628811777096729,0.06064682591018807
AL,2024-07,2.5,NA,2.5108566916699715,0.010856691669971497,0.05799490156698263,2.4965764247339983,-0.003423575266001677,0.06066557339222238
AL,2024-08,2.4,NA,2.4225263489067173,0.02252634890671734,0.057960615319683294,2.4241788225417116,0.024178822541711664,0.06062148068121218
AL,2024-09,2.3,NA,2.324674311568753,0.024674311568753104,0.05789159350618492,2.3209825145712015,0.020982514571201705,0.06052877719164089
AL,2024-10,2.3,NA,2.2904331567466407,-0.009566843253359103,0.057879808084946506,2.297297297297285,-0.0027027027027148876,0.06051441254143957
AL,2024-11,2.4,NA,2.369223551489541,-0.03077644851045891,0.0579118470385288,2.3787167449139224,-0.021283255086077535,0.060557053559985086
AL,2024-12,2.5,NA,2.452888958106225,-0.0471110418937748,0.057882451680349875,2.4519480519480608,-0.04805194805193924,0.060516984314386915
AL,2025-01,2.4,NA,2.442239106838273,0.042239106838273255,0.05784781513051784,2.441295127754217,0.04129512775421729,0.06047074041211101
AL,2025-02,2.4,NA,2.4499574928510848,0.04995749285108486,0.0578232459035803,2.443802845947607,0.04380284594760697,0.060437399610535555
AL,2025-03,2.5,NA,2.5237803007057247,0.023780300705724677,0.057767865154215475,2.528147389969293,0.028147389969293002,0.060364797716989216
AL,2025-04,2.6,NA,2.5772800490910353,-0.022719950908964837,0.057769321164726974,2.579060485109008,-0.020939514890991884,0.060366342262056547
AL,2025-05,2.3,NA,2.279005524861888,-0.020994475138111923,0.057760858100247926,2.2831985256476006,-0.016801474352399204,0.06035544171831922
AL,2025-06,2.5,NA,2.452525563158292,-0.047474436841707934,0.05778244505124773,2.451784981534666,-0.04821501846533405,0.060384272926832926
AL,2025-07,2.4,NA,2.4031425710544285,0.003142571054428611,0.057794929622238866,2.4049331963001075,0.0049331963001075785,0.0604010757038181
AL,2025-08,2.3,NA,2.288434956227925,-0.011565043772074901,0.05776717996299447,2.28483606557377,-0.015163934426229986,0.060362952667293746
AL,2025-09,2.3,NA,2.2489898604864056,-0.05101013951359423,0.05770942249982795,2.258162953921272,-0.041837046078727624,0.060286754295286404
AL,2025-10,2.2,NA,2.155369383092154,-0.04463061690784631,0.057698224272014174,2.154252616604002,-0.04574738339599804,0.06027102187870156
AL,2025-11,2.1,NA,2.0928811487931576,-0.007118851206842525,0.057718182139810316,2.0890655253235524,-0.010934474676447703,0.06029700731301965
AL,2025-12,2.1,NA,2.1509462643459765,0.05094626434597638,0.05768225835161306,2.1498833789676652,0.04988337896766515,0.06024996873435593
AL,2026-01,2.3,NA,2.2931960947551566,-0.0068039052448432,0.05765508196831739,2.292234676360705,-0.007765323639294941,0.06021368447320816
AL,2026-02,2.5,NA,2.4668074834037546,-0.03319251659624545,0.057636798713163996,2.4660291897332653,-0.03397081026673465,0.06018953342676061
AL,2026-03,2.5,NA,2.551440329218102,0.05144032921810204,0.05757768201755399,2.5456723569931006,0.04567235699310057,0.06011009645387806
AL,2026-04,2.8,NA,2.7592911089508787,-0.04070889104912112,0.057580920179052975,2.753666566896129,-0.046333433103870725,0.06011442016197227
AL,2026-05,3.3,NA,3.271063095506044,-0.028936904493956028,0.05762514303756869,3.2732732732732694,-0.026726726726730377,0.060173837501164826
AL,2026-06,3.2,NA,3.1817499624793744,-0.018250037520625817,0.057623508553297294,3.1941523981175557,-0.005847601882444486,0.06017293243206757
AL,2026-07,3.4,NA,3.3621662279052167,-0.037833772094783225,0.057648069433166804,3.362103572862307,-0.0378964271376927,0.060204842612046484
AL,2026-08,3,NA,3.0180180180180205,0.0180180180180205,0.05762079647214783,3.015125713713318,0.015125713713318056,0.060168041957012586
EA,1997-01,2.1,NA,2.0431168099196872,-0.05688319008031284,0.06423440304423839,2.0500725689404975,-0.04992743105950259,0.06832819961619563
EA,1997-02,1.8,NA,1.8235376630663547,0.02353766306635463,0.06415510854699581,1.8240924688459614,0.02409246884596139,0.068225039955648
EA,1997-03,1.5,NA,1.5515795359239526,0.05157953592395259,0.0640866354162653,1.529602303401112,0.029602303401111918,0.06813294964039959
EA,1997-04,1.3,NA,1.3117499302260693,0.011749930226069294,0.06404631244280115,1.3115343154868953,0.011534315486895208,0.06808404009301895
EA,1997-05,1.4,NA,1.3504106919114633,-0.049589308088536566,0.06401576017624332,1.3622512995160374,-0.037748700483962505,0.06804644661225273
EA,1997-06,1.4,NA,1.3780623608017795,-0.02193763919822045,0.06401573373891994,1.3620071684588009,-0.037992831541199035,0.06804319060649272
EA,1997-07,1.5,NA,1.475501113585742,-0.024498886414257903,0.06402251538930859,1.487721813945142,-0.012278186054857976,0.06805769150510353
EA,1997-08,1.7,NA,1.6991643454038918,-8.356545961081263e-4,0.06404590280956853,1.7216642754662947,0.02166427546629479,0.06808838452972259
EA,1997-09,1.6,NA,1.5848741832336755,-0.015125816766324629,0.06401257293085177,1.5750850187936427,-0.02491498120635738,0.06803965321449737
EA,1997-10,1.5,NA,1.5138888888889035,0.013888888888903494,0.0639940200617284,1.5200286123032924,0.020028612303292448,0.06801860055546347
EA,1997-11,1.6,NA,1.6247743368976497,0.02477433689764963,0.0639997760267253,1.6270337922403177,0.027033792240317656,0.06802494491259077
EA,1997-12,1.5,NA,1.4821997506579976,-0.017800249342002417,0.0639549937491798,1.4802924915284343,-0.01970750847156566,0.06796685326302199
EA,1998-01,1.1,NA,1.0770505385252704,-0.02294946147472965,0.06388270163894817,1.0844444444444434,-0.015555555555556655,0.06787417283950617
EA,1998-02,1.1,NA,1.1158561785370003,0.015856178537000165,0.06385286239003561,1.1174175239446527,0.01741752394465257,0.06783588307236119
EA,1998-03,1.1,NA,1.1149346180316488,0.01493461803164875,0.06384135819807513,1.1343495214462873,0.03434952144628722,0.0678247385254738
EA,1998-04,1.4,NA,1.3911845730027572,-0.008815426997242692,0.06386991629290653,1.3832239758822418,-0.016776024117758137,0.06785628870153239
EA,1998-05,1.3,NA,1.3186813186813362,0.018681318681336156,0.06382683250815119,1.3085764809902756,0.008576480990275526,0.06779916679761187
EA,1998-06,1.3,NA,1.3318687354112235,0.03186873541122348,0.06382204234075321,1.343705799151329,0.043705799151328995,0.06779912533585143
EA,1998-07,1.3,NA,1.27572016460904,-0.024279835390960125,0.06380491907850543,1.2716354645001982,-0.02836453549980189,0.06777389928157014
EA,1998-08,1.1,NA,1.1366748835935248,0.036674883593524665,0.06377271123552408,1.128349788434413,0.028349788434412826,0.06772993210405805
EA,1998-09,1,NA,0.9853565074586124,-0.014643492541387637,0.06375293256517439,1.0044052863436237,0.004405286343623693,0.06770963923227698
EA,1998-10,0.9,NA,0.930359830346128,0.03035983034612799,0.06374540702081996,0.933591685749513,0.03359168574951299,0.0676971632627928
EA,1998-11,0.8,NA,0.8062312107133041,0.006231210713304014,0.06372002126337205,0.8092892329345514,0.009289232934551306,0.0676644343097233
EA,1998-12,0.8,NA,0.7507507507507505,-0.04924924924924956,0.06370125243999118,0.7557117750439435,-0.044288224956056554,0.06764109945299157
EA,1999-01,0.8,NA,0.7650273224043769,-0.03497267759562317,0.06371345815043745,0.756243404854029,-0.04375659514597108,0.0676535564021152
EA,1999-02,0.7,NA,0.7356948228882665,0.03569482288826653,0.06367409365278531,0.7367128573934512,0.036712857393451204,0.06760539491820676
EA,1999-03,0.9,NA,0.9392866866321903,0.03928668663219026,0.06367678237725512,0.9288468279004647,0.028846827900464667,0.06760680396318791
EA,1999-04,1.1,NA,1.073223746773544,-0.02677625322645616,0.06365801003578139,1.0669931782403275,-0.03300682175967262,0.06758500902380972
EA,1999-05,0.9,NA,0.9354663774403527,0.03546637744035264,0.06362089658198485,0.9425728748472695,0.04257287484726946,0.06753731653646773
EA,1999-06,0.9,NA,0.880758807588089,-0.019241192411911023,0.06360980750728917,0.8722958827634297,-0.02770411723657029,0.06752200766597727
EA,1999-07,1,NA,1.0158472165786359,0.01584721657863586,0.06361342592554373,1.0115102895012162,0.011510289501216242,0.0675280354281044
EA,1999-08,1.1,NA,1.1103588354773208,0.01035883547732075,0.06361613803896259,1.0983263598326465,-0.0016736401673536072,0.06752949148882781
EA,1999-09,1.2,NA,1.2467814066946525,0.04678140669465258,0.06363645354429426,1.221214235868806,0.02121423586880611,0.06755244367026071
EA,1999-10,1.3,NA,1.3148976548732483,0.014897654873248234,0.06364476736172382,1.308900523560208,0.008900523560207985,0.06756622168617454
EA,1999-11,1.4,NA,1.4504541141385552,0.05045411413855527,0.0636539551385481,1.4485165794066335,0.048516579406633564,0.06757840458808087
EA,1999-12,1.7,NA,1.7341823601138007,0.034182360113800714,0.06366577580003481,1.7268445839874413,0.026844583987441384,0.06759348025326944
EA,2000-01,1.9,NA,1.8573752711496638,-0.04262472885033608,0.06368339040612457,1.8502356432187117,-0.04976435678128821,0.0676165330461877
EA,2000-02,1.9,NA,1.934000540979186,0.034000540979186145,0.06365526105903295,1.932787741598463,0.03278774159846298,0.06758077553034986
EA,2000-03,2,NA,1.9554956169925752,-0.044504383007424764,0.06361803746574461,1.9621462059385308,-0.03785379406146916,0.06753448048323829
EA,2000-04,1.7,NA,1.7069892473118298,0.006989247311829816,0.06355557723436235,1.7133956386292892,0.013395638629289275,0.06745529557274396
EA,2000-05,1.7,NA,1.7595701813297504,0.05957018132975045,0.06355000471331966,1.7464983572540227,0.04649835725402274,0.06744306574072748
EA,2000-06,2.1,NA,2.1356615177971827,0.03566151779718263,0.06357526269427785,2.144586648218616,0.04458664821861591,0.0674805073199774
EA,2000-07,2.1,NA,2.091713596138378,-0.008286403861621938,0.06354865336525466,2.106353591160226,0.006353591160225935,0.06744702638045237
EA,2000-08,2.1,NA,2.0490156689433547,-0.05098433105664535,0.06352946401961587,2.06932229694774,-0.030677703052260252,0.0674227730899248
EA,2000-09,2.4,NA,2.395930932940704,-0.004069067059295772,0.06354543775484814,2.412961047914508,0.01296104791450814,0.0674433782357734
EA,2000-10,2.4,NA,2.3815895103023843,-0.018410489697615606,0.06353904131056345,2.3944875107665853,-0.00551248923341463,0.06743277239541487
EA,2000-11,2.4,NA,2.4585783003741257,0.058578300374125813,0.06352609422102981,2.442800619301555,0.0428006193015551,0.06741293657485821
EA,2000-12,2.5,NA,2.49034491943001,-0.009655080569990204,0.06348317651614263,2.503429355281206,0.0034293552812059147,0.06736140512305223
EA,2001-01,2,NA,1.9965393318248426,-0.003460668175157444,0.06344313452228303,2.0051413881748026,0.005141388174802586,0.06730978075305696
EA,2001-02,2,NA,1.9769138914687456,-0.023086108531254368,0.06339902573248433,1.9644687393235438,-0.03553126067645618,0.06725012544749945
EA,2001-03,2.2,NA,2.208994708994716,0.008994708994715772,0.0633736107611769,2.1968664850136266,-0.003133514986373598,0.06721703563394191
EA,2001-04,2.7,NA,2.722347033170358,0.02234703317035791,0.06339515970881263,2.722477454483574,0.022477454483573744,0.06724710544959023
EA,2001-05,3.1,NA,3.0887011615628124,-0.011298838437187708,0.0634034253670514,3.0931339225016785,-0.006866077498321577,0.06725808411985909
EA,2001-06,2.9,NA,2.8537611783271855,-0.046238821672814456,0.06333862185549233,2.8614967829326154,-0.038503217067384465,0.06717418699483005
EA,2001-07,2.5,NA,2.4822695035461084,-0.017730496453891575,0.06329670800522368,2.485627324991535,-0.014372675008464952,0.06711917714955964
EA,2001-08,2.3,NA,2.3228346456692917,0.02283464566929183,0.0632757765515531,2.314580165568514,0.014580165568514047,0.06709026695096879
EA,2001-09,2.2,NA,2.19607843137255,-0.003921568627450078,0.06321542996283482,2.1878155503197494,-0.012184449680250786,0.06701344795946818
EA,2001-10,2.2,NA,2.260846837428132,0.060846837428131906,0.06321620797421773,2.2375504710632654,0.037550471063265256,0.06701190700463183
EA,2001-11,2,NA,1.9692227438706134,-0.030777256129386643,0.06316961546321535,1.981528127623844,-0.018471872376156107,0.06695898640870057
EA,2001-12,2,NA,2.053014553014565,0.053014553014564925,0.06312714491638609,2.0408163265306145,0.04081632653061451,0.06689869658134248
EA,2002-01,2.6,NA,2.609943886206456,0.009943886206456032,0.0632200146082609,2.620967741935476,0.020967741935475903,0.06702125065036421
EA,2002-02,2.5,NA,2.4720270621910068,-0.027972937808993237,0.06317148237458958,2.4794772993801395,-0.0205227006198605,0.06696092120115431
EA,2002-03,2.5,NA,2.5106768474181473,0.01067684741814734,0.06310409452875748,2.51624729211799,0.016247292117990142,0.0668735416840625
EA,2002-04,2.4,NA,2.35430335777691,-0.04569664222308978,0.06301648677201704,2.3687261885042332,-0.03127381149576669,0.06676070284814513
EA,2002-05,2.1,NA,2.0614596670934793,-0.03854033290652081,0.06293607296204184,2.060666007253542,-0.03933399274645799,0.06665518183376637
EA,2002-06,1.9,NA,1.8667689553765632,-0.033231044623436734,0.06290543210301602,1.8600823045267445,-0.03991769547325541,0.06661399854358245
EA,2002-07,2,NA,1.9992310649750156,-7.689350249844296e-4,0.06294369031558215,1.9963702359346636,-0.0036297640653364383,0.066663617409333
EA,2002-08,2.1,NA,2.1418494292676726,0.041849429267672544,0.06296279655183197,2.1466314398943087,0.046631439894308624,0.06668978132760026
EA,2002-09,2.1,NA,2.1233051931440317,0.023305193144031566,0.06292679107144691,2.1245059288537593,0.02450592885375924,0.0666439810547475
EA,2002-10,2.3,NA,2.274760383386587,-0.025239616613412785,0.06292490481682982,2.28731281882506,-0.01268718117493961,0.06664368214734451
EA,2002-11,2.3,NA,2.2765059470520432,-0.02349405294795659,0.06293493451509477,2.2723530380372114,-0.027646961962788374,0.06665341289626521
EA,2002-12,2.3,NA,2.317290552584672,0.01729055258467227,0.06287988862697891,2.31147540983605,0.011475409836050332,0.06658290782047838
EA,2003-01,2.1,NA,2.123871295943025,0.02387129594302495,0.0628528469601897,2.111984282907664,0.011984282907663957,0.06654485791444889
EA,2003-02,2.4,NA,2.361604875571355,-0.03839512442864512,0.06284672453501595,2.370443027627922,-0.029556972372077883,0.06654164157492463
EA,2003-03,2.4,NA,2.3608130286580042,-0.03918697134199567,0.06277369101304495,2.3732119635890614,-0.02678803641093852,0.06644775779938142
EA,2003-04,2.1,NA,2.073906485671184,-0.026093514328815903,0.06269946621956204,2.055016181229785,-0.044983818770214956,0.0663474932185461
EA,2003-05,1.8,NA,1.8065487391795365,0.006548739179536467,0.06265879743690751,1.8090776934259534,0.009077693425953326,0.06629858485651963
EA,2003-06,2,NA,1.983180620057734,-0.01681937994226601,0.06267623827162407,1.9877181641887454,-0.012281835811254638,0.06632092098934944
EA,2003-07,1.9,NA,1.9349164467897806,0.034916446789780675,0.06268594776019537,1.9249433840181185,0.024943384018118575,0.06633168419476045
EA,2003-08,2,NA,2.0215971873430494,0.021597187343049384,0.06268342523777895,2.0206918849013933,0.020691884901393287,0.06632886290695938
EA,2003-09,2.1,NA,2.1292585170340717,0.029258517034071563,0.06265839544821106,2.1286889211417526,0.028688921141752477,0.06629807199815689
EA,2003-10,2,NA,2.0367362239160247,0.03673622391602471,0.06262256255303736,2.0270270270270396,0.02702702702703963,0.06625056523705172
EA,2003-11,2.2,NA,2.1633112417156486,-0.036688758284351586,0.062639946932707,2.1574625664144254,-0.042537433585574824,0.06627414768687928
EA,2003-12,2,NA,1.9785963165754206,-0.021403683424579434,0.06256711027355497,1.9868610799551378,-0.013138920044862168,0.06618225132830918
EA,2004-01,1.8,NA,1.793275217932755,-0.006724782067245139,0.06256496109700703,1.7957351290684764,-0.004264870931523612,0.06617730761015461
EA,2004-02,1.6,NA,1.6373108409823756,0.03731084098237547,0.06250541496160893,1.6288725646758317,0.028872564675831658,0.06609939895917247
EA,2004-03,1.7,NA,1.7020226936359073,0.0020226936359073466,0.062438457245537496,1.6989520482692866,-0.0010479517307133701,0.06601293680916714
EA,2004-04,2.1,NA,2.05639699544391,-0.04360300455609023,0.0624403643021453,2.0612018392262677,-0.03879816077373244,0.06601880464874157
EA,2004-05,2.4,NA,2.4522489217498444,0.052248921749844524,0.0624739524905576,2.4432809773123676,0.043280977312367686,0.06605927978560308
EA,2004-06,2.4,NA,2.3753846153846236,-0.024615384615376268,0.062453869822485214,2.376802408493117,-0.02319759150688272,0.06603365571292134
EA,2004-07,2.3,NA,2.3049426845803023,0.004942684580302448,0.062467949136236926,2.317092524996034,0.017092524996034086,0.06605436379344518
EA,2004-08,2.4,NA,2.3630769230769344,-0.03692307692306551,0.062453112426035504,2.3609570591031526,-0.039042940896847345,0.06603240033743489
EA,2004-09,2.1,NA,2.1093941623743007,0.009394162374300574,0.06239326675020691,2.115900836886153,0.01590083688615307,0.06595735834808827
EA,2004-10,2.4,NA,2.3634582414891137,-0.03654175851088626,0.062390610962618734,2.365184484389782,-0.03481551561021812,0.06595436648410516
EA,2004-11,2.3,NA,2.2399020807833514,-0.06009791921664842,0.06237698299148001,2.2537431048069267,-0.04625689519307308,0.065938041221813
EA,2004-12,2.3,NA,2.318486882245252,0.01848688224525219,0.06234401994400521,2.3252160251374665,0.02521602513746668,0.06589357549294089
EA,2005-01,1.9,NA,1.932958160019571,0.03295816001957119,0.062352150609250034,1.9215624507796347,0.021562450779634812,0.06590183985279412
EA,2005-02,2.1,NA,2.050280693190154,-0.04971930680984604,0.06232916040353857,2.058453802639848,-0.04154619736015208,0.06587511422082337
EA,2005-03,2.2,NA,2.1707494542808625,-0.029250545719137655,0.06225871631422998,2.1545667447306904,-0.04543325526930975,0.06578099662332013
EA,2005-04,2.1,NA,2.075289575289574,-0.02471042471042617,0.06219083551974479,2.0817150846667465,-0.018284915333253604,0.06569688636668221
EA,2005-05,2,NA,1.972576377195101,-0.02742362280489896,0.062146534542770936,1.9823447421403184,-0.017655257859681583,0.06564057184002946
EA,2005-06,2,NA,2.0317383986535154,0.031738398653515354,0.06214424972341029,2.0275499148738607,0.027549914873860715,0.06563438708519377
EA,2005-07,2.1,NA,2.1445783132530094,0.044578313253009316,0.06217738423573814,2.1405304792926794,0.04053047929267928,0.06567710023881594
EA,2005-08,2.2,NA,2.176265480341466,-0.023734519658534126,0.06215439854997845,2.182662538699698,-0.017337461300302337,0.06564881288999225
EA,2005-09,2.6,NA,2.594282969012718,-0.005717030987282268,0.06216636337791333,2.597804236894996,-0.0021957631050040227,0.06566397125691163
EA,2005-10,2.4,NA,2.440483311400876,0.04048331140087624,0.06210913286944616,2.449168207024033,0.049168207024032906,0.06559220334311645
EA,2005-11,2.3,NA,2.2985753621453497,-0.0014246378546500793,0.06210933648761795,2.296547472256494,-0.0034525277435060175,0.06559005452159807
EA,2005-12,2.2,NA,2.2540250447227184,0.054025044722718185,0.062060466609703206,2.241670505143567,0.04167050514356685,0.06552599957816241
EA,2006-01,2.4,NA,2.4363898223715763,0.0363898223715764,0.062148127089676646,2.441662803276179,0.041662803276178995,0.06564222398418144
EA,2006-02,2.4,NA,2.3558957187275853,-0.044104281272414614,0.062099730669620164,2.355658198614319,-0.04434180138568111,0.06557780278665237
EA,2006-03,2.2,NA,2.183976261127607,-0.016023738872393167,0.061999049036268704,2.1855418003973615,-0.014458199602638722,0.06545052283359296
EA,2006-04,2.4,NA,2.4349881796690287,0.034988179669028785,0.061964242800216854,2.4349414092223576,0.03494140922235767,0.06540366317221294
EA,2006-05,2.5,NA,2.4887945270110956,-0.011205472988904397,0.06194201430331512,2.4905087319665897,-0.009491268033410272,0.06537513354077196
EA,2006-06,2.5,NA,2.462589843289731,-0.03741015671026915,0.061927806636225394,2.457524271844669,-0.04247572815533118,0.06535630493566782
EA,2006-07,2.4,NA,2.4416135881103918,0.04161358811039184,0.06193923175207068,2.4449506454062186,0.04495064540621874,0.06537167430868689
EA,2006-08,2.3,NA,2.2946575664862356,-0.005342433513764178,0.06190248632422254,2.287532192092101,-0.012467807907898809,0.06532249145524104
EA,2006-09,1.8,NA,1.7677358932334464,-0.03226410676655367,0.061810333405129564,1.7633760361718265,-0.03662396382817357,0.0652044744563807
EA,2006-10,1.6,NA,1.5999065747985597,-9.342520144040023e-5,0.061771569927291756,1.5937453014584158,-0.006254698541584336,0.06515514548950974
EA,2006-11,1.9,NA,1.8490345231129357,-0.05096547688706421,0.06181094409146361,1.8532469489226822,-0.04675305107731775,0.06520666317228588
EA,2006-12,1.9,NA,1.90109633776534,0.0010963377653401274,0.06177403174351326,1.9071932722630969,0.0071932722630969614,0.06516047404056638
EA,2007-01,1.8,NA,1.8394844756883577,0.03948447568835767,0.0618242228749671,1.8403982501131289,0.04039825011312881,0.0652240457271167
EA,2007-02,1.9,NA,1.8460100479027908,-0.05398995209720914,0.06179144818599736,1.8501805054151443,-0.04981949458485557,0.06518127109697767
EA,2007-03,1.9,NA,1.9282146590777094,0.02821465907770948,0.0617277392646694,1.9443613520789604,0.044361352078960525,0.06510203121089433
EA,2007-04,1.9,NA,1.9039926148165298,0.003992614816529905,0.06164920335880548,1.9016490863170477,0.0016490863170477432,0.06499789400433198
EA,2007-05,1.9,NA,1.8759350903441163,-0.024064909655883593,0.0616167530838039,1.8669432508519934,-0.03305674914800649,0.06495532251080546
EA,2007-06,1.9,NA,1.897424103035883,-0.002575896964116975,0.06160863754042295,1.8951732306780933,-0.004826769321906621,0.06494634092616805
EA,2007-07,1.8,NA,1.773172135866452,-0.026827864133547985,0.0616161872271656,1.7640083012155472,-0.03599169878445285,0.06495434392982624
EA,2007-08,1.7,NA,1.7485333026572958,0.04853330265729583,0.061604079909275127,1.747630331753558,0.04763033175355802,0.06493984229352441
EA,2007-09,2.1,NA,2.128149085471054,0.02814908547105377,0.06162591447632987,2.117890995260674,0.017890995260673836,0.06496726088531256
EA,2007-10,2.5,NA,2.5402298850574656,0.04022988505746561,0.061640243096842386,2.5455083616990004,0.04550836169900041,0.06498782805695569
EA,2007-11,3,NA,3.056417327358374,0.0564173273583739,0.061665886322380695,3.04733727810651,0.047337278106510006,0.06501829417737474
EA,2007-12,3.1,NA,3.0674144443172624,-0.03258555568273769,0.06162111791486307,3.065134099616862,-0.03486590038313819,0.06496206410990399
EA,2008-01,3.2,NA,3.1983433041877563,-0.0016566958122439246,0.06168881404188839,3.199525996148722,-4.7400385127804867e-4,0.06504958717198554
EA,2008-02,3.3,NA,3.2694734426981675,-0.03052655730183229,0.06165937096723059,3.263919657362302,-0.03608034263769788,0.06500988920819394
EA,2008-03,3.6,NA,3.589743589743599,-0.010256410256400894,0.061600555190298785,3.5798122065727744,-0.020187793427225653,0.06493396509731314
EA,2008-04,3.3,NA,3.2612388178009155,-0.03876118219908431,0.06150839309352287,3.2657821839918277,-0.034217816008172086,0.06481745022481351
EA,2008-05,3.7,NA,3.6601897876186174,-0.039810212381382826,0.0615036257223011,3.6654545454545495,-0.03454545454545066,0.06481203305785124
EA,2008-06,4,NA,3.9498927886242985,-0.05010721137570151,0.061508288725235546,3.952339436210428,-0.04766056378957195,0.06481781018862326
EA,2008-07,4.1,NA,4.050231926688541,-0.049768073311458494,0.06154260843572172,4.064093226511267,-0.03590677348873239,0.06486264335225865
EA,2008-08,3.8,NA,3.832673827020927,0.03267382702092725,0.061522480148503166,3.828238719068411,0.028238719068411022,0.0648346607510239
EA,2008-09,3.7,NA,3.6382068033340875,-0.06179319666591265,0.061468698288090456,3.654822335025365,-0.04517766497463516,0.06476829748622374
EA,2008-10,3.2,NA,3.1722901020065253,-0.027709897993474897,0.06138730468008108,3.1606292394284807,-0.03937076057151945,0.06466016952225635
EA,2008-11,2.1,NA,2.1184078492585634,0.018407849258563314,0.06126761109651347,2.124605225380427,0.024605225380426976,0.06450793893377695
EA,2008-12,1.6,NA,1.5769017212659664,-0.023098278734033695,0.06119249870745508,1.587074635401775,-0.01292536459822502,0.06441142941345451
EA,2009-01,1.1,NA,1.1259754738015548,0.025975473801554738,0.061211035422174,1.1195636572412848,0.019563657241284726,0.06443372783531229
EA,2009-02,1.2,NA,1.1775161075316731,-0.022483892468326827,0.06117404555140701,1.172768878718533,-0.027231121281466875,0.06438592454796328
EA,2009-03,0.6,NA,0.5720572057205775,-0.027942794279422478,0.06103256640295493,0.5807365439093548,-0.01926345609064517,0.06420543459942701
EA,2009-04,0.6,NA,0.6141024235113424,0.014102423511342388,0.06099978629364576,0.6070873923478937,0.007087392347893684,0.06416116669436311
EA,2009-05,0,NA,0.043591979075841,0.043591979075841,0.0609003700947622,0.04209344745333965,0.04209344745333965,0.06403410224831299
EA,2009-06,-0.1,NA,-0.1411355987406271,-0.04113559874062708,0.06084892326572899,-0.13978194017334467,-0.03978194017334466,0.06396842452193366
EA,2009-07,-0.7,NA,-0.6415135370229419,0.05848646297705806,0.0608382345581699,-0.6578947368421018,0.0421052631578982,0.06395171509400602
EA,2009-08,-0.2,NA,-0.1633275261324063,0.0366724738675937,0.060879609781896105,-0.16823216038133193,0.03176783961866808,0.06400755417353278
EA,2009-09,-0.3,NA,-0.3260515161395583,-0.026051516139558306,0.060850665606122185,-0.33580523296486975,-0.03580523296486976,0.06396839196635198
EA,2009-10,-0.1,NA,-0.1303780964797996,-0.030378096479799582,0.060857758686631916,-0.11191941801902416,-0.011919418019024158,0.06398209852979722
EA,2009-11,0.5,NA,0.48040179058848054,-0.019598209411519463,0.06094444818160217,0.4779308405960192,-0.022069159403980798,0.06409038029523448
EA,2009-12,0.9,NA,0.9292664261506545,0.029266426150654445,0.060983342430641234,0.9289232934553082,0.028923293455308197,0.0641399664527414
EA,2010-01,1,NA,0.9480762870686776,-0.05192371293132236,0.06107640151510686,0.9510290986515235,-0.04897090134847648,0.06426196090125277
EA,2010-02,0.8,NA,0.8454106280193274,0.04541062801932738,0.06102576913856057,0.8481764206955233,0.0481764206955233,0.0641962239483104
EA,2010-03,1.6,NA,1.5860861955808492,-0.01391380441915091,0.06102527270813722,1.5772426418814156,-0.02275735811858448,0.06419358137177028
EA,2010-04,1.6,NA,1.6348773841961872,0.03487738419618713,0.06098827669668644,1.6418748245860204,0.04187482458602032,0.06414832127593223
EA,2010-05,1.7,NA,1.688453159041381,-0.01154684095861902,0.06098520986705019,1.6970546984572232,-0.0029453015427767237,0.06414425348516531
EA,2010-06,1.5,NA,1.4894542291802537,-0.01054577081974628,0.060952894880907826,1.4977603583426813,-0.002239641657318714,0.0641025868111942
EA,2010-07,1.7,NA,1.7181002407529178,0.01810024075291783,0.0610373221843266,1.7331266732422135,0.03312667324221352,0.06421256352495719
EA,2010-08,1.6,NA,1.5814156396553702,-0.018584360344629847,0.06099255183987651,1.586855778682783,-0.013144221317217042,0.06415439234508376
EA,2010-09,1.9,NA,1.8754770472140692,-0.02452295278593075,0.06100618673248359,1.8671907903972995,-0.032809209602700395,0.06417009622282727
EA,2010-10,1.9,NA,1.9473455178415922,0.047345517841592244,0.060984951344530115,1.9327731092436906,0.0327731092436907,0.0641409504978462
EA,2010-11,1.9,NA,1.9124198630881217,0.012419863088121819,0.06096992393040792,1.9166200335758221,0.016620033575822202,0.06412399412657917
EA,2010-12,2.2,NA,2.209705372616999,0.009705372616998886,0.06095156549895023,2.203318923441655,0.003318923441654853,0.06409868351160519
EA,2011-01,2.3,NA,2.3042481161952733,0.0042481161952734325,0.061046426128437005,2.305961754780661,0.005961754780661188,0.06422286007837322
EA,2011-02,2.4,NA,2.4278715296679465,0.027871529667946593,0.06101948130264932,2.4250070086907716,0.02500700869077166,0.06418734279567499
EA,2011-03,2.7,NA,2.6703994831484668,-0.02960051685153342,0.06091151068607454,2.6757243865243474,-0.02427561347565277,0.06404933622532402
EA,2011-04,2.8,NA,2.8203753351206284,0.020375335120628613,0.06087508714933623,2.816512494822576,0.01651249482257633,0.06400086376465709
EA,2011-05,2.7,NA,2.720942688805583,0.020942688805583032,0.060858111552694466,2.716866639084259,0.016866639084258672,0.0639785454860767
EA,2011-06,2.7,NA,2.7102303160150054,0.010230316015005236,0.06085753777804044,2.703075437870628,0.0030754378706276952,0.06397759449992213
EA,2011-07,2.5,NA,2.5605164066702546,0.0605164066702546,0.06089620852106887,2.5484764542936356,0.04847645429363556,0.06402690280154388
EA,2011-08,2.5,NA,2.5445565814902427,0.044556581490242664,0.06087312414545256,2.5435443737904295,0.043544373790429525,0.06399941556357412
EA,2011-09,3,NA,2.9754896714117463,-0.02451032858825375,0.06086243656595375,2.9906284454244814,-0.009371554575518637,0.06398777759408934
EA,2011-10,3,NA,3.0306264005975914,0.030626400597591363,0.06083292212147037,3.0365485023357897,0.03654850233578966,0.0639486499383303
EA,2011-11,3,NA,3.028041369015866,0.028041369015865847,0.06082354416083889,3.0199039121482585,0.019903912148258485,0.06393410459246042
EA,2011-12,2.8,NA,2.755404832556163,-0.044595167443836736,0.06074371581350976,2.756174102878961,-0.04382589712103879,0.06383245832329643
EA,2012-01,2.7,NA,2.657984628522625,-0.04201537147737522,0.06081650216847367,2.652556349642654,-0.0474436503573461,0.0639260965056104
EA,2012-02,2.7,NA,2.7317176870748305,0.03171768707483036,0.06077443227503587,2.7371014096072344,0.03710140960723418,0.06387280015119798
EA,2012-03,2.7,NA,2.674357629785007,-0.02564237021499327,0.06062791597429392,2.673507966513644,-0.026492033486356092,0.06368306156943787
EA,2012-04,2.6,NA,2.5865665415102157,-0.013433458489784389,0.06056458941080049,2.5782194172149886,-0.021780582785011493,0.06360133069808077
EA,2012-05,2.4,NA,2.429867556575238,0.029867556575238208,0.06055531690252244,2.4301825993555237,0.03018259935552381,0.06358956650103086
EA,2012-06,2.4,NA,2.367542761785568,-0.032457238214431694,0.060553167645066006,2.363367799113747,-0.036632200886252964,0.06358690531751805
EA,2012-07,2.4,NA,2.4126717717402713,0.012671771740271343,0.06061642042230884,2.417612101566702,0.0176121015667019,0.0636694767761728
EA,2012-08,2.6,NA,2.617526960527683,0.017526960527682878,0.06060713678989256,2.615260177945533,0.015260177945533027,0.06365700055122307
EA,2012-09,2.6,NA,2.608876416172956,0.008876416172955981,0.06052951233843535,2.5960123109862066,-0.003987689013793538,0.06355519953907307
EA,2012-10,2.5,NA,2.4857586742620397,-0.01424132573796033,0.06048605689664744,2.493665822109614,-0.006334177890385817,0.06350137790519467
EA,2012-11,2.2,NA,2.2042843837317694,0.0042843837317692035,0.06046281094813887,2.19853431045971,-0.0014656895402902492,0.06347092167291538
EA,2012-12,2.2,NA,2.2174092409241064,0.01740924092410623,0.060427877951780326,2.217500995883692,0.017500995883692028,0.06342567394740962
EA,2013-01,2,NA,1.9860663408547419,-0.013933659145258126,0.060501511195843544,1.9949123041906658,-0.005087695809334214,0.06352221932683028
EA,2013-02,1.9,NA,1.8520434557682375,-0.04795654423176243,0.06044242335518718,1.851605168509396,-0.04839483149060397,0.06344422573388234
EA,2013-03,1.7,NA,1.7364657814095796,0.03646578140957968,0.06030319028505667,1.7359284587059376,0.03592845870593764,0.06326511891495962
EA,2013-04,1.2,NA,1.1691744611630694,-0.03082553883693051,0.0602261678762283,1.1781646812410118,-0.021835318758988143,0.06316783379246244
EA,2013-05,1.4,NA,1.42537161474241,0.02537161474241012,0.0602537859710213,1.415650806134483,0.01565080613448311,0.06320065872369475
EA,2013-06,1.6,NA,1.6097809475292824,0.009780947529282269,0.06027049317104072,1.6135379771743175,0.013537977174317373,0.06322402846498586
EA,2013-07,1.6,NA,1.6081122605756448,0.008112260575644736,0.06032511073750772,1.5956745351444201,-0.004325464855579941,0.06329260678723095
EA,2013-08,1.3,NA,1.3365983062952669,0.036598306295266836,0.0602712273393682,1.3399894902784926,0.03998949027849252,0.06322517009263522
EA,2013-09,1.1,NA,1.0940032414910927,-0.005996758508907352,0.060185069045861586,1.0956045389330926,-0.004395461066907469,0.06311436054121124
EA,2013-10,0.7,NA,0.7377463365336068,0.03774633653360682,0.0601433929427253,0.7285974499089187,0.02859744990891877,0.06305806644873205
EA,2013-11,0.9,NA,0.8505467800729027,-0.04945321992709728,0.06016861820474245,0.8604954367666284,-0.03950456323337159,0.06309390452651673
EA,2013-12,0.8,NA,0.8475431338916373,0.047543133891637224,0.060132556913222265,0.844375162379829,0.04437516237982897,0.06304523091467783
EA,2014-01,0.8,NA,0.7646818923327858,-0.035318107667214216,0.06023474112420131,0.7613546862693665,-0.03864531373063351,0.06317677570794628
EA,2014-02,0.7,NA,0.7110930516050384,0.011093051605038484,0.06019459026064634,0.706251634841748,0.006251634841748066,0.06312491836482094
EA,2014-03,0.5,NA,0.4718875502008002,-0.0281124497991998,0.06006384977661651,0.46535677352637084,-0.03464322647362916,0.06295665439332512
EA,2014-04,0.7,NA,0.7134961310421017,0.013496131042101789,0.060085091756157276,0.7116056410919835,0.011605641091983587,0.06298431916425748
EA,2014-05,0.5,NA,0.49186910258982586,-0.008130897410174143,0.060062832217556206,0.5040713454827372,0.004071345482737243,0.06295748166895973
EA,2014-06,0.5,NA,0.49132658177077904,-0.008673418229220964,0.060051705935113345,0.4905757810482969,-0.00942421895170309,0.0629415553692905
EA,2014-07,0.4,NA,0.3729838709677358,-0.027016129032264247,0.06009944475156088,0.37642782969884436,-0.02357217030115566,0.06300470066392126
EA,2014-08,0.4,NA,0.36246476037054,-0.03753523962946004,0.06008671288564089,0.3629764065335772,-0.03702359346642281,0.06298697021043127
EA,2014-09,0.3,NA,0.32064128256514834,0.020641282565148356,0.060036104272673606,0.32253902722230166,0.022539027222301666,0.06292236737370806
EA,2014-10,0.4,NA,0.3812199036917985,-0.018780096308201544,0.06005122491491231,0.3874967708602295,-0.012503229139770533,0.06294158465324595
EA,2014-11,0.3,NA,0.28112449799195804,-0.018875502008041944,0.06005427331817229,0.2843846949327711,-0.015615305067228913,0.06294495764574282
EA,2014-12,-0.2,NA,-0.1700850425212619,0.029914957478738124,0.05999649399487138,-0.16746103310575355,0.03253896689424646,0.06287083208597799
EA,2015-01,-0.6,NA,-0.5969847212384916,0.003015278761508422,0.060088182499178466,-0.5992704533611337,7.29546638866263e-4,0.06298858321695147
EA,2015-02,-0.3,NA,-0.2925156344563362,0.0074843655436637735,0.060071993361183365,-0.28571428571428914,0.014285714285710849,0.06296846011131726
EA,2015-03,-0.1,NA,-0.06995103427599458,0.030048965724005422,0.0599895097914322,-0.06433350488934675,0.03566649511065326,0.06286256217801793
EA,2015-04,0.2,NA,0.2095390141688469,0.009539014168846893,0.05998850224576775,0.20554984583760483,0.0055498458376048165,0.0628600687208272
EA,2015-05,0.6,NA,0.5993407252022687,-6.592747977313129e-4,0.06001894619544512,0.5915637860082201,-0.00843621399177985,0.06289812009940897
EA,2015-06,0.5,NA,0.49890241468768526,-0.0010975853123147417,0.06000293865569187,0.5010277492291992,0.0010277492291992374,0.06287904854504299
EA,2015-07,0.6,NA,0.5423320277192056,-0.057667972280794344,0.060070419404826714,0.5560584507952937,-0.043941549204706276,0.06296754548369296
EA,2015-08,0.4,NA,0.4414125200641994,0.041412520064199376,0.060054244207467106,0.4391630069749519,0.0391630069749519,0.06294492140318877
EA,2015-09,0.2,NA,0.19976028765480436,-2.3971234519565288e-4,0.0599979904258717,0.2057613168724215,0.005761316872421485,0.06287331284187708
EA,2015-10,0.4,NA,0.3897661403158059,-0.010233859684194102,0.06001348021888446,0.3860010293360805,-0.01399897066391953,0.06289153377697736
EA,2015-11,0.1,NA,0.13015618742491242,0.030156187424912412,0.06001853004542576,0.1288992008249723,0.0288992008249723,0.06289822758448214
EA,2015-12,0.2,NA,0.25055121266785996,0.050551212667859946,0.06003460368874865,0.24516129032257084,0.045161290322570824,0.06291904266389178
EA,2016-01,0.3,NA,0.32573289902280145,0.02573289902280146,0.06019573151969783,0.327653997378774,0.027653997378773998,0.06312763132355038
EA,2016-02,-0.1,NA,-0.12139605462822001,-0.02139605462822,0.06011019746815234,-0.13024225058608785,-0.030242250586087843,0.06301574353669015
EA,2016-03,0,NA,-0.0400000000000067,-0.0400000000000067,0.059998,-0.03862495171881308,-0.03862495171881308,0.06287249742811132
EA,2016-04,-0.3,NA,-0.2588867868166922,0.041113213183307795,0.05994429519133642,-0.2564102564102555,0.04358974358974449,0.062804076265614725
EA,2016-05,-0.1,NA,-0.11915400655345687,-0.019154006553456865,0.05992358484725681,-0.11506008693429326,-0.015060086934293254,0.06277709920180681
EA,2016-06,0.1,NA,0.04964257347099821,-0.0503574265290018,0.059930979079302574,0.051131279560268084,-0.04886872043973192,0.0627860878997546
EA,2016-07,0.2,NA,0.1698132054739787,-0.0301867945260213,0.05999749341751444,0.16718106995883275,-0.03281893004116726,0.0628708321161239
EA,2016-08,0.2,NA,0.21973631642029368,0.019736316420293665,0.059998988030184795,0.21862139917696588,0.01862139917696587,0.06287413975046148
EA,2016-09,0.4,NA,0.3987240829346206,-0.0012759170653794394,0.05998797468515424,0.3978439425051272,-0.0021560574948727984,0.06285920456509915
EA,2016-10,0.5,NA,0.5077152812344332,0.007715281234433213,0.05998047363271451,0.49987182773647554,-1.2817226352446198e-4,0.06284926120403336
EA,2016-11,0.6,NA,0.589941005899397,-0.010058994100602958,0.06002849420087489,0.5792996910401582,-0.020700308959841762,0.0629106140377858
EA,2016-12,1.1,NA,1.0996700989702957,-3.299010297044269e-4,0.06005196791457414,1.1069635731754346,0.006963573175434501,0.0629429118015945
EA,2017-01,1.7,NA,1.7248376623376638,0.024837662337663824,0.060233605806733856,1.724363161332465,0.024363161332465078,0.0631759871431308
EA,2017-02,2,NA,1.954826293932932,-0.045173706067068053,0.060227632244197964,1.9561815336463173,-0.043818466353682695,0.06316876509739477
EA,2017-03,1.5,NA,1.5306122448979664,0.030612244897966434,0.06008056283737985,1.5327150953116986,0.03271509531169858,0.06297866532040905
EA,2017-04,1.9,NA,1.8967754816811233,-0.0032245183188766013,0.0600777066727404,1.9023136246786754,0.0023136246786754633,0.06297572709670171
EA,2017-05,1.4,NA,1.381847102097633,-0.01815289790236685,0.060010033159464043,1.3823115320619417,-0.017688467938058228,0.06288764312889172
EA,2017-06,1.3,NA,1.299990076411639,-9.92358836104934e-6,0.059988091201568505,1.290405008304596,-0.00959499169540412,0.06285872013595915
EA,2017-07,1.3,NA,1.3362584762664609,0.03625847626646084,0.06003870455107033,1.3352163307228215,0.03521633072282149,0.0629243302304996
EA,2017-08,1.5,NA,1.5447478572852225,0.04474785728522246,0.060043090883859146,1.5398434492493118,0.039843449249311824,0.06293082532075256
EA,2017-09,1.6,NA,1.5587768069896812,-0.04122319301031885,0.06000589638636764,1.5595040265882654,-0.04049597341173472,0.06288249418551632
EA,2017-10,1.4,NA,1.3668779714738566,-0.03312202852614332,0.05997260687259677,1.3773753347787299,-0.022624665221270046,0.06284130693373159
EA,2017-11,1.5,NA,1.5308151093439415,0.030815109343941494,0.0600164421028501,1.5359017022910537,0.035901702291053716,0.0628974722707213
EA,2017-12,1.3,NA,1.3448037179867534,0.04480371798675331,0.05995475149401695,1.3367281985996238,0.03672819859962373,0.06281583247604072
EA,2018-01,1.3,NA,1.2966287652104391,-0.0033712347895609174,0.06003873073834084,1.2970335174007808,-0.002966482599219278,0.06292519799135744
EA,2018-02,1.1,NA,1.1126564673157313,0.012656467315731224,0.059989700798098344,1.1128165771296938,0.012816577129693751,0.06286216529656752
EA,2018-03,1.4,NA,1.3991526258744669,-8.473741255330403e-4,0.05992211807202062,1.3954078396549718,-0.0045921603450280735,0.06277403322590733
EA,2018-04,1.2,NA,1.224649750171447,0.024649750171447105,0.05985718868179541,1.223511604439964,0.02351160443996414,0.06269068564609233
EA,2018-05,2,NA,1.9513630123553671,-0.04863698764463287,0.05990151809238848,1.956823633379634,-0.04317636662036595,0.06274818985187348
EA,2018-06,2,NA,1.969043887147337,-0.030956112852662976,0.05989268435967611,1.9803229061553962,-0.01967709384460381,0.06273841592495935
EA,2018-07,2.2,NA,2.194449911434737,-0.005550088565263067,0.05994855589015129,2.1918155327505184,-0.008184467249481742,0.06280829947629232
EA,2018-08,2.1,NA,2.0806752380017723,-0.019324761998227746,0.059916609835999696,2.0851762921774375,-0.014823707822562593,0.06276918844257409
EA,2018-09,2.1,NA,2.082314986802225,-0.017685013197775046,0.0598779115742889,2.0767778477029486,-0.02322215229705149,0.06271722956876671
EA,2018-10,2.3,NA,2.286495993746329,-0.013504006253670653,0.059883061168347976,2.2770159768524367,-0.022984023147563093,0.06272342533506431
EA,2018-11,1.9,NA,1.9189347953788793,0.018934795378879432,0.059884420148589135,1.916046892726575,0.016046892726575113,0.06272633599475146
EA,2018-12,1.5,NA,1.5220997170455774,0.02209971704557745,0.059831305479414856,1.5326633165829051,0.03266331658290511,0.06265908689174517
EA,2019-01,1.4,NA,1.38834186687673,-0.01165813312326991,0.05991474703952722,1.394523326572017,-0.00547667342798297,0.06276588002830705
EA,2019-02,1.5,NA,1.4934171742974955,-0.006582825702504458,0.059898477951183804,1.4927261227071664,-0.007273877292833575,0.0627446379584255
EA,2019-03,1.4,NA,1.3992809250801708,-7.190749198291435e-4,0.059785214309837735,1.4012260728136994,0.0012260728136994636,0.06259860040490516
EA,2019-04,1.7,NA,1.7228029423151492,0.022802942315149233,0.05976204040564824,1.7196261682242975,0.019626168224297524,0.062568201007366
EA,2019-05,1.2,NA,1.2215062037125968,0.021506203712596816,0.05967690228930041,1.213472015849426,0.013472015849426144,0.062457495790976314
EA,2019-06,1.3,NA,1.2681333461427524,-0.03186665385724763,0.059667986038339074,1.2615955473098461,-0.03840445269015391,0.06244660454838033
EA,2019-07,1,NA,1.0207029369282639,0.02070293692826386,0.05967841612599559,1.0290106620381767,0.029010662038176704,0.062461505743989475
EA,2019-08,1,NA,1.009518315546587,0.009518315546586997,0.0596629900161305,1.015102748204999,0.015102748204999017,0.06244213312380571
EA,2019-09,0.8,NA,0.8331737215092838,0.03317372150928377,0.05961660475586618,0.838471023427867,0.0384710234278669,0.06238214987813982
EA,2019-10,0.7,NA,0.726022162781792,0.026022162781792035,0.05958760136429031,0.725707257072572,0.025707257072572043,0.06234475444385441
EA,2019-11,1,NA,0.9606147934678289,-0.039385206532171146,0.059652286973749656,0.9647495361781111,-0.0352504638218889,0.06242824672456265
EA,2019-12,1.3,NA,1.326285439692465,0.026285439692464996,0.059674497137899685,1.323929720366257,0.023929720366256957,0.06245508102699618
EA,2020-01,1.4,NA,1.359619306594162,-0.04038069340583794,0.05977758664206051,1.3628407101775375,-0.037159289822462416,0.06258832462554248
EA,2020-02,1.2,NA,1.219748305905144,0.01974830590514398,0.059739581234554945,1.2214882213635647,0.021488221363564763,0.06254028968100234
EA,2020-03,0.7,NA,0.7474844274077741,0.047484427407774144,0.05961894990069036,0.7402837754472591,0.04028377544725914,0.06238373126313679
EA,2020-04,0.3,NA,0.3139866793530066,0.013986679353006626,0.059529685379607664,0.3185103515864318,0.018510351586431828,0.06226990753102943
EA,2020-05,0.1,NA,0.08551881413911833,-0.014481185860881679,0.05950615349744105,0.0856373868363125,-0.014362613163687504,0.062239150806633003
EA,2020-06,0.3,NA,0.2656294469215448,-0.03437055307845521,0.05949936578346085,0.2687187003786562,-0.031281299621343794,0.062230897685377956
EA,2020-07,0.4,NA,0.39081117148032085,-0.00918882851967917,0.05955060581314843,0.38041477481900454,-0.01958522518099548,0.06229478554269352
EA,2020-08,-0.2,NA,-0.17133066818961762,0.028669331810382392,0.05951021651112747,-0.17156862745097978,0.02843137254902023,0.062244389177239526
EA,2020-09,-0.3,NA,-0.31342007788015547,-0.013420077880155479,0.05948269445921359,-0.3179261433113312,-0.01792614331133119,0.06220849069801227
EA,2020-10,-0.3,NA,-0.2750379362670641,0.024962063732935913,0.059471024377073835,-0.26865307119305903,0.031346928806940955,0.06219509994680712
EA,2020-11,-0.3,NA,-0.2854424357754515,0.014557564224548514,0.05950116829515817,-0.2817591571726008,0.018240842827399184,0.062233139828667614
EA,2020-12,-0.3,NA,-0.2655790571943428,0.03442094280565716,0.0594723712862945,-0.26865307119305903,0.031346928806940955,0.06219509994680712
EA,2021-01,0.9,NA,0.9102232442272484,0.010223244227248407,0.05962490290525186,0.9004563957074163,4.5639570741629054e-4,0.06239055485356528
EA,2021-02,0.9,NA,0.9372609028309054,0.03726090283090533,0.059608706049293754,0.9358453392439348,0.03584533924393474,0.0623713733123534
EA,2021-03,1.3,NA,1.331684580994974,0.031684580994973954,0.05957536785793756,1.3349663196570605,0.03496631965706043,0.06232914674339603
EA,2021-04,1.6,NA,1.6219292421511877,0.021929242151187633,0.059561886049613544,1.6119184271583764,0.011918427158376321,0.06230992297149581
EA,2021-05,2,NA,1.9842400075951838,-0.01575999240481618,0.059588162916908535,1.980198019801982,-0.019801980198018043,0.06234446877030938
EA,2021-06,1.9,NA,1.9017882486517257,0.0017882486517257767,0.05955160319087197,1.9003532708003368,3.53270800336869e-4,0.062297499894676596
EA,2021-07,2.2,NA,2.1648309912647212,-0.03516900873527895,0.05959764674284394,2.176039119804396,-0.02396088019560416,0.06235794860145504
EA,2021-08,3,NA,2.9557589626239666,-0.044241037376033354,0.05967561779951487,2.9585072428185644,-0.041492757181435636,0.06245755630019756
EA,2021-09,3.4,NA,3.3631859756097615,-0.0368140243902384,0.05968765177094178,3.3611383709519327,-0.038861629048067226,0.06247308257918008
EA,2021-10,4.1,NA,4.051355206847362,-0.048644793152637256,0.059702869957529596,4.05289580017143,-0.047104199828569726,0.062492524537784463
EA,2021-11,4.9,NA,4.8664122137404675,-0.03358778625953285,0.05977416088806014,4.86486486486486,-0.03513513513514077,0.06258383690816123
EA,2021-12,5,NA,4.964336661911561,-0.03566333808843858,0.059746283245930176,4.958981266070772,-0.041018733929227835,0.06254799689396784
EA,2022-01,5.1,NA,5.108241549563242,0.008241549563241968,0.059737383286629475,5.110024449877759,0.010024449877759523,0.06253728755806098
EA,2022-02,5.9,NA,5.874549933674422,-0.025450066325578113,0.05975338970692033,5.880200073197517,-0.019799926802483547,0.06255826522344746
EA,2022-03,7.4,NA,7.443912512907147,0.043912512907146706,0.059736408172012916,7.4450084602369015,0.04500846023690119,0.06253595651802255
EA,2022-04,7.5,NA,7.438865036400966,-0.061134963599034364,0.05968073852139262,7.45102752073068,-0.048972479269320246,0.06246551060694212
EA,2022-05,8.1,NA,8.052504189164011,-0.047495810835988195,0.05968406740779948,8.054656598345922,-0.04534340165407791,0.06246881556983974
EA,2022-06,8.6,NA,8.644382544104001,0.04438254410400155,0.05968636873463807,8.643156007172736,0.04315600717273682,0.06247119880497147
EA,2022-07,8.9,NA,8.866171003717472,-0.03382899628252822,0.05970567709125081,8.85379277339078,-0.04620722660922105,0.0624942446023804
EA,2022-08,9.1,NA,9.140581589183183,0.04058158918318355,0.0596842277083341,9.133182305949683,0.03318230594968341,0.06246769895707343
EA,2022-09,9.9,NA,9.927182228776864,0.027182228776863937,0.05967495539813701,9.93353904581058,0.03353904581057954,0.062457485108343855
EA,2022-10,10.6,NA,10.62060140754959,0.020601407549589723,0.05962529025717712,10.61426217933632,0.014262179336320457,0.062391990008198187
EA,2022-11,10.1,NA,10.05459508644222,-0.04540491355778009,0.0595566239802749,10.051546391752586,-0.048453608247413626,0.06230386283925449
EA,2022-12,9.2,NA,9.196339585032165,-0.0036604149678343134,0.05947704718605745,9.204386374241725,0.004386374241725832,0.062202775686784985
EA,2023-01,8.6,NA,8.64498644986449,0.0449864498644903,0.05942389279358015,8.641544545243063,0.04154454524306317,0.062133144018681266
EA,2023-02,8.5,NA,8.501879362806509,0.0018793628065090218,0.05932977802768957,8.503283788454885,0.0032837884548850838,0.06201194168616517
EA,2023-03,6.9,NA,6.884501135767973,-0.015498864232027287,0.05903741486701765,6.884139482564677,-0.01586051743532302,0.061635778373597565
EA,2023-04,6.9,NA,6.9585613760750675,0.05856137607506717,0.058989599573280996,6.945531819706985,0.0455318197069845,0.06157284038808338
EA,2023-05,6.1,NA,6.099767381752397,-2.326182476029004e-4,0.058878253096482834,6.100942872989457,9.428729894569443e-4,0.06143100071397612
EA,2023-06,5.5,NA,5.520895649944446,0.02089564994444615,0.058782193643703295,5.5237676056338225,0.02376760563382252,0.0613074255945001
EA,2023-07,5.3,NA,5.309885606966014,0.009885606966014038,0.05876344056714043,5.308859089909879,0.008859089909878826,0.061283186364580675
EA,2023-08,5.2,NA,5.243954179041155,0.04395417904115462,0.058707847016505776,5.244182235332673,0.044182235332672626,0.06121185306649911
EA,2023-09,4.3,NA,4.335066241824581,0.03506624182458129,0.05856678962945768,4.329051063370404,0.029051063370403973,0.06102931291500434
EA,2023-10,2.9,NA,2.900107411385622,1.0741138562186947e-4,0.058382223721861755,2.9042553191489295,0.004255319148929626,0.06079277953825261
EA,2023-11,2.4,NA,2.3976849937990874,-0.002315006200912517,0.05836699813947082,2.395145837768786,-0.00485416223121371,0.060772575358620864
EA,2023-12,2.9,NA,2.9289744440756715,0.028974444075671624,0.05841889206953517,2.927037709646396,0.02703770964639629,0.06083896152706156
EA,2024-01,2.8,NA,2.7687702668994785,-0.03122973310052135,0.058429731864425856,2.7727224065945855,-0.027277593405414358,0.06085390870391792
EA,2024-02,2.6,NA,2.581656219069628,-0.018343780930372144,0.05835457176753009,2.5804396304555555,-0.019560369544444622,0.06075610277320036
EA,2024-03,2.4,NA,2.427660617949967,0.027660617949967214,0.05827315925363536,2.4310671437592024,0.031067143759202498,0.060652024160374615
EA,2024-04,2.4,NA,2.371669915529573,-0.028330084470427064,0.05821847262489968,2.3739803388412417,-0.0260196611587582,0.060582199348402074
EA,2024-05,2.6,NA,2.5659764514819328,-0.034023548518067326,0.05822435957984093,2.5614218504965924,-0.038578149503407655,0.06058867861215351
EA,2024-06,2.5,NA,2.5188304851380794,0.01883048513807939,0.058201135113190985,2.513034410844628,0.013034410844627864,0.06055855236761443
EA,2024-07,2.6,NA,2.577821011673165,-0.02217898832683529,0.058210839048787016,2.5884563197996036,-0.011543680200396533,0.06057240665482724
EA,2024-08,2.2,NA,2.168830121744736,-0.031169878255264294,0.05814999718300995,2.1696252465483346,-0.030374753451665626,0.06049359624450059
EA,2024-09,1.7,NA,1.7439524230491,0.043952423049099965,0.05810672476183594,1.74875827814569,0.048758278145690115,0.060438160093033204
EA,2024-10,2,NA,1.9993576361008403,-6.423638991597258e-4,0.05810981843729328,2.0055825493642043,0.005582549364204326,0.060441723485442175
EA,2024-11,2.2,NA,2.236576503835286,0.036576503835285656,0.058164577170118505,2.2455556710676783,0.045555671067678105,0.060512816076050926
EA,2024-12,2.4,NA,2.4345022168480446,0.034502216848044664,0.058159391463798796,2.4286455630513792,0.02864556305137933,0.06050485965558129
EA,2025-01,2.5,NA,2.5242718446601975,0.024271844660197495,0.05819272944355422,2.5208333333333277,0.020833333333327708,0.06054796006944445
EA,2025-02,2.3,NA,2.3237115059902003,0.023711505990200443,0.05813394353565933,2.3188405797101463,0.01884057971014652,0.06047198967803883
EA,2025-03,2.2,NA,2.1785970792434606,-0.0214029207565396,0.058067137382461234,2.17815678619131,-0.021843213808690365,0.06038621991093144
EA,2025-04,2.2,NA,2.1659790542684965,-0.034020945731503716,0.0580199134820005,2.1656961896005855,-0.03430381039941466,0.06032616693173974
EA,2025-05,1.9,NA,1.8921700577942957,-0.00782994220570421,0.05799193136164177,1.8960244648318136,-0.003975535168186273,0.0602903172510108
EA,2025-06,2,NA,1.982935692842469,-0.017064307157530934,0.057978469572319585,1.9835215135795004,-0.01647848642049965,0.06027278616181363
EA,2025-07,2,NA,2.038880986249403,0.03888098624940284,0.057983202188487806,2.0347949944043098,0.034794994404309776,0.06027748473875289
EA,2025-08,2,NA,2.0438762626262763,0.04387626262627631,0.057972059511625096,2.042267831741529,0.042267831741528816,0.06026428916032014
EA,2025-09,2.2,NA,2.227488151658763,0.02748815165876284,0.05798686762052365,2.2271941421743158,0.027194142174315594,0.060283087264424606
EA,2025-10,2.1,NA,2.101865701015493,0.0018657010154927711,0.05795488725895519,2.0979020979020824,-0.0020979020979177143,0.060241101758280236
EA,2025-11,2.1,NA,2.1402622018638517,0.040262201863851654,0.05798216167279513,2.135231316725994,0.03523131672599389,0.060276320860026746
EA,2025-12,2,NA,1.959549854410958,-0.04045014558904203,0.057946783263335605,1.9657513425878959,-0.034248657412104144,0.06023233110459965
EA,2026-01,1.7,NA,1.6729797979798011,-0.027020202020198836,0.057957425023594536,1.6764885185937661,-0.023511481406233825,0.06024570659005252
EA,2026-02,1.9,NA,1.8937608046518895,-0.00623919534811046,0.057932333836423544,1.8919465803318491,-0.008053419668150763,0.060213068928588215
EA,2026-03,2.6,NA,2.5538894095595177,-0.04611059044048238,0.05790978949584347,2.554047259929604,-0.04595274007039629,0.06018371278330466
EA,2026-04,3,NA,3.020889958841333,0.020889958841332934,0.05788308184976475,3.029697030296963,0.0296970302969628,0.060150469804534396
EA,2026-05,3.2,NA,3.1623931623931734,-0.037606837606826815,0.05789286686722585,3.171268507402969,-0.028731492597031227,0.060162628476760856
EA,2026-06,2.8,NA,2.750019366333545,-0.049980633666455,0.057853049011013,2.752842609216022,-0.04715739078397796,0.06011135261366528
EA,2026-07,2.9,NA,2.950743494423791,0.050743494423791,0.05785899719231815,2.9414697377604826,0.04146973776048268,0.06011773206390271
EA,2026-08,3.2,NA,3.2402753074008084,0.0402753074008082,0.05785864493493933,3.2460420193169304,0.046042019316930194,0.0601187912983828
ME,2015-12,1.7,NA,1.6931864545083553,-0.006813545491644701,0.060286270219018175,1.6924634746130485,-0.007536525386951487,0.06458791143314141
ME,2016-01,1.1,NA,1.1447260834014594,0.04472608340145934,0.0602792685038533,1.1450934918104227,0.04509349181042266,0.06457784414348533
ME,2016-02,0.5,NA,0.5299093039845104,0.029909303984510416,0.06021756391032226,0.5347593582887722,0.03475935828877219,0.06449159989581506
ME,2016-03,-0.6,NA,-0.635785649409637,-0.03578564940963702,0.0600597544833278,-0.629740947473878,-0.02974094747387801,0.06426722907202849
ME,2016-04,-0.4,NA,-0.40269807711666994,-0.002698077116669917,0.06004718121025286,-0.3997715591090856,2.2844089091444975e-4,0.06424901687898993
ME,2016-05,-0.6,NA,-0.559496453192132,0.04050354680786794,0.05996305842475812,-0.5667327854916304,0.03326721450836956,0.06412817138102213
ME,2016-06,-1,NA,-1.0265521666173227,-0.026552166617322737,0.059820029998686346,-1.0358342665173548,-0.035834266517354774,0.06392526355917433
ME,2016-07,-0.7,NA,-0.6797359866023145,0.020264013397685465,0.059817764949926,-0.6845487566359276,0.015451243364072331,0.06392256574765047
ME,2016-08,-0.5,NA,-0.522373349103078,-0.022373349103077977,0.05983035810422319,-0.5310971348707172,-0.03109713487071719,0.06393912668519422
ME,2016-09,-0.2,NA,-0.20750988142292925,-0.007509881422929243,0.05987117046040401,-0.21020179372197578,-0.010201793721975772,0.06399872465010356
ME,2016-10,0.2,NA,0.2191890006974173,0.019189000697417302,0.059974055444888784,0.22608449908154693,0.02608449908154692,0.06414625438032229
ME,2016-11,0.5,NA,0.5198440467859555,0.019844046785955527,0.060022985306747274,0.5103487383045113,0.010348738304511329,0.06421252826327647
ME,2016-12,0.9,NA,0.9127382146439267,0.01273821464392666,0.06007586450424493,0.9103840682788134,0.01038406827881333,0.06428950100058882
ME,2017-01,2.1,NA,2.1018593371059158,0.0018593371059156816,0.060211290386878835,2.1066208082545224,0.00662080825452227,0.06448170111839027
ME,2017-02,2.6,NA,2.584896097313738,-0.01510390268626205,0.06026786092738539,2.587694077055769,-0.012305922944231273,0.06456208266798849
ME,2017-03,2.9,NA,2.8539508429819227,-0.046049157018077214,0.06030133814965377,2.851793172979966,-0.04820682702003376,0.06460836764892554
ME,2017-04,2.5,NA,2.476498534317173,-0.02350146568282696,0.060233321466406406,2.479931192660545,-0.02006880733945504,0.06451260974718037
ME,2017-05,2.6,NA,2.5720888174419754,-0.027911182558024716,0.06017643367916417,2.5790823596466117,-0.02091764035338839,0.06443282148472831
ME,2017-06,2.3,NA,2.343672085369519,0.04367208536951939,0.060089940764205124,2.347949080622347,0.04794908062234704,0.06431032171715859
ME,2017-07,3,NA,3.0251934140051784,0.025193414005178383,0.0600686963605438,3.0243353495568837,0.024335349556883656,0.06427938777251069
ME,2017-08,3.2,NA,3.2200535024274224,0.02005350242742221,0.060067376077599696,3.217647885344932,0.01764788534493178,0.06427691779438983
ME,2017-09,3.1,NA,3.1290226755124273,0.02902267551242721,0.06005688794313856,3.131582642887243,0.03158264288724277,0.06426285512167443
ME,2017-10,2.8,NA,2.823342280544794,0.023342280544794036,0.0600816851715153,2.8196813760045014,0.019681376004501594,0.06429717195657722
ME,2017-11,3,NA,2.9935355544505216,-0.006464445549478448,0.060094158903751894,2.99012693935119,-0.009873060648810217,0.06431524167414325
ME,2017-12,2.8,NA,2.83272040552629,0.032720405526290186,0.06008014712282707,2.833380321398371,0.033380321398371215,0.06429612209764579
ME,2018-01,3.3,NA,3.2858273950910455,-0.014172604908954334,0.060059670793502135,3.2842105263158006,-0.01578947368419925,0.06426555863342567
ME,2018-02,3.4,NA,3.438735177865615,0.03873517786561509,0.060051320907997315,3.447309417040345,0.04730941704034519,0.06425499645579039
ME,2018-03,3.6,NA,3.6338501036832227,0.03385010368322261,0.060054006621096244,3.62694300518136,0.026943005181359947,0.06425759298453868
ME,2018-04,3.5,NA,3.5509962517261906,0.0509962517261906,0.06003901145451402,3.5389564974122267,0.03895649741222673,0.06423548443820201
ME,2018-05,3.3,NA,3.3205994710549414,0.02059947105494153,0.05995790966162479,3.319905542436441,0.01990554243644116,0.06412139919033452
ME,2018-06,3.3,NA,3.293704930812713,-0.006295069187286728,0.059905169797837304,3.2891100055279177,-0.010889994472082165,0.0640470639860094
ME,2018-07,2.7,NA,2.6667950322518452,-0.03320496774815496,0.05975579065332877,2.6761332605133914,-0.02386673948660878,0.06383643727884444
ME,2018-08,2.2,NA,2.2269149548857614,0.026914954885761233,0.0597056495946864,2.232507487067803,0.03250748706780282,0.06376480448455403
ME,2018-09,1.5,NA,1.5074411905904972,0.007441190590497193,0.059673905001948656,1.5114379084967267,0.011437908496726656,0.06371946064191836
ME,2018-10,1.6,NA,1.624286957362453,0.0242869573624529,0.059746895821200935,1.631701631701632,0.03170163170163187,0.06382364607374891
ME,2018-11,1.7,NA,1.7091541135573651,0.009154113557365173,0.059738757923597785,1.7118597644480982,0.01185976444809822,0.06381209666971023
ME,2018-12,1.5,NA,1.459501256524276,-0.04049874347572402,0.05973610580207444,1.466758053461259,-0.03324194653874102,0.06380855092895554
ME,2019-01,0.3,NA,0.32579532387888577,0.02579532387888578,0.05959782461306434,0.32613126783529456,0.02613126783529457,0.0636109614939418
ME,2019-02,0.4,NA,0.4203286205578971,0.02032862055789708,0.05957300002964071,0.40639393118397926,0.00639393118397924,0.06357399037734923
ME,2019-03,0.9,NA,0.8480228680324053,-0.05197713196759468,0.05956874811186434,0.8513513513513482,-0.048648648648651815,0.06357103725346969
ME,2019-04,1,NA,0.9811392646218442,-0.018860735378155802,0.05957235374664802,0.9862199405566097,-0.013780059443390336,0.0635764806768817
ME,2019-05,0.7,NA,0.7110352673492581,0.011035267349258193,0.0595141749747511,0.7125571390158569,0.012557139015856977,0.06349237410184297
ME,2019-06,0.1,NA,0.06603773584905603,-0.03396226415094397,0.05943707725169099,0.06689858175008556,-0.033101418249914444,0.06338419177025356
ME,2019-07,-0.3,NA,-0.3188297074268598,-0.0188297074268598,0.05936239545632845,-0.3324468085106336,-0.032446808510633585,0.06327576816432776
ME,2019-08,-0.1,NA,-0.0657276995305045,0.034272300469495504,0.059386585554012654,-0.06657789613847553,0.03342210386152447,0.06331114661144219
ME,2019-09,0.3,NA,0.31214528944381037,0.012145289443810381,0.05947371099552799,0.30851777330651586,0.008517773306515874,0.06343450823429286
ME,2019-10,1.1,NA,1.0655503757967866,-0.034449624203213514,0.05956453003404989,1.065839179708572,-0.034160820291428085,0.06356353475308342
ME,2019-11,0.8,NA,0.7974935915693537,-0.002506408430646312,0.05953182823467053,0.7943988151339676,-0.005601184866032449,0.06351786716137969
ME,2019-12,1.1,NA,1.1431837667905231,0.04318376679052305,0.05958098427011482,1.1348284247500784,0.0348284247500783,0.06358651907759728
ME,2020-01,1.4,NA,1.3562559694364928,-0.043744030563507064,0.059615867047251025,1.3544629554381737,-0.04553704456182617,0.0636363580492644
ME,2020-02,0.8,NA,0.827625570776247,0.027625570776246944,0.05955230334716402,0.8364813815434191,0.03648138154341907,0.06354806269438366
ME,2020-03,-0.1,NA,-0.07558578987150177,0.02441421012849823,0.05944465297666896,-0.0669971861181784,0.03300281388182161,0.06339494860068885
ME,2020-04,-0.9,NA,-0.848976511649846,0.05102348835015402,0.05939303006736865,-0.8561872909699009,0.04381270903009915,0.063320656368497
ME,2020-05,-1,NA,-0.979007813235433,0.020992186764567045,0.0593674570359957,-0.9878520891736686,0.012147910826331376,0.06328341662734124
ME,2020-06,-0.7,NA,-0.744791175638726,-0.04479117563872603,0.05939262792610358,-0.7353924321433447,-0.035392432143344754,0.06332160767267393
ME,2020-07,-1.2,NA,-1.204139228598311,-0.004139228598311062,0.059350699001477034,-1.200800533689128,-8.005336891281356e-4,0.06326212137867318
ME,2020-08,-1.3,NA,-1.2496476557361746,0.0503523442638254,0.05933713954450173,-1.2524983344436968,0.047501665556303196,0.06324100610696579
ME,2020-09,-0.5,NA,-0.45261669024045936,0.04738330975954064,0.05940817460206316,-0.4546670232682626,0.04533297673173742,0.06334215919876517
ME,2020-10,-0.8,NA,-0.8095641532523734,-0.009564153252373364,0.05937543235652583,-0.8143105059404632,-0.014310505940463125,0.06329499996623011
ME,2020-11,-1,NA,-1.0266553640388087,-0.02665536403880875,0.0593705069528097,-1.0152284263959421,-0.01522842639594213,0.0632904602974622
ME,2020-12,-0.9,NA,-0.9418856550814758,-0.04188565508147579,0.05937449912145232,-0.9350788137857391,-0.03507881378573907,0.06329581359779685
ME,2021-01,-0.7,NA,-0.6879004900113062,0.012099509988693802,0.05939088293959616,-0.6949084591741261,0.005091540825873819,0.06331719173732633
ME,2021-02,-0.1,NA,-0.141522785168402,-0.04152278516840199,0.05942817611165353,-0.1471768798501416,-0.0471768798501416,0.063369870425485
ME,2021-03,0.6,NA,0.5956883509833588,-0.004311649016641161,0.05948353292128325,0.5899705014749124,-0.01002949852508761,0.06344797335086316
ME,2021-04,1.8,NA,1.7886024165160164,-0.011397583483983675,0.05959892505073333,1.7946296046417398,-0.005370395358260227,0.0636145344491055
ME,2021-05,2.3,NA,2.319612130430637,0.019612130430637364,0.05961686529757727,2.3189968990157794,0.01899689901577961,0.06363886995409301
ME,2021-06,2.8,NA,2.8020516717325306,0.0020516717325307354,0.05963155640538244,2.8017241379310276,0.0017241379310277694,0.06365852129161713
ME,2021-07,3.6,NA,3.5707484288706848,-0.029251571129315312,0.05969199906821895,3.5786630654963014,-0.021336934503698668,0.06374602721576612
ME,2021-08,3.8,NA,3.7583254043767944,-0.04167459562320541,0.05969354545215875,3.7511806773714795,-0.04881932262852029,0.06374653762497447
ME,2021-09,3.5,NA,3.4763663919674226,-0.023633608032577413,0.05963703544529542,3.4793121977431563,-0.020687802256843746,0.06366733692891881
ME,2021-10,3.8,NA,3.8530891145487356,0.05308911454873577,0.05967320343145814,3.8492597577388876,0.0492597577388878,0.06371798517885188
ME,2021-11,4.4,NA,4.387133612485727,-0.012866387514272937,0.059725310887537394,4.3724696356275405,-0.027530364372459815,0.06379031509012331
ME,2021-12,4.5,NA,4.478463440144531,-0.021536559855468873,0.05972133039080273,4.4768069039913705,-0.02319309600862951,0.06378619248273945
ME,2022-01,5.5,NA,5.474902742195642,-0.02509725780435801,0.059748311165300105,5.477055577984102,-0.022944422015897636,0.06382566650369964
ME,2022-02,6.4,NA,6.3775510204081565,-0.022448979591843887,0.05974950637851513,6.378132118451041,-0.021867881548959467,0.06382675412826283
ME,2022-03,8.7,NA,8.732023686436708,0.03202368643670894,0.05980975766925636,8.731005065315923,0.03100506531592373,0.06391169055354012
ME,2022-04,10.2,NA,10.197214692961975,-0.002785307038024598,0.0598232178097468,10.2067868504772,0.0067868504772015115,0.06393205109030205
ME,2022-05,10.6,NA,10.60113351296108,0.0011335129610809958,0.059783570264469066,10.607458163130845,0.007458163130845463,0.06387583727520957
ME,2022-06,11.9,NA,11.90982167606025,0.009821676060250084,0.0597897912628689,11.910377358490564,0.010377358490563537,0.06388301738459713
ME,2022-07,13.7,NA,13.726211271490318,0.02621127149031821,0.05982468563351523,13.728813559322028,0.028813559322028226,0.06393277793737431
ME,2022-08,13.9,NA,13.929390187987156,0.02939018798715587,0.05980877534103564,13.941995057874879,0.04199505787487823,0.06391221192989172
ME,2022-09,14.7,NA,14.674112046869281,-0.025887953130718344,0.05982580154004345,14.682591198234451,-0.01740880176554782,0.06393499877958163
ME,2022-10,15.4,NA,15.43452435346795,0.034524353467949354,0.0598434855320053,15.435458786936241,0.03545878693624083,0.06396030707535875
ME,2022-11,15.8,NA,15.780836904002182,-0.019163095997818402,0.059835939324642276,15.787432117920863,-0.012567882079137505,0.06395057099288343
ME,2022-12,15.7,NA,15.73534765198399,0.03534765198399015,0.05981686146942046,15.73309241094476,0.033092410944760786,0.06392185676374192
ME,2023-01,14.8,NA,14.789492623245781,-0.010507376754219422,0.05966127620651519,14.79969379943864,-3.0620056136143603e-4,0.06370245558812444
ME,2023-02,13.9,NA,13.882227551292292,-0.01777244870770822,0.05949827815753141,13.880841415795441,-0.019158584204559403,0.06347026334650431
ME,2023-03,10.3,NA,10.261065006915615,-0.03893499308438564,0.059088047415582455,10.261125413755057,-0.038874586244944,0.06288838576766918
ME,2023-04,8.6,NA,8.583545377438506,-0.016454622561493437,0.05884578224671071,8.575896078903057,-0.024103921096942926,0.06254365504443728
ME,2023-05,8.4,NA,8.425739247311824,0.025739247311824087,0.058754441332632384,8.422682868715746,0.022682868715746096,0.0624149799183176
ME,2023-06,8.2,NA,8.223249669749011,0.02324966974901166,0.05859574181265477,8.219178082191792,0.019178082191793067,0.06218939105972321
ME,2023-07,7.8,NA,7.801131770412284,0.0011317704122841832,0.05839939902063106,7.795483205319265,-0.004516794680735181,0.06191078087844316
ME,2023-08,9.1,NA,9.143593045717967,0.04359304571796763,0.05841691858683669,9.131377696609967,0.03137769660996703,0.06193535998725089
ME,2023-09,8.2,NA,8.246188233415829,0.04618823341582967,0.058311893838645164,8.229567579805286,0.02956757980528657,0.06178568981094665
ME,2023-10,6.6,NA,6.56269791006967,-0.03730208993032935,0.05817616758668737,6.567867969013141,-0.03213203098685824,0.061595816097957404
ME,2023-11,5.5,NA,5.503937007874016,0.003937007874015741,0.05809070618141236,5.505304299274161,0.005304299274160762,0.061474333015034854
ME,2023-12,4.9,NA,4.898954155854374,-0.0010458441456266954,0.05805610419736787,4.895728783316611,-0.004271216683389589,0.061424987664955764
ME,2024-01,5,NA,5.023510971786838,0.023510971786837587,0.05803383663682551,5.023338519671028,0.023338519671027846,0.06139271718824578
ME,2024-02,4.9,NA,4.91343004211513,0.013430042115129659,0.0579906968508078,4.910961176860962,0.01096117686096143,0.06133231728663096
ME,2024-03,6,NA,5.974127793022332,-0.025872206977667567,0.05807425040348971,5.970647098065385,-0.02935290193461526,0.06145044735924313
ME,2024-04,5.8,NA,5.780346820809235,-0.019653179190765258,0.058037039010342496,5.782652043868386,-0.017347956131613884,0.061398175032894006
ME,2024-05,5.1,NA,5.090261098628646,-0.009738901371354025,0.05794492372738161,5.087353038127662,-0.012646961872337492,0.061267297716631565
ME,2024-06,3.9,NA,3.936527311565463,0.03652731156546318,0.05777908633321504,3.9381153305203753,0.03811533052037541,0.061032030473359325
ME,2024-07,3,NA,3.0371203599550034,0.0371203599550034,0.057612940395948824,3.0309475699244803,0.030947569924480334,0.060796072932570694
ME,2024-08,2,NA,1.9764011799410008,-0.02359882005899916,0.05744750741813942,1.9872398284698223,-0.012760171530177722,0.06056308125867953
ME,2024-09,1.4,NA,1.3938053097345193,-0.006194690265480585,0.057426025269532985,1.4015270369208244,0.0015270369208244539,0.060532450948484515
ME,2024-10,1.7,NA,1.753212985662267,0.053212985662266954,0.057493990527659994,1.748841129372103,0.04884112937210294,0.06062730937259651
ME,2024-11,2.3,NA,2.2912157623703244,-0.008784237629675395,0.057548743031657974,2.28619813717188,-0.013801862828120015,0.06070523910548116
ME,2024-12,2.6,NA,2.5637181409295273,-0.036281859070472766,0.05759234325865553,2.572825855836691,-0.027174144163308878,0.06076827694321905
ME,2025-01,3.3,NA,3.298261323781815,-0.0017386762181850202,0.057585189960591816,3.2910052910053,-0.008994708994699785,0.06075613784608494
ME,2025-02,3.2,NA,3.211418376449604,0.011418376449603862,0.05755320466757544,3.215603584607285,0.015603584607284837,0.06071247251368515
ME,2025-03,3.2,NA,3.1589849818746796,-0.0410150181253206,0.057514943588883434,3.158115622704849,-0.041884377295151154,0.0606577544655705
ME,2025-04,3.8,NA,3.7955988775661087,-0.004401122433891125,0.057524575353624506,3.7909728767410167,-0.009027123258983138,0.06067080180525401
ME,2025-05,4.5,NA,4.511943379534067,0.011943379534066878,0.05753877703404358,4.516938519447922,0.016938519447921685,0.06069201895229234
ME,2025-06,4.6,NA,4.646212566059882,0.04621256605988222,0.05751050398436802,4.642448214843342,0.04244821484334249,0.060650694712961556
ME,2025-07,4.7,NA,4.65065502183406,-0.04934497816593986,0.05744725818856747,4.655243600330317,-0.04475639966968359,0.0605623061313135
ME,2025-08,4.7,NA,4.715070870697136,0.015070870697135419,0.05740219376882764,4.70720951697261,0.007209516972610075,0.06049672902866232
ME,2025-09,4.7,NA,4.742163066404825,0.042163066404825145,0.05744571107231089,4.734399174832382,0.034399174832381973,0.06055876220602539
ME,2025-10,4.6,NA,4.628750821347749,0.028750821347749422,0.05746983831573877,4.628287430109745,0.02828743010974577,0.06059371958118191
ME,2025-11,3.9,NA,3.8815117466802773,-0.018488253319722592,0.05743767371029769,3.8907284768211925,-0.009271523178807417,0.06054898222665673
ME,2025-12,3.7,NA,3.7202163426399704,0.020216342639970186,0.05744482591516738,3.720978441127687,0.020978441127686764,0.060557679230987135
ME,2026-01,2.7,NA,2.65115943075922,-0.04884056924078006,0.05731962578309468,2.653416658129304,-0.04658334187069624,0.06038077126616788
ME,2026-02,2.6,NA,2.5569000288101273,-0.04309997118987274,0.05729461610590644,2.5536261491317713,-0.04637385086822876,0.06034492472671766
ME,2026-03,2.9,NA,2.882960413080893,-0.01703958691910712,0.057274919693527,2.8885272579332932,-0.011472742066706676,0.060317764811733794
ME,2026-04,3.6,NA,3.635458167330663,0.03545816733066287,0.057243720054330205,3.6424175158914274,0.04241751589142728,0.060273555519921876
ME,2026-05,3.4,NA,3.4353837471783333,0.03538374717833337,0.057175345081376214,3.4413765506202676,0.04137655062026768,0.06017613928324431
ME,2026-06,3.6,NA,3.5771901522059224,-0.022809847794077687,0.05713955215515908,3.5810205908684,-0.01897940913160001,0.0601253864811931
ME,2026-07,3.9,NA,3.9432505737533985,0.04325057375339858,0.05709170493684378,3.9451622447973067,0.045162244797306794,0.06005745942621547
ME,2026-08,4.6,NA,4.6270718232044095,0.027071823204409817,0.05706585192759684,4.632713026444657,0.032713026444657345,0.060021190647720116
MK,2005-12,0.9,NA,0.8973080757726848,-0.0026919242273152344,0.06251852617620718,0.9107806691449838,0.010780669144983768,0.06867200563839637
MK,2006-01,3.2,NA,3.217760039910189,0.01776003991018893,0.06267259666000936,3.2180059523809534,0.01800595238095326,0.06890048418455924
MK,2006-02,3,NA,2.97729810197247,-0.0227018980275302,0.06259008175796876,2.9787234042553123,-0.021276595744687654,0.06877694018540753
MK,2006-03,3.2,NA,3.2049689440993845,0.004968944099384309,0.06262142664249065,3.2054845284417377,0.005484528441737524,0.06882578140897182
MK,2006-04,3.6,NA,3.5550031075201938,-0.044996892479806316,0.06265102567479927,3.5595105672969973,-0.04048943270300276,0.06886906846192965
MK,2006-05,4.6,NA,4.6485682409817874,0.0485682409817878,0.0626843044651656,4.6404141246071395,0.04041412460713989,0.06891665872847172
MK,2006-06,3.7,NA,3.6606480336383695,-0.03935196636163063,0.06259341133030166,3.651789007746231,-0.048210992253769014,0.06878013546733182
MK,2006-07,4.2,NA,4.253461394536595,0.05346139453659493,0.0627387714478319,4.241071428571441,0.04107142857144108,0.06899563536352041
MK,2006-08,4.5,NA,4.468993221190054,-0.031006778809945956,0.06283385596417211,4.474817449915758,-0.025182550084242195,0.0691419975145025
MK,2006-09,3.5,NA,3.5330836454432024,0.033083645443202414,0.06270493655714378,3.5375162911934543,0.03751629119345434,0.06894782315129339
MK,2006-10,3,NA,2.9626874922523916,-0.037312507747608414,0.06257981204241059,2.9580329081160928,-0.04196709188390724,0.06876114188464745
MK,2006-11,4.1,NA,4.112823061630211,0.012823061630211186,0.06268096564746709,4.114158636026688,0.01415863602668832,0.06891346911008402
MK,2006-12,3.4,NA,3.3967391304347894,-0.0032608695652105446,0.06256155750558516,3.3892061153066866,-0.010793884693313327,0.06873173753134157
MK,2007-01,1.2,NA,1.1478975350410758,-0.05210246495892412,0.06215248293469315,1.1533609659398092,-0.046639034060190765,0.06812519021138402
MK,2007-02,0.8,NA,0.7709914468136292,-0.029008553186370856,0.062093181029202124,0.7725476104922802,-0.027452389507719888,0.06803562231499212
MK,2007-03,1.1,NA,1.0592200288878084,-0.04077997111219167,0.062100338229952326,1.077199281867136,-0.022800718132863995,0.06805001788885702
MK,2007-04,1.3,NA,1.2483495378705856,-0.05165046212941449,0.06207828289148185,1.2531328320801949,-0.046867167919805164,0.06801406487934838
MK,2007-05,0.7,NA,0.7225775882492291,0.022577588249229175,0.061888330821384105,0.7243816254416835,0.02438162544168354,0.0677318358326362
MK,2007-06,1.4,NA,1.4077785731329229,0.007778573132922961,0.06201430318379462,1.405693950177933,0.005693950177933171,0.06791865604538949
MK,2007-07,1.6,NA,1.5553960277578271,-0.04460397224217294,0.062057633167489704,1.552462526766596,-0.04753747323340418,0.0679829106465709
MK,2007-08,2.3,NA,2.271088680605615,-0.028911319394384627,0.06215279311947883,2.275985663082447,-0.024014336917552725,0.06812508832106473
MK,2007-09,3.2,NA,3.243699505607145,0.04369950560714475,0.06225393099635881,3.23682790864952,0.03682790864951979,0.06827340657333658
MK,2007-10,3.4,NA,3.419215025282929,0.019215025282929066,0.06224531754305821,3.4117435805351093,0.011743580535109377,0.06826286079911431
MK,2007-11,3.8,NA,3.842940685045937,0.042940685045937066,0.06216391816953371,3.84478462086153,0.04478462086153012,0.06814211326280363
MK,2007-12,5.3,NA,5.280133795245501,-0.019866204754499073,0.06226138656046145,5.273472296454651,-0.026527703545348835,0.0682855400228447
MK,2008-01,7.4,NA,7.382630510094379,-0.01736948990562137,0.06238696873193731,7.375734901122399,-0.024265098877600977,0.06847280731347964
MK,2008-02,8.4,NA,8.4279736999402175,0.027973699940217145,0.06245833674237539,8.415047245498307,0.01504724549830705,0.0685786278521571
MK,2008-03,8.9,NA,8.873272987136737,-0.02672701286326351,0.06243885618074897,8.863232682060396,-0.03676731793960464,0.06854913256501424
MK,2008-04,9,NA,8.998221695317143,-0.0017783046828565574,0.06238875054506919,8.999292786421487,-7.072135785133327e-4,0.06847589221945027
MK,2008-05,8.5,NA,8.455839115606256,-0.04416088439374377,0.062257781907303675,8.472197860024577,-0.02780213997542269,0.06828382721101778
MK,2008-06,9,NA,9.023529411764697,0.023529411764696917,0.06229550173010381,9.036673100543947,0.0366731005439469,0.06833976777509598
MK,2008-07,8.3,NA,8.282280867106495,-0.017719132893505574,0.062269220126478945,8.293797223686528,-0.006202776313472214,0.0683002809017472
MK,2008-08,7.6,NA,7.566678416167316,-0.033321583832683466,0.06219402411092512,7.569651305414404,-0.030348694585595304,0.06818553104130143
MK,2008-09,6.7,NA,6.6923615977575235,-0.007638402242476694,0.06207033179150652,6.6887301863786774,-0.011269813621322733,0.06800110870809778
MK,2008-10,7,NA,7.019790454016306,0.01979045401630586,0.062050046010129006,7.032470915089428,0.03247091508942823,0.06797468926159832
MK,2008-11,5.7,NA,5.746465923457067,0.04646592345706679,0.06182315055300869,5.7422008913266875,0.04220089132668736,0.06763303058718947
MK,2008-12,4.9,NA,4.913196414387833,0.013196414387832256,0.06162562103792057,4.9246911490945955,0.024691149094595133,0.06734004832874384
MK,2009-01,2.6,NA,2.5586828345755874,-0.04131716542441266,0.061267030973110224,2.5551684088269466,-0.044831591173053464,0.06680397945983299
MK,2009-02,1.5,NA,1.4884233737596508,-0.011576626240349164,0.0611074103293142,1.4964643973030656,-0.0035356026969344256,0.06656770797544015
MK,2009-03,1.1,NA,1.0720927688436799,-0.02790723115632021,0.0609983641160072,1.0768477728830161,-0.023152227116983948,0.06640372391686107
MK,2009-04,0.4,NA,0.3589297367848632,-0.04107026321513685,0.060896178471654606,0.3568532035685301,-0.0431467964314699,0.06624954202786444
MK,2009-05,1.2,NA,1.1819561917154608,-0.01804380828453911,0.060907718292762716,1.1804657179818934,-0.019534282018106586,0.06626620841833619
MK,2009-06,-1,NA,-0.949606129275915,0.050393870724084966,0.06073974284400152,-0.9655616350177088,0.03443836498229125,0.0660150014777102
MK,2009-07,-0.6,NA,-0.6528125340006463,-0.05281253400064634,0.060844695216298525,-0.6490345610903892,-0.04903456109038917,0.06617320829457324
MK,2009-08,-0.8,NA,-0.8192244675040983,-0.01922446750409823,0.060878250984844125,-0.8307541944942098,-0.030754194494209797,0.06622163591835037
MK,2009-09,-0.7,NA,-0.678708264915151,0.02129173508484894,0.06090975871565872,-0.6857142857142895,0.01428571428571046,0.06627055393586007
MK,2009-10,-1.7,NA,-1.7295768519525745,-0.029576851952574534,0.06078377151898441,-1.7196625567813095,-0.01966255678130957,0.06608373924750315
MK,2009-11,-1.5,NA,-1.5107053581132512,-0.01070535811325124,0.060786289242576175,-1.5075376884422065,-0.0075376884422064805,0.06608789611862197
MK,2009-12,-1.1,NA,-1.0707332900713795,0.02926670992862057,0.060757585264434824,-1.0806451612903278,0.01935483870967225,0.06604188345473466
MK,2010-01,-0.5,NA,-0.5315110098709108,-0.03151100987091082,0.0608183365327112,-0.5177155800032307,-0.017715580003230702,0.06613673227794829
MK,2010-02,0.1,NA,0.10863661053777118,0.008636610537771178,0.060869562010349695,0.11341542449774256,0.01341542449774255,0.06621139139861454
MK,2010-03,0.3,NA,0.32471046650071056,0.02471046650071057,0.060841255031199304,0.32284100080710587,0.022841000807105882,0.06616810661830566
MK,2010-04,1.2,NA,1.1704779451609415,-0.029522054839058454,0.06090118553945817,1.163730402456764,-0.03626959754323589,0.06625696867645521
MK,2010-05,-0.7,NA,-0.6966027221091076,0.0033972778908923917,0.06067963762072077,-0.703212402109632,-0.0032124021096320288,0.06592590599311894
MK,2010-06,1.2,NA,1.1765987580346415,-0.02340124196535842,0.060958524826126737,1.1862203444913844,-0.013779655508615596,0.06634597175369608
MK,2010-07,1,NA,0.9747015660935388,-0.02529843390646125,0.06100507620009274,0.9635799444716708,-0.036420055528329165,0.06641054874607805
MK,2010-08,1.5,NA,1.4647577092510966,-0.03524229074890339,0.06109387432319665,1.4618922470433615,-0.038107752956638485,0.06654581900846282
MK,2010-09,1.6,NA,1.5981483522539364,-0.0018516477460637226,0.06110978443471035,1.5946079237218358,-0.005392076278164293,0.06657032779251372
MK,2010-10,2.4,NA,2.368828868718187,-0.031171131281813036,0.061200400092357665,2.3605150214592197,-0.03948497854078026,0.06670192431672659
MK,2010-11,2.5,NA,2.4497903332597604,-0.050209666740239633,0.061170259894794736,2.4522712310730777,-0.04772876892692235,0.06665999598675718
MK,2010-12,2.3,NA,2.3176997922816245,0.01769979228162466,0.06105923799017611,2.3316484591553888,0.03164845915538894,0.06649532434853705
MK,2011-01,2.6,NA,2.562704471101407,-0.03729552889859322,0.06104485847715929,2.553260692795578,-0.04673930720442199,0.06647042288931498
MK,2011-02,3,NA,2.962561041779699,-0.03743895822030119,0.061012618613227335,2.9616442790095565,-0.03835572099044349,0.06642350253107376
MK,2011-03,3.9,NA,3.927068723702676,0.02706872370267588,0.06100048919644529,3.9259855189058834,0.02598551890588352,0.06640595217368511
MK,2011-04,3.6,NA,3.631494376004296,0.031494376004296054,0.060906882398286254,3.6427544336155915,0.04275443361559139,0.06626799444269177
MK,2011-05,4.2,NA,4.198143751349015,-0.001856248650985215,0.06101867816486883,4.2008691453404134,8.691453404132687e-4,0.0664333549931869
MK,2011-06,3.4,NA,3.4026057930440334,0.002605793044033522,0.0609509317213871,3.404528665488993,0.004528665488992889,0.06633246576726265
MK,2011-07,3.4,NA,3.394793926247286,-0.00520607375271398,0.061030086438516665,3.396958912973158,-0.0030410870268418044,0.06645074077264422
MK,2011-08,3.2,NA,3.201997177900795,0.0019971779007947887,0.061028003754363444,3.2054395337542507,0.005439533754250547,0.06644855427665164
MK,2011-09,3,NA,2.994141896289859,-0.005858103710140838,0.06101074755349804,3.0097087378640808,0.009708737864080774,0.06642473371665567
MK,2011-10,2.8,NA,2.811418685121092,0.011418685121092231,0.06096515023167826,2.8059990324141193,0.005999032414119476,0.06635268497277973
MK,2011-11,3,NA,2.9728565273588803,-0.027143472641119715,0.060931325750073186,2.9718875502007913,-0.028112449799208683,0.06630296285543782
MK,2011-12,2.1,NA,2.115610642162613,0.015610642162612987,0.06079792769751911,2.103250478011476,0.0032504780114757104,0.06610127871877083
MK,2012-01,2,NA,2.0414673046251997,0.04146730462519965,0.06074117316877327,2.0456707897240634,0.045670789724063354,0.06602011344669553
MK,2012-02,1.5,NA,1.5282462057335522,0.028246205733552188,0.06062016474524313,1.5246777742848217,0.024677774284821652,0.06583815449342069
MK,2012-03,0.3,NA,0.31142946122701964,0.011429461227019655,0.0603971467591211,0.3096454559529338,0.009645455952933812,0.06550624287474477
MK,2012-04,1,NA,0.992350630556138,-0.007649369443861964,0.06038827530652037,0.9865885617388548,-0.013411438261145214,0.0654914897920255
MK,2012-05,0.9,NA,0.890730191610567,-0.009269808389433032,0.060403455732346484,0.8804448563484835,-0.01955514365151656,0.06551439951006707
MK,2012-06,1,NA,1.0101010101010166,0.010101010101016605,0.06046600546756748,1.0094735207330396,0.009473520733039642,0.06560874930274367
MK,2012-07,0.8,NA,0.7972306724011391,-0.002769327598860949,0.060531691527976564,0.7978723404255428,-0.0021276595744572635,0.06570696748595319
MK,2012-08,2.1,NA,2.0509045014724503,-0.0490954985275498,0.06062531050176023,2.0549019607843277,-0.04509803921567235,0.06584744329104192
MK,2012-09,3.3,NA,3.3178849799873733,0.017884979987373484,0.06070770407520473,3.3144831919572626,0.014483191957262775,0.06596877813320431
MK,2012-10,3.3,NA,3.334034497265459,0.03403449726545915,0.060692786837256284,3.341176470588225,0.04117647058822538,0.06594832756632064
MK,2012-11,2.8,NA,2.7928870292887042,-0.007112970711295574,0.060606322543372844,2.7925117004680367,-0.007488299531963172,0.06581844865058253
MK,2012-12,2.9,NA,2.856544940881034,-0.043455059118965966,0.06061298236585126,2.855805243445686,-0.04419475655431393,0.06582832437917023
MK,2013-01,2.7,NA,2.719599874960932,0.01959987496093163,0.06056161299754929,2.71950271950272,0.019502719502719756,0.06575132111262648
MK,2013-02,2.5,NA,2.5433406000207714,0.04334060002077145,0.06051299390636462,2.5390927388140527,0.03909273881405273,0.06567882742985091
MK,2013-03,2.4,NA,2.3698644313360218,-0.03013556866397815,0.060471378683190316,2.3769100169779067,-0.023089983022093197,0.06561791248780506
MK,2013-04,3.8,NA,3.756397134083933,-0.04360286591606677,0.06042765594340245,3.755151885208363,-0.04484811479163664,0.06555145412037922
MK,2013-05,3.6,NA,3.6033261472128153,0.0033261472128152114,0.06045084314481126,3.6135354463328717,0.013535446332871626,0.06558823575611185
MK,2013-06,4.2,NA,4.144329896907206,-0.055670103092793966,0.060522903602933366,4.151291512915112,-0.0487084870848884,0.06569428747793013
MK,2013-07,3.7,NA,3.715266937246331,0.01526693724633077,0.0606002324350737,3.7094521185782714,0.009452118578271218,0.0658085870028386
MK,2013-08,3,NA,3.040296815417909,0.04029681541790886,0.0604627587764309,3.043344604980014,0.04334460498001391,0.06560431483284507
MK,2013-09,1.9,NA,1.8758283209297621,-0.02417167907023776,0.06029033684987918,1.8701535654553902,-0.029846434544609668,0.06534667428656343
MK,2013-10,1.6,NA,1.6386768447837152,0.038676844783715136,0.06026151027199918,1.6393442622950838,0.0393442622950837,0.06530353250321001
MK,2013-11,1.4,NA,1.444998473593162,0.044998473593162114,0.060249567440398555,1.4417969342844117,0.04179693428441178,0.0652862192240313
MK,2013-12,1.9,NA,1.8921668362156696,-0.0078331637843303,0.060269184477935694,1.8965255651646196,-0.0034744348353803467,0.06531607689008986
MK,2014-01,1.5,NA,1.5114627713532114,0.011462771353211387,0.060220707180531206,1.5128593040847127,0.012859304084712697,0.06524303020454499
MK,2014-02,1.3,NA,1.3160558817574275,0.016055881757427448,0.06019012228597679,1.3136041069001791,0.013604106900179103,0.06519806765113244
MK,2014-03,0.9,NA,0.8896077638495647,-0.010392236150435274,0.06015414515587594,0.8894919342680607,-0.010508065731939298,0.06514318497921515
MK,2014-04,-1.4,NA,-1.4106737693597826,-0.010673769359782703,0.059795271097496314,-1.4123878181550586,-0.012387818155058739,0.06460847522302818
MK,2014-05,-0.6,NA,-0.554894966309949,0.04510503369005103,0.059881346860567286,-0.5615486921826451,0.03845130781735484,0.06473610546089976
MK,2014-06,-1.2,NA,-1.1977826173035,0.0022173826964999588,0.059839745465387874,-1.1957484499556914,0.00425155004430855,0.06467406639725748
MK,2014-07,0.2,NA,0.16054585591009918,-0.03945414408990083,0.060042170673084,0.1646213708470734,-0.03537862915292661,0.06497789743870451
MK,2014-08,-0.5,NA,-0.49009801960393506,0.009901980396064936,0.059977490597139235,-0.4922434367541917,0.007756563245808312,0.06487975511360723
MK,2014-09,-0.4,NA,-0.3902731912338697,0.009726808766130302,0.05998747757474063,-0.3880597014925491,0.01194029850745093,0.0648964134551125
MK,2014-10,-0.1,NA,-0.060084117764869216,0.03991588223513079,0.06001101120980549,-0.05973715651134137,0.040262843488658634,0.06492982846800244
MK,2014-11,0.1,NA,0.09027986758953777,-0.00972013241046224,0.060035624429109716,0.08976660682227244,-0.010233393177727562,0.06496781617346067
MK,2014-12,-0.2,NA,-0.23961661341852514,-0.039616613418525126,0.05997206386714165,-0.2382370458606231,-0.0382370458606231,0.06487207883815808
MK,2015-01,-0.7,NA,-0.6595383231737695,0.040461676826230475,0.05996005104810764,-0.6706408345752424,0.029359165424757583,0.06485315642067249
MK,2015-02,-0.6,NA,-0.5595523581135131,0.04044764188648686,0.05996405114118138,-0.5514157973174227,0.04858420268257724,0.0648620405516157
MK,2015-03,0.1,NA,0.13026052104210262,0.03026052104210261,0.06002656615836885,0.11954572624028881,0.019545726240288802,0.06495214776794982
MK,2015-04,0.4,NA,0.3702221332799738,-0.029777866720026247,0.060024525822157296,0.37307864497835297,-0.026921355021647053,0.06495098333420224
MK,2015-05,0.4,NA,0.3985651654045519,-0.0014348345954481312,0.05998398590899784,0.40124832813195344,0.0012483281319534134,0.06489086404578184
MK,2015-06,1,NA,0.9718465083659034,-0.02815349163409664,0.06006772099530938,0.956222919468086,-0.04377708053191398,0.0650124176691669
MK,2015-07,0.3,NA,0.2704868763774959,-0.02951312362250408,0.06003158118996081,0.26893769610039087,-0.031062303899609123,0.06496107408457347
MK,2015-08,0.7,NA,0.7337420846316167,0.033742084631616764,0.06008813660089615,0.734522560335793,0.03452256033579304,0.06504530974069374
MK,2015-09,0.5,NA,0.5123568414707513,0.012356841470751334,0.06007194880658383,0.5244231345520101,0.024423134552010062,0.06502280664777885
MK,2015-10,-0.1,NA,-0.060120240480965315,0.03987975951903469,0.060017028044064086,-0.059772863120155506,0.0402271368798445,0.06493874978607889
MK,2015-11,-0.2,NA,-0.18039687312086938,0.019603126879130628,0.06001300877565039,-0.1644245142003009,0.0355754857996991,0.0649353942814499
MK,2015-12,-0.3,NA,-0.3402722177742179,-0.04027221777421791,0.05999097917244925,-0.34328358208955967,-0.04328358208955968,0.06489975495656049
MK,2016-01,0.4,NA,0.4325520571371255,0.0325520571371255,0.06008110612901807,0.43510877719428187,0.03510877719428185,0.06503639225635366
MK,2016-02,0.2,NA,0.17081993569132425,-0.029180064308675757,0.06005681370255685,0.16484339877116394,-0.03515660122883607,0.06499811504561451
MK,2016-03,-0.1,NA,-0.16011207845493258,-0.06011207845493258,0.05999899369166142,-0.14925373134327957,-0.049253731343279566,0.06491423479616841
MK,2016-04,-0.4,NA,-0.37882564051440193,0.021174359485598093,0.059950213057496045,-0.37169194171869924,0.028308058281300785,0.06484004668884041
MK,2016-05,-0.1,NA,-0.0992457324335172,7.54267566482808e-4,0.05991964838564741,-0.1036116044997204,-0.0036116044997203944,0.06479398966810986
MK,2016-06,0,NA,-0.02976781107362214,-0.02976781107362214,0.05992112682024839,-0.02959893443835737,-0.02959893443835737,0.0647972769768804
MK,2016-07,0.5,NA,0.4695773803576664,-0.030422619642333615,0.060014465849753104,0.4619281776188311,-0.03807182238116891,0.06493532470403955
MK,2016-08,0.4,NA,0.40909998004390324,0.009099980043903222,0.059998458390543005,0.4166666666666652,0.016666666666665164,0.06491195436507936
MK,2016-09,0.7,NA,0.6896551724137945,-0.010344827586205474,0.06002946802460839,0.6856461469667563,-0.014353853033243658,0.06495645000350028
MK,2016-10,0.8,NA,0.7920593543212506,-0.007940645678749414,0.060065773980064234,0.7775119617225101,-0.022488038277489908,0.0650102804995307
MK,2016-11,0.4,NA,0.37148594377509614,-0.028514056224903883,0.06005880953533008,0.3593352298248087,-0.04066477017519132,0.06499920161924126
MK,2016-12,0.2,NA,0.1807591885920834,-0.019240811407916614,0.06005125322296606,0.17972143178075495,-0.020278568219245063,0.06499024422882888
MK,2017-01,1.1,NA,1.0516826923076872,-0.048317307692312905,0.06006869404508752,1.0606513295488673,-0.03934867045113277,0.06501797515159463
MK,2017-02,0.5,NA,0.4814926271441422,-0.018507372855857795,0.06005524589362746,0.4787552363853864,-0.021244763614613582,0.06499691466460095
MK,2017-03,1,NA,1.012328355217007,0.012328355217007037,0.060073786125850306,1.0014947683108844,0.0014947683108843535,0.06502253324127884
MK,2017-04,1.6,NA,1.6111277894526266,0.011127789452626491,0.06008761772187795,1.5967766005073658,-0.0032233994926342824,0.06504229044922455
MK,2017-05,2.2,NA,2.1557719054241975,-0.04422809457580268,0.06004151459891835,2.163283449399933,-0.036716550600067066,0.06497727688912432
MK,2017-06,2.6,NA,2.620347394540934,0.020347394540933816,0.06005560036697474,2.635085122131753,0.035085122131752744,0.06499889601200087
MK,2017-07,2.2,NA,2.138027048528235,-0.06197295147176529,0.06005061789222993,2.150697122515588,-0.0493028774844122,0.0649918938833073
MK,2017-08,2.4,NA,2.4644738149657286,0.06447381496572868,0.060059846656810384,2.445168938944864,0.04516893894486396,0.06500038299784713
MK,2017-09,2.4,NA,2.4419297200714896,0.04192972007148965,0.060047743186424044,2.4426350851221468,0.042635085122146865,0.06498465100556049
MK,2017-10,2.7,NA,2.6559236048940615,-0.04407639510593864,0.06007937549014693,2.655786350148359,-0.044213649851641,0.06503381204377956
MK,2017-11,3.2,NA,3.1509452835850826,-0.04905471641491754,0.060160595442812104,3.1627629419662906,-0.03723705803370958,0.06515461457123425
MK,2017-12,3.5,NA,3.468323977546106,-0.03167602245389389,0.06019789113760757,3.4683809239049124,-0.03161907609508763,0.06520917782358386
MK,2018-01,2.1,NA,2.0517395182872322,-0.048260481712767866,0.06001346711855919,2.0546932742054658,-0.04530672579453432,0.06493382803209205
MK,2018-02,3.1,NA,3.0448237995407856,-0.05517620045921445,0.06013501167013781,3.052412150089334,-0.04758784991066589,0.0651170646329727
MK,2018-03,2.7,NA,2.6493351855526814,-0.05066481444731874,0.06005404520666564,2.66390409945243,-0.03609590054757028,0.06499658902615454
MK,2018-04,2.3,NA,2.2651171951939997,-0.034882804806000145,0.059959873803190566,2.2620446533490046,-0.0379553466509952,0.06485473300920601
MK,2018-05,2.7,NA,2.684041622094724,-0.015958377905276322,0.059855297171160886,2.683103698332112,-0.016896301667888025,0.06469783203033591
MK,2018-06,2,NA,2.031144211239,0.031144211238999908,0.05977034259653927,2.0193278523005898,0.019327852300589754,0.06456940197982841
MK,2018-07,2.3,NA,2.3074676273001637,0.007467627300163926,0.059848479584621764,2.3086975461013237,0.008697546101323894,0.06468772306854229
MK,2018-08,2.3,NA,2.29851614780332,-0.0014838521966797913,0.05980983978992355,2.314479965282823,0.014479965282823137,0.06463290033019549
MK,2018-09,2.1,NA,2.0639534883720945,-0.03604651162790562,0.05978992022714981,2.052023121387281,-0.047976878612719265,0.06459913461859734
MK,2018-10,2.4,NA,2.344961240310073,-0.05503875968992711,0.05980353494381348,2.3558317675964613,-0.04416823240353862,0.06462319928946354
MK,2018-11,1.9,NA,1.910395655546937,0.01039565554693711,0.05979006961091675,1.894432393347767,-0.0055676066522329926,0.06459829590696659
MK,2018-12,1.5,NA,1.55008719240457,0.05008719240457005,0.059763131524530354,1.5460193613639817,0.04601936136398166,0.06456046953918249
MK,2019-01,1.8,NA,1.7676767676767735,-0.032323232323226536,0.05979835260138291,1.767091541135568,-0.032908458864431944,0.06461233281728966
MK,2019-02,1.8,NA,1.7922883162177827,-0.007711683782217316,0.059774863801405634,1.7916486056928305,-0.00835139430716958,0.06457821475261472
MK,2019-03,2.2,NA,2.2039632672788745,0.003963267278874305,0.05977302867410725,2.191148911633256,-0.0088510883667440865,0.0645733853907765
MK,2019-04,2.8,NA,2.754237288135597,-0.04576271186440284,0.05976281959207125,2.7578282102844076,-0.04217178971559221,0.0645617515232896
MK,2019-05,1.6,NA,1.6194715408656135,0.019471540865613424,0.059547280591953106,1.610169491525415,0.010169491525414909,0.06423800632002298
MK,2019-06,-0.2,NA,-0.16115271589723923,0.03884728410276078,0.059471933229884484,-0.15552099533436836,0.04447900466563165,0.0641272783122201
MK,2019-07,0.3,NA,0.2854967643699968,-0.014503235630003164,0.05953014354607775,0.28384899233608873,-0.016151007663911254,0.06421259217941641
MK,2019-08,0.4,NA,0.3792188092529347,-0.020781190747065303,0.059498446094484875,0.3675950798812222,-0.032404920118777825,0.0641642580998078
MK,2019-09,-0.3,NA,-0.31330105383081674,-0.013301053830816756,0.05947909897209576,-0.29736618521666314,0.002633814783336852,0.06413924057029052
MK,2019-10,-0.8,NA,-0.7669002082938858,0.03309979170611421,0.05943159911909232,-0.7624964699237347,0.03750353007626539,0.06406647158500962
MK,2019-11,-0.6,NA,-0.5709391949757392,0.029060805024260783,0.05948848895256563,-0.5676979846721442,0.032302015327855815,0.06415216449157876
MK,2019-12,-0.2,NA,-0.1908032818164318,0.009196718183568209,0.05953106261773439,-0.18497438816162948,0.015025611838370534,0.06421563927232772
MK,2020-01,0,NA,0.009543806069856053,0.009543806069856053,0.05954426149103216,0,0,0.06423284941645317
MK,2020-02,0,NA,0,0,0.05951746454744457,0,0,0.064194464158978
MK,2020-03,-0.3,NA,-0.27428355244490943,0.02571644755509056,0.059445082589972345,-0.2680208774157089,0.031979122584291086,0.06408745797168743
MK,2020-04,-0.7,NA,-0.7403936269915756,-0.04039362699157567,0.05933737611869768,-0.7408442829186512,-0.040844282918651276,0.06392641569171661
MK,2020-05,-0.7,NA,-0.6803355079217144,0.019664492078285578,0.0592879619986989,-0.6811231581873689,0.01887684181263105,0.06385313294702619
MK,2020-06,2.3,NA,2.3167489555639964,0.01674895556399658,0.059604858951555456,2.322288303596709,0.02228830359670919,0.06432471596598674
MK,2020-07,2,NA,1.9643196052381962,-0.035680394761803846,0.05958266841930339,1.9671667138409399,-0.032833286159060115,0.0642914779729579
MK,2020-08,1.9,NA,1.9361541367586055,0.03615413675860557,0.05953608585836601,1.9439357656008127,0.043935765600812804,0.0642234072239471
MK,2020-09,2.1,NA,2.114285714285713,0.014285714285712903,0.05962448979591837,2.1019741513989443,0.0019741513989441906,0.06435179478422093
MK,2020-10,2.1,NA,2.1276595744680993,0.02765957446809919,0.05964257511566015,2.120091064314167,0.02009106431416674,0.06437963083838319
MK,2020-11,3,NA,3.0433534309503463,0.04335343095034627,0.05971592274049911,3.0402512132457815,0.040251213245781514,0.06449045469692019
MK,2020-12,3.1,NA,3.096922194609064,-0.0030778053909359393,0.05970640996915547,3.093371347113316,-0.006628652886683906,0.06447565013165454
MK,2021-01,2.6,NA,2.5956675255272454,-0.004332474472754644,0.05966674623177437,2.5903785937944734,-0.00962140620552665,0.06441719175873858
MK,2021-02,2.5,NA,2.4840582468830474,-0.01594175311695256,0.05963567422893705,2.4840312278211485,-0.01596877217885151,0.06437076162014345
MK,2021-03,2.6,NA,2.655538694992421,0.05553869499242081,0.05960999329926937,2.644978783592622,0.04497878359262186,0.06433132806107444
MK,2021-04,3.1,NA,3.0592012085733256,-0.04079879142667453,0.05958640360724074,3.0559076186452705,-0.04409238135472959,0.06429769804384208
MK,2021-05,3.3,NA,3.302993337712312,0.0029933377123123606,0.059538472053003305,3.303009097270815,0.0030090972708149977,0.06422694255404275
MK,2021-06,2.3,NA,2.32925018559762,0.02925018559762016,0.059387957042761584,2.324937724882359,0.024937724882359014,0.06399978810717426
MK,2021-07,2.8,NA,2.810609585853885,0.01060958585388505,0.05943744111614025,2.8036086051353104,0.003608605135310583,0.06407381045143201
MK,2021-08,3.3,NA,3.270638376725654,-0.02936162327434566,0.05941678117190428,3.261019759568873,-0.03898024043112702,0.0640431822412304
MK,2021-09,4,NA,4.001119194180203,0.0011191941802026761,0.05951320272310111,4.0061204618166535,0.0061204618166534885,0.06418876898468609
MK,2021-10,4.7,NA,4.652466367712993,-0.047533632287007244,0.05955962567113757,4.6537550508569,-0.046244949143099845,0.06425761147072989
MK,2021-11,4.8,NA,4.783133649113025,-0.016866350886974857,0.059509758226484306,4.792907604931451,-0.00709239506854864,0.06418429890600717
MK,2021-12,4.9,NA,4.867420730576666,-0.032579269423334445,0.05949691362555983,4.86725663716816,-0.032743362831840095,0.06416394196883077
MK,2022-01,6.7,NA,6.66914705608781,-0.03085294391219051,0.059611624363133095,6.687014428412885,-0.012985571587114997,0.06433733451917403
MK,2022-02,7.7,NA,7.735884101040114,0.035884101040113414,0.059645982731289016,7.742382271468151,0.04238227146815099,0.06438659157004628
MK,2022-03,9,NA,9.016999260901715,0.016999260901714663,0.05965525680251764,9.02576822378396,0.0257682237839596,0.0644016651663073
MK,2022-04,10.6,NA,10.563444800732945,-0.036555199267054306,0.05964559985344631,10.576660289696637,-0.023339710303362793,0.06438758269265488
MK,2022-05,11.9,NA,11.899355073121987,-6.449268780137629e-4,0.059623914754887916,11.908955426094003,0.008955426094003016,0.06435503017383105
MK,2022-06,14.5,NA,14.491702185544586,-0.008297814455413999,0.05972575052986055,14.484717338382481,-0.015282661617519011,0.06450397060713975
MK,2022-07,15.6,NA,15.606046890558511,0.006046890558511819,0.059758579111548776,15.606858377210742,0.006858377210742006,0.0645542634249501
MK,2022-08,16.7,NA,16.67862910461153,-0.02137089538846837,0.05972001745489914,16.686738926803145,-0.013261073196854767,0.06449797530622262
MK,2022-09,18.5,NA,18.53645412967446,0.03645412967446049,0.05979896216167494,18.53684632874146,0.03684632874146132,0.06461393916870012
MK,2022-10,19.4,NA,19.362613818960916,-0.03738618103908209,0.05979122539809681,19.358274530688323,-0.04172546931167531,0.06460246801562297
MK,2022-11,19.1,NA,19.065768480765843,-0.034231519234158014,0.05970864068785525,19.061467283542612,-0.038532716457389427,0.06447861647610989
MK,2022-12,17.8,NA,17.77031208558042,-0.029687914419579187,0.05962648360381843,17.774261603375518,-0.025738396624483073,0.06435748032722677
MK,2023-01,16,NA,16.018486222532257,0.018486222532256846,0.05941831558347281,16.007802340702206,0.007802340702205868,0.06404472056831614
MK,2023-02,15.4,NA,15.421084389276785,0.02108438927678513,0.059284591172712564,15.413292196940475,0.013292196940474454,0.06384582158355448
MK,2023-03,13.8,NA,13.813559322033896,0.013559322033895427,0.05905989658144212,13.814459049544991,0.014459049544990776,0.06351203608755972
MK,2023-04,12,NA,11.957242293669212,-0.04275770633078757,0.05878178829522992,11.950074147305978,-0.049925852694022055,0.06309627250045144
MK,2023-05,10.7,NA,10.731390534946028,0.031390534946028836,0.058553104575653304,10.726392251815975,0.026392251815975598,0.06275583488207119
MK,2023-06,9.2,NA,9.219801980198007,0.019801980198007385,0.058285932751691014,9.226225634967488,0.02622563496748853,0.06235831220525502
MK,2023-07,8.7,NA,8.683736590713353,-0.016263409286645825,0.05817021911325321,8.688543734672427,-0.011456265327572268,0.06218548077395028
MK,2023-08,8.1,NA,8.13533256439829,0.035332564398290245,0.05800212735733942,8.142201834862384,0.04220183486238405,0.061934759279521925
MK,2023-09,6.6,NA,6.559237403540608,-0.040762596459392064,0.05781355868526028,6.555342434841482,-0.044657565158517265,0.06165267643206823
MK,2023-10,3.4,NA,3.3729713559195185,-0.027028644080481445,0.0576050022943654,3.379810373675407,-0.02018962632459287,0.06134298998180008
MK,2023-11,3,NA,3.0298518573661726,0.029851857366172574,0.05755712989865876,3.030975907627398,0.03097590762739788,0.0612707325362289
MK,2023-12,3.8,NA,3.7609789054875664,-0.03902109451243341,0.057648111211826725,3.750559785042551,-0.04944021495744888,0.06140565157775653
MK,2024-01,4.1,NA,4.051108605787279,-0.048891394212720485,0.0576682115222017,4.057841049209743,-0.04215895079025689,0.06143693762185909
MK,2024-02,3.9,NA,3.8685586258401905,-0.03144137415980941,0.05761271690163705,3.8650033415014384,-0.034996658498561484,0.061353586730981374
MK,2024-03,4.5,NA,4.475055845122844,-0.024944154877156066,0.057612623076884695,4.475291504719592,-0.024708495280408194,0.061353430955287044
MK,2024-04,4.6,NA,4.5740507734438385,-0.025949226556161165,0.05757064801914898,4.58107958935865,-0.01892041064134986,0.061291592868382754
MK,2024-05,4.6,NA,4.5524521662634765,-0.04754783373652316,0.057497707358927626,4.55937021648809,-0.0406297835119096,0.061182996403700424
MK,2024-06,3.1,NA,3.089419102182922,-0.01058089781707805,0.057364182286684426,3.093229504650652,-0.006770495349348149,0.060982761708017016
MK,2024-07,3.5,NA,3.551873198847244,0.05187319884724406,0.05733256027373369,3.5457182765660455,0.045718276566045546,0.060935087475908783
MK,2024-08,3.1,NA,3.1145559269003753,0.014555926900375216,0.05722159410961034,3.107104984093323,0.00710498409332283,0.06076919962800071
MK,2024-09,3.7,NA,3.691870784522555,-0.008129215477445051,0.05723080833455885,3.695468022024584,-0.004531977975416268,0.060784385219293975
MK,2024-10,4.6,NA,4.623064679496469,0.02306467949646951,0.05740207873967214,4.6180405697021865,0.018040569702186815,0.061038953418736636
MK,2024-11,5.6,NA,5.5997109826589675,-2.890173410321495e-4,0.05742773522336196,5.592672413793109,-0.007327586206890224,0.06107719140160524
MK,2024-12,5.7,NA,5.650412386051218,-0.049587613948782305,0.05743924223650887,5.654472860688453,-0.04552713931154706,0.06109606522394996
MK,2025-01,5.8,NA,5.822016758162385,0.02201675816238513,0.0574336180568536,5.817084994075206,0.017084994075205806,0.061085698857808644
MK,2025-02,6,NA,5.982168536094323,-0.017831463905676692,0.05740516855536721,5.983914209115282,-0.016085790884718065,0.06104471389861208
MK,2025-03,3.8,NA,3.798731380514564,-0.0012686194854358845,0.05726244499253491,3.7946428571428603,-0.0053571428571395074,0.06083092277089407
MK,2025-04,3.5,NA,3.489277372779398,-0.010722627220602021,0.05720112100547737,3.483217226092483,-0.016782773907516813,0.060739034052464246
MK,2025-05,4.1,NA,4.115832281587428,0.015832281587428554,0.05715593297860004,4.109589041095907,0.009589041095907191,0.06067183880796277
MK,2025-06,5.1,NA,5.0721069293000465,-0.02789307069995317,0.057213229227200145,5.06714225765843,-0.03285774234156946,0.06075677414276429
MK,2025-07,4.6,NA,4.626730675572266,0.02673067557226627,0.05711844189367468,4.627996264397627,0.027996264397627257,0.060616789263484364
MK,2025-08,4.4,NA,4.358320115854086,-0.04167988414591406,0.05704635266932812,4.360793993623369,-0.03920600637663174,0.06050914295966386
MK,2025-09,3.3,NA,3.259157822663461,-0.04084217733653883,0.05695854699837944,3.2574287756560683,-0.04257122434393157,0.06037768961378823
MK,2025-10,4.4,NA,4.356545190512406,-0.04345480948759395,0.0570657819372973,4.362623762376239,-0.03737623762376163,0.060538501637911316
MK,2025-11,3.6,NA,3.6127266507013367,0.012726650701336606,0.05696588185599389,3.6126135319930697,0.012613531993069582,0.06038945879844847
MK,2025-12,3.6,NA,3.554064233376697,-0.04593576662330312,0.056969597487960585,3.564498008375039,-0.03550199162496126,0.060395490655110566
MK,2026-01,2.9,NA,2.9419795221843126,0.04197952218431267,0.05692634742396534,2.942074722589849,0.042074722589849234,0.060329943740333396
MK,2026-02,2.6,NA,2.639077340569873,0.039077340569873,0.05687378145660007,2.6408985125973894,0.0408985125973893,0.060251993246615274
MK,2026-03,4.9,NA,4.923098049986274,0.02309804998627385,0.057035261537008594,4.925755248335872,0.02575524833587206,0.060492870212408394
MK,2026-04,5.7,NA,5.662700041034063,-0.03729995896593685,0.0570326460142605,5.660954712362298,-0.039045287637701875,0.060488624781332226
MK,2026-05,4.9,NA,4.848811367768868,-0.051188632231132125,0.05689773086968041,4.851345922057049,-0.048654077942951623,0.06028783376466739
MK,2026-06,3.5,NA,3.501606855918582,0.0016068559185820064,0.056812453362878906,3.494757863205189,-0.005242136794811003,0.060159498645192475
MK,2026-07,2.4,NA,2.4404841069291194,0.04048410692911952,0.056730964360517666,2.4397500743826406,0.039750074382640666,0.06003866657117835
MK,2026-08,2.6,NA,2.6300138769576265,0.030013876957626362,0.05669497171337334,2.6214644722578173,0.021464472257817224,0.05998430395546752
RS,2006-12,6.4,NA,6.359482102056346,-0.04051789794365401,0.06964579989547376,6.379155435759221,-0.02084456424077974,0.08090433594425864
RS,2007-01,6.1,NA,6.064613640657468,-0.03538635934253165,0.06946576739473431,6.060606060606077,-0.03939393939392222,0.08060912151821244
RS,2007-02,4.6,NA,4.575163398692816,-0.024836601307183237,0.0691013224461898,4.581497797356837,-0.01850220264316249,0.08004133594674843
RS,2007-03,4.4,NA,4.3986636971046655,-0.0013363028953348177,0.06896795320129034,4.407472270869839,0.007472270869838482,0.07983179688716723
RS,2007-04,3.1,NA,3.0971032975041,-0.0028967024958999055,0.06850037377459502,3.1232091690544417,0.023209169054441592,0.07910074629929148
RS,2007-05,2.4,NA,2.3554603854389677,-0.04453961456103217,0.06805455570890784,2.357563850687616,-0.04243614931238371,0.07839707603854723
RS,2007-06,2.9,NA,2.8944077184205996,-0.005592281579400282,0.06812528209026449,2.8940713683618835,-0.005928631638116411,0.07850436518240543
RS,2007-07,3.9,NA,3.8433778419343145,-0.05662215806568538,0.06839077750288111,3.8592508513053403,-0.04074914869465962,0.07892441130126353
RS,2007-08,6.1,NA,6.144144144144148,0.044144144144148356,0.06857154451749047,6.149050722584315,0.04905072258431531,0.07920785643561694
RS,2007-09,7.7,NA,7.704770477047718,0.004770477047717492,0.06869529887282158,7.729331823329555,0.02933182332955475,0.07940675705313271
RS,2007-10,8.6,NA,8.602344454463463,0.002344454463463208,0.06880994990572259,8.593306863301198,-0.006693136698801894,0.07957931180704782
RS,2007-11,9,NA,8.996601681273475,-0.0033983187265249626,0.06869044908614501,9.001406469760909,0.0014064697609086352,0.07939541581853178
RS,2007-12,10.5,NA,10.54421768707483,0.044217687074830536,0.06884570512773674,10.529279279279269,0.029279279279268877,0.07963531521386251
RS,2008-01,11.1,NA,11.115069469184192,0.015069469184192386,0.06880255339055791,11.120448179271714,0.02044817927171394,0.07956869022118651
RS,2008-02,12,NA,12.05357142857142,0.05357142857141994,0.06893335459183673,12.047177759056439,0.04717775905643862,0.07977354363367825
RS,2008-03,13.4,NA,13.457777777777768,0.05777777777776727,0.06897402469135802,13.4470226446743,0.04702264467429984,0.07983603894949319
RS,2008-04,14.6,NA,14.613889379749057,0.013889379749057795,0.06896217435763818,14.58738538482911,-0.012614615170889465,0.07981208466029857
RS,2008-05,14.1,NA,14.103905160390529,0.0039051603905289056,0.06866317164926697,14.121195503153272,0.021195503153272455,0.07935579867057216
RS,2008-06,14.2,NA,14.169126584476466,-0.03087341552353351,0.06859429819278316,14.172583287820872,-0.02741671217912689,0.0792425700829903
RS,2008-07,13.1,NA,13.119026933101651,0.019026933101651267,0.06851598843901839,13.114754098360649,0.014754098360649337,0.07911403744513124
RS,2008-08,10.9,NA,10.931930062807659,0.031930062807658643,0.067902896797047,10.918312867058177,0.018312867058176252,0.078152471018027
RS,2008-09,10.2,NA,10.245696139060655,0.04569613906065584,0.06757025707329606,10.223390275952692,0.02339027595269272,0.07762462421497407
RS,2008-10,11.5,NA,11.491198937230163,-0.008801062769837387,0.06755988035015195,11.491250979367983,-0.00874902063201688,0.07761703460164115
RS,2008-11,10.2,NA,10.239579914670172,0.0395799146701723,0.06724971938912622,10.24516129032258,0.04516129032258043,0.07712840790842873
RS,2008-12,8,NA,8.032388663967605,0.032388663967605424,0.06684472782704191,8.048904737646478,0.048904737646477514,0.07649629454121835
RS,2009-01,9.7,NA,9.682590573901884,-0.017409426098115688,0.06680687644869365,9.654650869674807,-0.04534913032519228,0.0764248362578365
RS,2009-02,10.5,NA,10.470119521912347,-0.029880478087653373,0.0667705274519452,10.476190476190483,-0.02380952380951662,0.07637546246568803
RS,2009-03,9,NA,9.041052961454099,0.04105296145409909,0.0663773936823452,9.043863972400201,0.043863972400201234,0.07575700640369643
RS,2009-04,8.3,NA,8.325624421831645,0.02562442183164393,0.06605963802203452,8.341416100872934,0.041416100872933015,0.07525962852823387
RS,2009-05,8.7,NA,8.693659281894561,-0.006340718105438015,0.06594298390236017,8.697741470446907,-0.002258529553092359,0.07507180940298497
RS,2009-06,8.5,NA,8.517110266159689,0.017110266159688692,0.06585681446890948,8.514709399665144,0.014709399665143508,0.07493598533839574
RS,2009-07,8.8,NA,8.847926267281125,0.04792626728112381,0.06604054733235647,8.840579710144937,0.04057971014493589,0.07522229223552476
RS,2009-08,8.4,NA,8.40091813312931,9.181331293088846e-4,0.06594498225961204,8.423586040914554,0.023586040914553408,0.07508105728530862
RS,2009-09,7.6,NA,7.62583383869011,0.02583383869011069,0.06573876848383037,7.629947544110638,0.02994754411063827,0.0747532126304376
RS,2009-10,5.6,NA,5.615132558832281,0.015132558832281262,0.06531241678275486,5.6219255094870135,0.021925509487013883,0.07408314892357543
RS,2009-11,6.2,NA,6.207204525156285,0.007204525156284447,0.06534736562408129,6.203183520599254,0.00318352059925342,0.07413426773415253
RS,2009-12,6.9,NA,6.9105081696897,0.010508169689699365,0.06550820777767125,6.9071192833568995,0.007119283356899153,0.07438792070760926
RS,2010-01,5,NA,4.998538439052913,-0.0014615609470869373,0.06498089289966771,5.011494252873572,0.011494252873571753,0.07356453956929582
RS,2010-02,4,NA,3.9815349105597253,-0.018465089440274696,0.06471303627456432,3.9927404718693493,-0.007259528130650672,0.0731389224673173
RS,2010-03,4.9,NA,4.8713895674666,-0.028610432533400676,0.06471988716535901,4.8813559322033795,-0.018644067796620867,0.07315043569855406
RS,2010-04,4.6,NA,4.58297751209793,-0.017022487902069727,0.06455899356049657,4.565801253357216,-0.034198746642783995,0.07289232332736764
RS,2010-05,4.2,NA,4.231093618217607,0.031093618217607144,0.06435416738952893,4.221927497789557,0.021927497789556938,0.07257094689409699
RS,2010-06,4.2,NA,4.162578836720399,-0.037421163279601544,0.06430711834875406,4.165748291822791,-0.03425170817720957,0.07250008246548631
RS,2010-07,5,NA,5.038103302286201,0.03810330228620096,0.06446783116725135,5.015534842432312,0.015534842432312068,0.07274917164252467
RS,2010-08,6.5,NA,6.493506493506485,-0.006493506493515433,0.0645746404922012,6.481687014428417,-0.01831298557158334,0.07291694639449817
RS,2010-09,7.7,NA,7.663051133962551,-0.03694886603744951,0.06462621856134404,7.665042091271612,-0.034957908728388,0.07300233075889141
RS,2010-10,8.7,NA,8.72937526441968,0.029375264419680747,0.06471790828264136,8.738079396762032,0.03807939676203276,0.07314682628041273
RS,2010-11,9.4,NA,9.390329362298534,-0.009670637701466589,0.06467346386561307,9.38946440379107,-0.010535596208930187,0.07307576200174026
RS,2010-12,10.2,NA,10.23555804823333,0.0355580482333302,0.06473889217948917,10.231532524807063,0.03153252480706392,0.07317877977120255
RS,2011-01,11,NA,11.010579064587978,0.010579064587977527,0.06468614832019683,11.011383537653252,0.011383537653252063,0.07309669259387623
RS,2011-02,12.3,NA,12.30577136514983,0.005771365149829677,0.06472709290823736,12.303664921465952,0.0036649214659512097,0.0731570315141215
RS,2011-03,13.9,NA,13.907919978076166,0.00791997807616518,0.06465524253069856,13.897866839043328,-0.0021331609566725973,0.07304437263941428
RS,2011-04,14.4,NA,14.384866630375592,-0.015133369624408033,0.06458797404942676,14.40496575342467,0.004965753424668762,0.07294573691710453
RS,2011-05,13.5,NA,13.526635198921099,0.02663519892109889,0.06439828962905739,13.53128313891836,0.031283138918359654,0.07264382641982167
RS,2011-06,12.8,NA,12.836383207750268,0.03638320775026749,0.06431891706187771,12.822683030046566,0.022683030046565023,0.07251615351566298
RS,2011-07,12.2,NA,12.159075641542394,-0.040924358457605337,0.06425225551803992,12.172442941673701,-0.02755705832629829,0.07241889718318614
RS,2011-08,10.7,NA,10.644220572640517,-0.05577942735948227,0.0639610432511029,10.652491140296029,-0.047508859703970785,0.07195669075883845
RS,2011-09,9.4,NA,9.407300798115914,0.007300798115913665,0.06369928698142849,9.403292181069967,0.0032921810699662046,0.07154354857829938
RS,2011-10,8.8,NA,8.78080415045397,-0.019195849546031596,0.063539611164102075,8.770140730165199,-0.029859269834801694,0.07129004086581331
RS,2011-11,8.3,NA,8.26393337604101,-0.03606662395899107,0.06334169976784376,8.261132379609105,-0.03886762039089575,0.0709813754160396
RS,2011-12,6.9,NA,6.868481302467555,-0.031518697532445294,0.0631562249619987,6.881376275255047,-0.018623724744953662,0.07069227608274206
RS,2012-01,5.6,NA,5.554858934169293,-0.04514106583070632,0.06288745197079432,5.561033326760012,-0.03896667323998759,0.07026829356406626
RS,2012-02,4.9,NA,4.9042618900555945,0.004261890055594186,0.06265622371155377,4.895104895104896,-0.004895104895104474,0.06990045696339403
RS,2012-03,3.2,NA,3.1998075303741214,-1.9246962587882166e-4,0.062221809667410935,3.19712447975784,-0.002875520242159979,0.06922031067723779
RS,2012-04,2.7,NA,2.6650803093396958,-0.034919690660304425,0.06205622131524924,2.6566884939195345,-0.043311506080465634,0.0689575948076632
RS,2012-05,4.6,NA,4.573532905678301,-0.026467094321698248,0.06215095823863616,4.57687278161778,-0.02312721838221954,0.06910861879148308
RS,2012-06,6,NA,6.010016694490816,0.010016694490816214,0.06228297261474427,6.0202550637659336,0.020255063765933556,0.0693192287194079
RS,2012-07,6.2,NA,6.229036895064688,0.029036895064687762,0.06235200268897129,6.235870384325559,0.035870384325559,0.06942689057877974
RS,2012-08,7.9,NA,7.919012818976867,0.019012818976866797,0.062454715036478786,7.912584777694054,0.012584777694053528,0.0695848327786072
RS,2012-09,10.2,NA,10.212867734991615,0.012867734991615976,0.06256953287102318,10.21252586044763,0.012525860447631487,0.06976796368821211
RS,2012-10,12.9,NA,12.900918087516388,9.180875163874447e-4,0.06269231656656232,12.900806300393786,8.063003937852642e-4,0.06996069813429531
RS,2012-11,12.2,NA,12.18934911242604,-0.010650887573959267,0.06255558278771751,12.190582542341355,-0.009417457658644324,0.06974600619228935
RS,2012-12,12.3,NA,12.33039752439895,0.030397524398949827,0.06263570563701494,12.315178738536403,0.015178738536402392,0.06986853628472173
RS,2013-01,12.7,NA,12.710857685911137,0.010857685911137338,0.06263428710417623,12.703157108163632,0.0031571081636325715,0.06986765898637808
RS,2013-02,12.3,NA,12.293923692887422,-0.006076307112579116,0.062499642233448394,12.277777777777787,-0.02222222222221326,0.06965534979423868
RS,2013-03,11.2,NA,11.1784590278587,-0.02154097214129891,0.062307871490142136,11.182401466544455,-0.017598533455544185,0.06935677373662186
RS,2013-04,11.5,NA,11.530884227604577,0.03088422760457732,0.06225697556076049,11.536358665937673,0.036358665937672896,0.06927613984562947
RS,2013-05,9.5,NA,9.508122231057591,0.008122231057591023,0.061899813826596484,9.503394069310467,0.0033940693104668185,0.06871234316446145
RS,2013-06,9.6,NA,9.617547806524174,0.017547806524174092,0.06178951337494512,9.605519193348666,0.005519193348666462,0.06853931710537314
RS,2013-07,8.8,NA,8.761840324763192,-0.038159675236808965,0.06177051422670068,8.760418513920909,-0.03958148607909173,0.06851041128869666
RS,2013-08,7.5,NA,7.448934280639441,-0.051065719360559036,0.06151470549959145,7.45460893854748,-0.04539106145251992,0.06810881712103242
RS,2013-09,5.1,NA,5.067274305555558,-0.03272569444444162,0.06112561167022329,5.06825938566553,-0.03174061433446962,0.06749729175645611
RS,2013-10,2.5,NA,2.4712218819305187,-0.028778118069481273,0.060691267392646034,2.4746719813984352,-0.02532801860156475,0.06681404019111431
RS,2013-11,1.8,NA,1.7827004219409304,-0.017299578059069676,0.0606425474906087,1.791639017916391,-0.008360982083609025,0.06673785990526845
RS,2013-12,2.3,NA,2.331002331002341,0.031002331002341066,0.06071895541062738,2.332944509248458,0.032944509248458154,0.06685826899760444
RS,2014-01,3,NA,3.0143338954468746,0.014333895446874578,0.06069847880983595,3.0167412564230167,0.016741256423016715,0.06682552140364853
RS,2014-02,2.7,NA,2.684563758389258,-0.015436241610742307,0.06062733660645917,2.68843806696355,-0.011561933036450256,0.06671519363903708
RS,2014-03,2.5,NA,2.516250786328378,0.016250786328377842,0.06061628490177859,2.5226710634789873,0.022671063478987286,0.06669601575131731
RS,2014-04,2.2,NA,2.244389027431426,0.04438902743142581,0.06050729369427636,2.23856209150326,0.03856209150325984,0.06652275834080909
RS,2014-05,2.5,NA,2.479253112033186,-0.020746887966813787,0.06050203594979425,2.4796084828711207,-0.020391517128879322,0.066515465618504993
RS,2014-06,1.5,NA,1.4982042072857915,-0.0017957927142084884,0.060338543058352276,1.5009683666881823,9.683666881823427e-4,0.06626056878362559
RS,2014-07,2.4,NA,2.415759460860545,0.015759460860544916,0.06049330012757183,2.4131746290559253,0.013174629055925369,0.0665019708649157
RS,2014-08,1.9,NA,1.9010228329372714,0.0010228329372714562,0.060429849304315386,1.900893582453289,8.935824532891878e-4,0.06640137234625941
RS,2014-09,2.5,NA,2.4475885572653233,-0.05241144273467668,0.06045376373836958,2.4524930972876335,-0.04750690271236646,0.0664408391340984
RS,2014-10,1.9,NA,1.9478511800474108,0.047851180047410846,0.06040646455632523,1.944894651539708,0.044894651539708175,0.06636506439639706
RS,2014-11,2.4,NA,2.4147580060109863,0.014758006010986424,0.060488898228107116,2.411994784876148,0.011994784876148135,0.06649380661545601
RS,2014-12,1.9,NA,1.9258645682335818,0.025864568233581853,0.0604538136554273,1.9215111545350938,0.02151115453509389,0.06644044220440767
RS,2015-01,0.4,NA,0.34786167382852007,-0.052138326171479954,0.060249020957327024,0.3539823008849474,-0.0460176991150526,0.06611858264689341
RS,2015-02,0.8,NA,0.8169934640522847,0.016993464052284635,0.0602541356956726,0.8191455187921637,0.01914551879216364,0.06612746109209702
RS,2015-03,1.6,NA,1.6363264471261907,0.0363264471261906,0.06031071417708766,1.62431650048247,0.024316500482469916,0.06621295565298187
RS,2015-04,1.6,NA,1.6158536585365812,0.01585365853658116,0.0602447080111045,1.6141921048425711,0.014192104842571052,0.0661110909465273
RS,2015-05,1.4,NA,1.3665350744002325,-0.03346492559976744,0.060191645666282025,1.3689907672715718,-0.03100923272842815,0.06602745867297609
RS,2015-06,1.9,NA,1.920938226670721,0.020938226670720983,0.060207306552758605,1.9239942757194983,0.023994275719498415,0.06605374417838444
RS,2015-07,1.2,NA,1.2249443207126953,0.024944320712695367,0.060185510443445674,1.2259194395796813,0.025919439579681347,0.06601862119404392
RS,2015-08,2.2,NA,2.250836459495087,0.05083645949508675,0.06025300803302723,2.2321428571428603,0.03214285714286014,0.06612182261297377
RS,2015-09,1.6,NA,1.5927419354838657,-0.0072580645161344215,0.06016092449271592,1.5852885225110969,-0.014711477488903224,0.06597854221009125
RS,2015-10,1.7,NA,1.6983420946219185,-0.0016579053780814146,0.06019502335698655,1.7011128775834772,0.001112877583477223,0.06603347479154081
RS,2015-11,1.6,NA,1.6089860352155538,0.008986035215553745,0.06020081896555432,1.6072565245066839,0.0072565245066837925,0.06604131576420327
RS,2015-12,1.8,NA,1.828524989841518,0.028524989841517856,0.06025134726685502,1.8373542099376916,0.03735420993769156,0.06612377010783974
RS,2016-01,2.7,NA,2.6814845024469847,-0.018515497553015514,0.060332457407343346,2.6775693442360193,-0.022430655763980845,0.06624800139043098
RS,2016-02,1.9,NA,1.9246353322528442,0.02463533225284431,0.060227139147703244,1.9276724549944113,0.0276724549944114,0.06608472777242269
RS,2016-03,1.1,NA,1.137049708190796,0.037049708190795894,0.06011959396801121,1.139420794429502,0.03942079442950197,0.06591544712726931
RS,2016-04,0.9,NA,0.890089008900885,-0.009910991099114974,0.060045509001345185,0.8965083359547155,-0.0034916640452845593,0.06579871880591025
RS,2016-05,0.8,NA,0.8388256440982733,0.03882564409827327,0.06002790221909818,0.8322864321608003,0.032286432160800294,0.06576886671106791
RS,2016-06,0.3,NA,0.3075091756770121,0.007509175677012092,0.05993490274653691,0.31201248049923525,0.012012480499235256,0.06562496197195782
RS,2016-07,1.2,NA,1.180118011801179,-0.019881988198821032,0.060060011901780244,1.1796162315193426,-0.02038376848065737,0.06582098271716888
RS,2016-08,1.3,NA,1.3287059990084282,0.028705999008428185,0.05998159176990622,1.341235184029932,0.04123518402993187,0.06570034585028306
RS,2016-09,0.8,NA,0.7541178805318571,-0.04588211946814291,0.05996001775553343,0.7646691635455616,-0.03533083645443846,0.06566515833048889
RS,2016-10,1.6,NA,1.6202783300198975,0.020278330019897428,0.06002088858499105,1.6101297483195331,0.01012974831953306,0.06575817803254022
RS,2016-11,1.7,NA,1.663180958071897,-0.036819041928102925,0.06004198690160701,1.660140955364131,-0.03985904463586887,0.06579171033323133
RS,2016-12,1.7,NA,1.6560255387071177,-0.043974461292882294,0.06005866049175515,1.6630059617194881,-0.03699403828051184,0.06581918779116093
RS,2017-01,2.5,NA,2.4625161354383973,-0.03748386456160269,0.06005175832268089,2.4515927545283978,-0.048407245471602245,0.06580665152674332
RS,2017-02,3.3,NA,3.3094812164579546,0.009481216457954744,0.060102836474679885,3.3135354798374372,0.013535479837437414,0.06588883522036867
RS,2017-03,3.7,NA,3.7210227838025967,0.02102278380259648,0.060134365873236624,3.723986856517003,0.02398685651700294,0.06593834977754007
RS,2017-04,4.3,NA,4.302141157811268,0.002141157811268002,0.0601259982730874,4.28682774746687,-0.01317225253312948,0.06592258984781503
RS,2017-05,3.8,NA,3.773024361259658,-0.0269756387403417,0.060089771457776775,3.768883351502894,-0.031116648497105714,0.06586737917392174
RS,2017-06,3.8,NA,3.8271360759493556,0.027136075949355742,0.060078477851856674,3.8258164852255083,0.0258164852255085,0.06584959692731147
RS,2017-07,3.4,NA,3.4101018088366075,0.010101808836607606,0.06005288632049208,3.4198663143168107,0.01986631431681074,0.06581065337434454
RS,2017-08,2.6,NA,2.622565808787569,0.022565808787569086,0.05991401143990545,2.6161895967990123,0.016189596799012218,0.06559065786371183
RS,2017-09,3.3,NA,3.3188891077407856,0.018889107740785782,0.06001176330055844,3.314232615765844,0.014232615765844336,0.06574370703234984
RS,2017-10,2.8,NA,2.8269588183507777,0.026958818350777847,0.05992012906281673,2.8307692307692367,0.030769230769236877,0.06560236686390533
RS,2017-11,2.9,NA,2.8898902821316685,-0.01010971786833137,0.05993778851303545,2.8809120320443693,-0.019087967955630614,0.06562786258142385
RS,2017-12,3,NA,3.032384690873391,0.03238469087339091,0.05996233487197612,3.0246913580247003,0.02469135802470035,0.06566548544429203
RS,2018-01,2,NA,2.035080918693688,0.03508091869368801,0.05978946995438966,2.04237158969669,0.04237158969668986,0.06539722386752757
RS,2018-02,1.7,NA,1.664261664261657,-0.03573833573834295,0.059700060686111674,1.6641452344932084,-0.035854765506791564,0.06525447392091477
RS,2018-03,1.5,NA,1.4868105515587482,-0.013189448441251805,0.059663635997676684,1.493437924272123,-0.006562075727877037,0.06519787584283242
RS,2018-04,1,NA,1.0074130393461278,0.007413039346127803,0.059551768344390146,1.0164424514200077,0.016442451420007664,0.0650236504074305
RS,2018-05,2.2,NA,2.2139517129497133,0.013951712949713091,0.05964853286157791,2.22122167191956,0.021221671919559704,0.06517493784120663
RS,2018-06,2.5,NA,2.457376893037422,-0.042623106962578206,0.05964174573259537,2.4565608148591878,-0.04343918514081224,0.065163013841736
RS,2018-07,2.4,NA,2.418275664308922,0.018275664308922135,0.059673976087952066,2.404930106718761,0.004930106718761262,0.06521155344256116
RS,2018-08,2.6,NA,2.574616191475143,-0.025383808524857,0.05965836827460071,2.5794841031793636,-0.02051589682063648,0.06519042322309383
RS,2018-09,2.1,NA,2.087503574492411,-0.012496425507589226,0.05963147000164391,2.0836456303402695,-0.016354369659730583,0.06514642824391698
RS,2018-10,2.2,NA,2.2450532724505257,0.04505327245052548,0.0596197228535222,2.2441651705565446,0.04416517055654445,0.06512897704746833
RS,2018-11,1.9,NA,1.9137389317337883,0.013738931733788373,0.0596121936080993,1.9317160826594737,0.03171608265947379,0.06511917610681787
RS,2018-12,2,NA,2.0001904943327986,1.904943327986075e-4,0.059619972878099475,1.9922109047333603,-0.007789095266639734,0.06512823628705314
RS,2019-01,2,NA,2.0514768733972844,0.05147687339728435,0.059594998426887515,2.04630321135173,0.04630321135172988,0.0650893430329613
RS,2019-02,2.3,NA,2.318319454958351,0.018319454958350967,0.05957221420585534,2.3214285714285854,0.021428571428585563,0.06505367772108844
RS,2019-03,2.7,NA,2.665406427221173,-0.03459357277882713,0.05957776022812955,2.6605231866825063,-0.039476813317493864,0.06506097823920054
RS,2019-04,3,NA,2.9544599171998476,-0.045540082800152426,0.05954810217901768,2.959455460195315,-0.04054453980468509,0.06501623671649862
RS,2019-05,1.9,NA,1.9232564653160367,0.023256465316036756,0.059425975934334616,1.9233592717662562,0.023359271766256295,0.06482332691761608
RS,2019-06,1.4,NA,1.403737101422342,0.0037371014223421817,0.059361519805774025,1.4035087719298067,0.0035087719298068087,0.06472247871139838
RS,2019-07,1.7,NA,1.7172188520765186,0.01721885207651863,0.05941284269025089,1.7173051519154603,0.017305151915460337,0.06480385330631994
RS,2019-08,1.4,NA,1.4502184623965908,0.05021846239659089,0.05936368032269204,1.4473684210526194,0.047368421052619514,0.06472568482610033
RS,2019-09,1.4,NA,1.4098972922502284,0.009897292250228507,0.059402889696183486,1.409691629955967,0.009691629955967063,0.06478778940014361
RS,2019-10,1.2,NA,1.1723111276516374,-0.027688872348362592,0.05935859281390267,1.170617500731641,-0.029382499268358897,0.06471836534245914
RS,2019-11,1.7,NA,1.7096412556053764,0.009641255605376431,0.05942216186732088,1.7041281034229527,0.004128103422952778,0.0648159341929942
RS,2019-12,2.1,NA,2.0823606312447396,-0.01763936875526051,0.05943516484411452,2.0854751064767196,-0.014524893523280458,0.0648395854829253
RS,2020-01,2.3,NA,2.317356910190771,0.017356910190771124,0.05941448845556961,2.312646370023441,0.012646370023441378,0.06480625339359071
RS,2020-02,2.3,NA,2.3027836863035223,0.002783686303522437,0.059354609437080534,2.29784758580569,-0.002152414194309671,0.06471043103445359
RS,2020-03,1.7,NA,1.749217455348906,0.04921745534890598,0.05928692770462847,1.7373678876502208,0.03736788765022081,0.06460383436279502
RS,2020-04,1.2,NA,1.1880826174373915,-0.011917382562608436,0.05919338706897448,1.17849956884164,-0.02150043115835998,0.0644566326220783
RS,2020-05,1.1,NA,1.1450032060089876,0.04500320600898755,0.05921246694174265,1.1380005762028134,0.038000576202813274,0.06448703547797485
RS,2020-06,1.8,NA,1.8518518518518379,0.05185185185183783,0.05925246845672222,1.8454440599769306,0.04544405997693057,0.06455056545991761
RS,2020-07,2.2,NA,2.1836865767501656,-0.016313423249834536,0.05927533198351914,2.1933621933621916,-0.006637806637808552,0.06458826567051676
RS,2020-08,1.9,NA,1.9151470722990949,0.015147072299094955,0.05925112925283145,1.9167026949128196,0.016702694912819727,0.06454940933094919
RS,2020-09,1.8,NA,1.8414510634379821,0.041451063437982105,0.059292028867665866,1.8389805965826733,0.03898059658267328,0.06461330586421826
RS,2020-10,1.8,NA,1.7840720985838,-0.015927901416200152,0.05927828177756961,1.7934625397743709,-0.006537460225629177,0.06459310547727613
RS,2020-11,1.7,NA,1.6625332965922723,-0.03746670340772762,0.05926162089173291,1.6611295681062899,-0.03887043189371009,0.0645645767418826
RS,2020-12,1.3,NA,1.2989388949872005,-0.0010611050127995458,0.05920686694543484,1.309164149043296,0.009164149043295877,0.06448059014163741
RS,2021-01,1.2,NA,1.1551755503001582,-0.044824449699841784,0.0591484071107104,1.158798283261775,-0.041201716738225036,0.06438904136504019
RS,2021-02,1.1,NA,1.1480744892424566,0.0480744892424565,0.059091849326037,1.1373329542223365,0.0373329542223364,0.06429750731832687
RS,2021-03,1.7,NA,1.7281939920376521,0.02819399203765216,0.05912632075606396,1.736160523694319,0.03616052369431899,0.0643543589386434
RS,2021-04,2.6,NA,2.6282514450866934,0.028251445086693305,0.059150481008177686,2.627840909090895,0.027840909090894872,0.06439118188274794
RS,2021-05,3.5,NA,3.477630863973924,-0.022369136026076042,0.05921380324506312,3.475288420452949,-0.024711579547051166,0.06449047773967048
RS,2021-06,3.1,NA,3.114311431143113,0.014311431143112952,0.05914105812021346,3.1143827859569706,0.014382785956970512,0.06437672584838314
RS,2021-07,3.1,NA,3.1247194037891557,0.024719403789155603,0.05911936425445763,3.1205874046879467,0.02058740468794662,0.0643406232282327
RS,2021-08,4.2,NA,4.189893903974107,-0.010106096025893407,0.05917954926739679,4.185520361990958,-0.014479638009042617,0.06443619346450728
RS,2021-09,5.6,NA,5.623361359732382,0.02336135973238207,0.05929497158302741,5.630598606569048,0.03059860656904867,0.06461898184320838
RS,2021-10,6.5,NA,6.532345500542092,0.03234550054209162,0.05933015655495763,6.535947712418322,0.03594771241832184,0.06467291472807746
RS,2021-11,7.5,NA,7.490061438380913,-0.009938561619087238,0.059373421640693036,7.487922705314021,-0.01207729468597929,0.06474054580174154
RS,2021-12,7.9,NA,7.874300162542891,-0.025699837457109354,0.05938569171765139,7.867083214995718,-0.03291678500428219,0.06475909423565718
RS,2022-01,8.2,NA,8.227677367143249,0.027677367143249754,0.05936191337861448,8.230801866779824,0.030801866779825104,0.06472428241173667
RS,2022-02,8.8,NA,8.749664849405669,-0.050335150594332134,0.05932834323216578,8.757379814450395,-0.04262018554960534,0.06467229264931476
RS,2022-03,9.1,NA,9.098994930178762,-0.001005069821237825,0.05929907475452187,9.09218072457687,-0.007819275423129213,0.06462387611725955
RS,2022-04,9.5,NA,9.522133239461429,0.022133239461428644,0.05921949015398493,9.522491349480955,0.02249134948095488,0.06449982639096755
RS,2022-05,10.2,NA,10.222300017503926,0.02230001750392674,0.05919929546724593,10.227116311080508,0.027116311080508382,0.06446848701383899
RS,2022-06,11.6,NA,11.627094972067042,0.027094972067041923,0.05923651776239818,11.628226249313567,0.02822624931356721,0.0645269238227151
RS,2022-07,12.5,NA,12.494558119286015,-0.005441880713984659,0.059250960301231434,12.48801862248392,-0.011981377516079306,0.06454799525006737
RS,2022-08,12.8,NA,12.7804625474629,-0.01953745253710082,0.059181069319445244,12.785016286644924,-0.0149837133550772,0.06443980837992976
RS,2022-09,13.5,NA,13.549601985791316,0.04960198579131614,0.05913933073636016,13.541526450397079,0.04152645039707892,0.06437215819426552
RS,2022-10,14.5,NA,14.536510898142673,0.03651089814267294,0.05909746887024607,14.53720992264602,0.03720992264602074,0.0643062956736894
RS,2022-11,14.6,NA,14.57510296713458,-0.024897032865419888,0.05901803408284167,14.567085261070712,-0.032914738929287424,0.06418156545016991
RS,2022-12,14.6,NA,14.607399966515988,0.00739996651598851,0.058982395779613096,14.612954186413907,0.01295418641390711,0.06412670841142798
RS,2023-01,15.3,NA,15.270854104353603,-0.02914589564639769,0.05894279054936664,15.275055533777593,-0.02494446622240787,0.06406474947953597
RS,2023-02,15.5,NA,15.49145299145298,-0.008547008547019175,0.05885484274290981,15.496962647020807,-0.003037352979193386,0.06392639024473445
RS,2023-03,15.6,NA,15.563345834012733,-0.03665416598726701,0.058787026978396086,15.566098217720214,-0.03390178227978602,0.06382011143849983
RS,2023-04,14.8,NA,14.752912816392127,-0.04708718360787323,0.058628080064941426,14.76052066220146,-0.03947933779854118,0.06357010746001526
RS,2023-05,14.5,NA,14.514848340479602,0.014848340479602484,0.058516549481518174,14.51048951048952,0.010489510489520626,0.06339351208232327
RS,2023-06,13.5,NA,13.528307788551786,0.028307788551785507,0.05834877650095996,13.54076989300208,0.04076989300208034,0.06313127351451249
RS,2023-07,12.4,NA,12.360681114551086,-0.03931888544891393,0.058218292612792225,12.367620206938511,-0.03237979306148908,0.06292560074296644
RS,2023-08,11.5,NA,11.477542275614038,-0.022457724385962052,0.05809080810603773,11.480144404332137,-0.019855595667863213,0.06272443708810663
RS,2023-09,10.2,NA,10.153776571687011,-0.04622342831298809,0.057920766492223996,10.160047421458218,-0.039952578541781136,0.062457619882718335
RS,2023-10,8.5,NA,8.45612736023693,-0.04387263976306954,0.0577177388878281,8.45365626455521,-0.04634373544478976,0.062136333038225154
RS,2023-11,7.9,NA,7.901107769055837,0.0011077690558369824,0.05762604019400836,7.903542171454947,0.0035421714549466188,0.06199397381859092
RS,2023-12,7.5,NA,7.523190417062309,0.023190417062308732,0.05757881785176621,7.5120606478290775,0.012060647829077453,0.0619177613512422
RS,2024-01,6.4,NA,6.393253567824719,-0.006746432175281036,0.05743813080466429,6.3931081387440525,-0.006891861255947873,0.06169763705161778
RS,2024-02,5.7,NA,5.678502810787722,-0.021497189212277945,0.0573179571198601,5.673679498657136,-0.026320501342864233,0.061508151270068104
RS,2024-03,5.1,NA,5.121693121693105,0.021693121693105333,0.057235333090712284,5.125929213358482,0.025929213358482528,0.06137944797588808
RS,2024-04,5.1,NA,5.055668370562283,-0.044331629437716735,0.05717931756776705,5.054509415262642,-0.04549058473735723,0.06129030444968961
RS,2024-05,4.5,NA,4.520870891693263,0.020870891693262728,0.05709058628802154,4.525627044711,0.025627044711000302,0.06115188806132557
RS,2024-06,3.9,NA,3.946824631491941,0.04682463149194094,0.057023929764137345,3.9428076256499134,0.04280762564991347,0.0610454293558086
RS,2024-07,4.4,NA,4.387958944685555,-0.012041055314445437,0.05703960732054438,4.387390315242112,-0.01260968475788804,0.06107070687440376
RS,2024-08,4.4,NA,4.399752899993126,-2.471000068746676e-4,0.05701488615896744,4.393350604490487,-0.006649395509513489,0.061031592757150824
RS,2024-09,4.3,NA,4.2770136180113605,-0.022986381988639337,0.05698956455272741,4.272492466637967,-0.02750753336203271,0.060991847420718795
RS,2024-10,4.6,NA,4.5879702328121885,-0.012029767187811125,0.05698395474270541,4.5844964569465185,-0.015503543053481117,0.06098263347954405
RS,2024-11,4.4,NA,4.432961653521872,0.032961653521871526,0.05694971993654888,4.437553464499588,0.037553464499588074,0.060930151489761525
RS,2024-12,4.5,NA,4.496977107533451,-0.0030228924665491874,0.056945756983477126,4.508547008547015,0.008547008547014734,0.0609246018701147
RS,2025-01,4.8,NA,4.837070659169429,0.0370706591694292,0.05693845507279891,4.836991263584078,0.03699126358407856,0.06091183631278416
RS,2025-02,4.7,NA,4.740421520436344,0.04042152043634406,0.05689315270084292,4.744255003706432,0.044255003706432205,0.06084105977992727
RS,2025-03,4.5,NA,4.469498691362994,-0.03050130863700584,0.05686093210829351,4.474934036939304,-0.02506596306069575,0.06079023398611817
RS,2025-04,4,NA,4.039192161567695,0.039192161567695116,0.05679994641610237,4.035639412997893,0.035639412997893416,0.060693691793134066
RS,2025-05,3.9,NA,3.874220512140103,-0.02577948785989692,0.05676244595038278,3.8706311945748695,-0.02936880542513043,0.06063487903988393
RS,2025-06,4.7,NA,4.724670333311232,0.024670333311231474,0.056783005444745585,4.720716965402261,0.020716965402260534,0.060666981917747095
RS,2025-07,5,NA,4.988781839778289,-0.01121816022171096,0.056763520583337015,4.991697799916972,-0.008302200083027955,0.06063676306558308
RS,2025-08,4.8,NA,4.845496383957926,0.04549638395792588,0.056733908493884225,4.849550201633757,0.049550201633756785,0.06059091873651297
RS,2025-09,3.2,NA,3.176269851686575,-0.023730148313425126,0.05666676302177735,3.1788626277221566,-0.021137372277843625,0.060485027486207155
RS,2025-10,3.1,NA,3.100724590377957,7.245903779566909e-4,0.056629046432220706,3.1002977107073226,2.9771070732254046e-4,0.060425022980736445
RS,2025-11,3.1,NA,3.066406250000009,-0.03359374999999121,0.056610234578450526,3.0613289648817377,-0.03867103511826242,0.060395276388086505
RS,2025-12,3,NA,3.016316713254885,0.01631671325488515,0.05659872315911249,3.015743201799226,0.015743201799225837,0.06037700588845836
RS,2026-01,2.7,NA,2.6817447495961266,-0.018255250403873546,0.056548683190617004,2.682926829268295,-0.017073170731705112,0.06029892920880429
RS,2026-02,2.6,NA,2.6229508196721207,0.022950819672120648,0.05651311317324565,2.62865231018099,0.028652310180989904,0.06024308221161566
RS,2026-03,3.1,NA,3.077021905312538,-0.022978094687462036,0.05652267687753943,3.0710172744721653,-0.028982725527834763,0.06025714805912073
RS,2026-04,3.6,NA,3.6453328208085,0.045332820808499985,0.05652333054073959,3.647355163727961,0.047355163727961,0.0602593126027067
RS,2026-05,3.8,NA,3.7808149188912843,-0.01918508110871553,0.056507242780651785,3.786661309762951,-0.013338690237048922,0.06023436426826853
RS,2026-06,3,NA,3.024550746646426,0.02455074664642609,0.05642320142832974,3.0251766344910003,0.02517663449100027,0.060101760206711666
RS,2026-07,2.2,NA,2.199874292897541,-1.2570710245896066e-4,0.056354490078343734,2.1943263813383407,-0.005673618661659496,0.059992800552601484
RS,2026-08,2.5,NA,2.4832256850818357,-0.01677431491816428,0.056348630641659306,2.485207100591702,-0.014792899408297977,0.05998447766768204
XK,2016-01,0.1,NA,0.1295594977077874,0.029559497707787402,0.05997257123269423,0.12121212121212199,0.021212121212121987,0.06347617590041833
XK,2016-02,0,NA,0.019872813990451377,0.019872813990451377,0.05993739431707028,0.02685645226265798,0.02685645226265798,0.06343002930389839
XK,2016-03,0.1,NA,0.059582919563050396,-0.04041708043694961,0.05993344503076282,0.05367686527106841,-0.0463231347289316,0.0634228178250987
XK,2016-04,-0.1,NA,-0.11013215859030367,-0.01013215859030367,0.06000650119350269,-0.10823975104856665,-0.00823975104856664,0.06352264647875466
XK,2016-05,-0.1,NA,-0.13032581453633618,-0.030325814536336176,0.060018530034359086,-0.12193469719550265,-0.021934697195502645,0.06354003964928902
XK,2016-06,-0.3,NA,-0.3004205888243461,-4.205888243460909e-4,0.05999897753911354,-0.2977398836107703,0.0022601163892296827,0.0635134835645141
XK,2016-07,0,NA,-0.04015257980325426,-0.04015257980325426,0.06003612966373202,-0.040694519804662654,-0.040694519804662654,0.06356207986165188
XK,2016-08,0,NA,0.030078203328653963,0.030078203328653963,0.060027575606743974,0.027096599376763564,0.027096599376763564,0.06355013525263357
XK,2016-09,0.5,NA,0.5533199195171035,0.053319919517103465,0.06008819516697772,0.543773790103308,0.04377379010330795,0.06363130599443334
XK,2016-10,0.9,NA,0.8902670801240298,-0.009732919875970247,0.06004752761228989,0.8921330089213253,-0.007866991078674723,0.06357746235529341
XK,2016-11,0.9,NA,0.8793844308983889,-0.02061556910161111,0.060036943361192086,0.8777852802160702,-0.02221471978392986,0.06356365869549062
XK,2016-12,1.3,NA,1.2997400519896063,-2.5994801039375126e-4,0.06006297440771794,1.283436908943525,-0.016563091056475132,0.06359655747831286
XK,2017-01,1.7,NA,1.6820941574599457,-0.01790584254005423,0.06003693113155469,1.6949152542372836,-0.005084745762716336,0.06356570589549619
XK,2017-02,1.7,NA,1.6590502682296782,-0.040949731770321796,0.06001684136043263,1.651228352799028,-0.048771647200972046,0.06353545632654041
XK,2017-03,1.5,NA,1.5085351329892749,0.008535132989274885,0.059999431080438134,1.5021459227467782,0.0021459227467781616,0.06351275120190095
XK,2017-04,2.2,NA,2.2150947178510627,0.015094717851062533,0.06013406308097881,2.207774617364211,0.007774617364210812,0.06369414700104051
XK,2017-05,1.5,NA,1.5458743224252114,0.04587432242521139,0.06011573350343431,1.546391752577314,0.046391752577314094,0.06366972271789048
XK,2017-06,1.9,NA,1.9184411410204882,0.018441141020488327,0.060140540434964876,1.9275145920998993,0.02751459209989937,0.06370486728601193
XK,2017-07,1.7,NA,1.687085760192808,-0.012914239807191974,0.06012688721430974,1.6827249287556079,-0.017275071244392093,0.0636845382635877
XK,2017-08,1.7,NA,1.7139420667535488,0.01394206675354881,0.060108947683008604,1.7066233238520967,0.006623323852096741,0.06366020745793391
XK,2017-09,1.7,NA,1.6708354177088491,-0.02916458229115082,0.060088586063917405,1.6765819361817424,-0.023418063818257506,0.06363416589617238
XK,2017-10,0.9,NA,0.9121554630180384,0.012155463018038382,0.05995995218436537,0.897642015005351,-0.0023579849946490095,0.06345777344687871
XK,2017-11,0.9,NA,0.8816245666171341,-0.018375433382865958,0.05994956040448822,0.8835341365461824,-0.01646586345381762,0.0634460196878545
XK,2017-12,0.5,NA,0.4934859849980322,-0.006514015001967799,0.05989407254169947,0.5068694144324315,0.006869414432431498,0.06337247361707567
XK,2018-01,-0.2,NA,-0.17619420516835627,0.023805794831643745,0.05977994350992716,-0.18518518518518823,0.014814814814811783,0.06321526553008035
XK,2018-02,0,NA,-0.01954461057362966,-0.01954461057362966,0.059771350307310976,-0.013206550449029741,-0.013206550449029741,0.06320567838414891
XK,2018-03,0.1,NA,0.09777082518576119,-0.0022291748142388157,0.05978186208570521,0.10570824524311906,0.005708245243119053,0.06322051455108636
XK,2018-04,0.4,NA,0.41184545989410015,0.01184545989410013,0.059826036745435095,0.41081367611979225,0.010813676119792226,0.06327927469362045
XK,2018-05,1,NA,0.9885330170027684,-0.01146698299723159,0.05993419004631291,0.9885118888592004,-0.011488111140799617,0.06342429280582816
XK,2018-06,0.8,NA,0.8081206267862573,0.008120626786257246,0.059894950262480845,0.7990411506192396,-9.58849380760407e-4,0.06337055807368619
XK,2018-07,1.2,NA,1.2443215484890358,0.0443215484890358,0.05993700975451753,1.241158414520216,0.04115841452021596,0.0634286105975257
XK,2018-08,1.5,NA,1.46826960977533,-0.031730390224669947,0.059926501261813925,1.4649087761352986,-0.035091223864701426,0.06341489604315723
XK,2018-09,1.4,NA,1.4367250541232002,0.03672505412320026,0.05991127362006117,1.4361702127659637,0.03617021276596377,0.06339336238116795
XK,2018-10,1.5,NA,1.4442916093535096,-0.05570839064649036,0.05989606463005274,1.4606293984862573,-0.03937060151374272,0.06337542354258971
XK,2018-11,2.1,NA,2.071877454831106,-0.02812254516889423,0.05992104661502509,2.070063694267521,-0.029936305732479074,0.06340698405614832
XK,2018-12,2.9,NA,2.8972696916126583,-0.0027303083873415623,0.059963527287940126,2.89316522893166,-0.006834771068339851,0.06346338189973004
XK,2019-01,3.1,NA,3.137870170621704,0.037870170621703725,0.05995969161456274,3.140736814206213,0.040736814206213,0.06346016013876267
XK,2019-02,3.2,NA,3.1863942918580745,-0.013605708141925632,0.05992993814347855,3.183199049002794,-0.016800950997206243,0.06341851796651717
XK,2019-03,3.3,NA,3.2721234616136075,-0.02787653838639237,0.05992733558613077,3.2734952481520363,-0.026504751847963526,0.06341562138649368
XK,2019-04,3.4,NA,3.378906249999991,-0.021093750000008793,0.059930610656738284,3.3918437376270427,-0.00815626237295719,0.06342166053435576
XK,2019-05,3.4,NA,3.4259984338292915,0.025998433829291567,0.059956245029063694,3.412698412698423,0.012698412698422867,0.06345322079449064
XK,2019-06,3,NA,2.9523902629778,-0.04760973702220017,0.05992044140497496,2.9594398203197425,-0.04056017968025749,0.06340728232397409
XK,2019-07,2.6,NA,2.6043698790479963,0.004369879047996239,0.05988121195274328,2.6100711837595547,0.010071183759554625,0.06335420980646979
XK,2019-08,2.7,NA,2.6609692143342745,-0.03903078566572571,0.05984077737274615,2.6643916524478284,-0.03560834755217179,0.06329993382677832
XK,2019-09,2.4,NA,2.4253007372914137,0.0253007372914138,0.059818844622491825,2.425275301520702,0.0252753015207019,0.06326856812411646
XK,2019-10,2.2,NA,2.2179176755448005,0.017917675544800282,0.059792635238525176,2.211752388430832,0.011752388430831928,0.06323202148857682
XK,2019-11,1.7,NA,1.7316017316017396,0.031601731601739624,0.05970329974658979,1.7290691627665167,0.02906916276651672,0.06311291401214031
XK,2019-12,1.2,NA,1.1740001908943531,-0.02599980910564681,0.0596007444970361,1.1737391977299172,-0.02626080227008276,0.06297392875001483
XK,2020-01,1.6,NA,1.5497242821829182,-0.050275717817081844,0.059581181036422466,1.5546704355646979,-0.04532956443530223,0.06294839203620485
XK,2020-02,1,NA,0.9756559628682382,-0.02434403713176181,0.05951859694813244,0.972862263184826,-0.027137736815173952,0.06286308642237487
XK,2020-03,0.7,NA,0.7377281755414744,0.03772817554147445,0.05949294089546683,0.7285276073619729,0.028527607361972906,0.06282774332869134
XK,2020-04,0.3,NA,0.29283959947099536,-0.007160400529004629,0.05946027014922875,0.2808271636456361,-0.019172836354363898,0.06278279468749334
XK,2020-05,0.2,NA,0.18928639030852956,-0.01071360969147045,0.05947327684981585,0.19186492709131198,-0.008135072908688035,0.0628032658561711
XK,2020-06,0.1,NA,0.11394929256480779,0.013949292564807786,0.05950118456426573,0.10265622994996004,0.0026562299499600373,0.0628386151822116
XK,2020-07,-0.1,NA,-0.10457267801121661,-0.004572678011216608,0.05950163643511688,-0.10277492291880241,-0.0027749229188024083,0.06284026368686288
XK,2020-08,-0.5,NA,-0.49191183426354756,0.008088165736452435,0.059436575923079014,-0.4858092559447691,0.014190744055230908,0.06275340007313061
XK,2020-09,-0.4,NA,-0.4356885773820762,-0.0356885773820762,0.059450857710864655,-0.4351721489824545,-0.035172148982454465,0.06277133161724162
XK,2020-10,-0.2,NA,-0.20845177184006802,-0.008451771840068012,0.05946520505155202,-0.21766965428935414,-0.01766965428935413,0.06279016199396356
XK,2020-11,-0.3,NA,-0.3026004728132303,-0.0026004728132303367,0.05944195742445328,-0.3067092651757086,-0.006709265175708634,0.06275995467954149
XK,2020-12,0.1,NA,0.08490566037735459,-0.01509433962264542,0.05943796724813101,0.08924018357980845,-0.010759816420191554,0.06275428609023329
XK,2021-01,-0.2,NA,-0.2059732234809486,-0.005973223480948586,0.05935277721077235,-0.20242914979758941,-0.0024291497975894027,0.06263901637463325
XK,2021-02,0.7,NA,0.7317073170731714,0.031707317073171426,0.05941518327003158,0.7352941176470562,0.035294117647056256,0.06272409318697053
XK,2021-03,1.2,NA,1.2299314618345658,0.029931461834565853,0.05944652762472231,1.2434970181449012,0.043497018144901256,0.06276763716648553
XK,2021-04,1.9,NA,1.8931901667137652,-0.0068098332862347455,0.05950801498383318,1.8966395112016254,-0.0033604887983744725,0.0628498370360999
XK,2021-05,2,NA,1.9648592480634886,-0.03514075193651145,0.05953924330474511,1.966041108132277,-0.03395889186772294,0.06289199802809475
XK,2021-06,2.4,NA,2.36175661576401,-0.03824338423598972,0.05959697223825117,2.371490834508383,-0.028509165491616972,0.06297086853188748
XK,2021-07,3.5,NA,3.5020936429387195,0.0020936429387194977,0.05968319821293009,3.4979423868312765,-0.002057613168723549,0.06308500143948247
XK,2021-08,4.7,NA,4.686757296320954,-0.013242703679046564,0.059729382892685666,4.6762589928057485,-0.02374100719425165,0.06314724171330972
XK,2021-09,4.9,NA,4.861111111111116,-0.03888888888888431,0.05974415482834433,4.859236405707668,-0.04076359429233278,0.06316745316915462
XK,2021-10,5.7,NA,5.696923661222941,-0.003076338777058929,0.059765330595386586,5.697420762222505,-0.002579237777495358,0.06319757607867461
XK,2021-11,6.9,NA,6.895570520724648,-0.0044294792753527545,0.05981198759938939,6.896551724137923,-0.003448275862077743,0.06326089935419421
XK,2021-12,6.7,NA,6.7112828730323315,0.011282873032331331,0.059742260480395534,6.6997834670742495,-2.1653292575063432e-4,0.06316391437186819
XK,2022-01,7.1,NA,7.1301247771836,0.03012477718359996,0.059716208123519264,7.124746450304276,0.024746450304276024,0.06312910411069374
XK,2022-02,7.5,NA,7.5246787111193925,0.02467871111939246,0.05966309735104859,7.525799144223511,0.025799144223510595,0.06305850737127004
XK,2022-03,10,NA,10.016694490818034,0.016694490818034424,0.05973922716058329,10.013786188745444,0.013786188745443795,0.06316040770702754
XK,2022-04,11.2,NA,11.249768903679037,0.049768903679037635,0.0597638088788907,11.242973141786393,0.04297314178639411,0.06319443929680116
XK,2022-05,12.5,NA,12.479155086158977,-0.020844913841022716,0.05984246595729845,12.482784524852875,-0.017215475147125403,0.06330178944064435
XK,2022-06,14.1,NA,14.075240919199405,-0.02475908080059419,0.05991823762598218,14.074630603556226,-0.02536939644377334,0.06340311987249914
XK,2022-07,14.2,NA,14.196395733725641,-0.003604266274358281,0.05984720465859349,14.202286282306154,0.0022862823061551296,0.06330779611594844
XK,2022-08,13,NA,13.031238648746823,0.031238648746823472,0.05967268609919846,13.046146293568972,0.04614629356897204,0.0630735239502681
XK,2022-09,12.7,NA,12.718860564274692,0.018860564274692848,0.05964886421864623,12.713007233051377,0.013007233051377298,0.06303867887906409
XK,2022-10,12.7,NA,12.666187567373344,-0.033812432626655564,0.059552020641725364,12.674517421391274,-0.025482578608725603,0.06290970726122322
XK,2022-11,11.6,NA,11.59716060337177,-0.002839396628230517,0.059387629130584374,11.596114642043421,-0.003885357956578517,0.06268713962357858
XK,2022-12,12.1,NA,12.066071901775466,-0.0339280982245338,0.059366048577942566,12.068759699176312,-0.031240300823688116,0.0626577987166752
XK,2023-01,12,NA,12.04133461774235,0.04133461774235059,0.05928458422881787,12.03550295857989,0.035502958579890276,0.06254647946500473
XK,2023-02,10.5,NA,10.497141867313363,-0.002858132686636594,0.05911558729721607,10.498595505617981,-0.0014044943820188394,0.06231850395046922
XK,2023-03,7.1,NA,7.098297083122573,-0.001702916877426297,0.058729484786845504,7.0972886762360465,-0.0027113237639531107,0.061796382357953754
XK,2023-04,5.6,NA,5.550477773161622,-0.049522226838377925,0.058539695794481164,5.558674901740601,-0.04132509825939845,0.06154175603041778
XK,2023-05,4.3,NA,4.29124454328309,-0.008755456716909471,0.05841327915918307,4.296527159394481,-0.00347284060551889,0.06137002043407137
XK,2023-06,2.8,NA,2.818617496547793,0.01861749654779299,0.058237292563420834,2.810098792535687,0.010098792535687018,0.061131179955682534
XK,2023-07,2.4,NA,2.351046698872783,-0.048953301127216964,0.05814617740333627,2.3501251224023356,-0.04987487759766429,0.06100805816137539
XK,2023-08,3.2,NA,3.1734554511127167,-0.026544548887283526,0.05816154316104735,3.170122679405063,-0.029877320594937196,0.06102866804252552
XK,2023-09,4.3,NA,4.241448692152927,-0.05855130784707274,0.058218971778356256,4.252773547966071,-0.04722645203392872,0.061107938522295305
XK,2023-10,3.3,NA,3.2530696858555253,-0.04693031414447457,0.05810289705333502,3.2539597026182587,-0.04604029738174109,0.060950003216389305
XK,2023-11,2.9,NA,2.87031883597042,-0.029681164029579765,0.05806513154313312,2.8798624543305396,-0.020137545669460355,0.060900486914589005
XK,2023-12,2.3,NA,2.301568534720566,0.0015685347205662836,0.05797278980589267,2.311461440136342,0.011461440136342205,0.06077500327226973
XK,2024-01,1.8,NA,1.8133500078161502,0.013350007816150145,0.057887031030475856,1.816837435301566,0.016837435301565895,0.06065896468972756
XK,2024-02,2.2,NA,2.1868631446935405,-0.013136855306459694,0.057923924719575706,2.1819722487024684,-0.018027751297531758,0.060707656617344695
XK,2024-03,2.3,NA,2.306360201511337,0.006360201511337316,0.05796230951674714,2.3082650781831804,0.008265078183180563,0.060759933255939966
XK,2024-04,2.4,NA,2.4010076359915145,0.0010076359915145439,0.05796666171912114,2.40425531914894,0.004255319148940284,0.06076618379357175
XK,2024-05,2.4,NA,2.3692939504027732,-0.03070604959722667,0.05799120573173286,2.3692636072571993,-0.0307363927428006,0.06079878674531789
XK,2024-06,2.4,NA,2.3779428029704563,-0.022057197029543563,0.05799407263402475,2.3809523809523947,-0.019047619047605213,0.060804022655399984
XK,2024-07,2.2,NA,2.2183763373190724,0.018376337319072178,0.057953837961662966,2.211119379185722,0.011119379185721812,0.06074790684485946
XK,2024-08,1.4,NA,1.417224731350264,0.017224731350264033,0.05784212835739567,1.4100810270440967,0.010081027044096746,0.060597184101180895
XK,2024-09,0.2,NA,0.2007411982705376,7.411982705375908e-4,0.0577285647466905,0.19822639540949538,-0.0017736045905046294,0.060443308627825224
XK,2024-10,0.4,NA,0.4247104247104394,0.024710424710439383,0.05773840580790388,0.4174058228112232,0.01740582281122316,0.0604569240228953
XK,2024-11,0.7,NA,0.6878961199567213,-0.01210388004327867,0.057755754217033425,0.6893670357217552,-0.010632964278244783,0.06048095712532493
XK,2024-12,1.1,NA,1.1094845519685537,0.009484551968553578,0.057747495359887845,1.1035918792295707,0.003591879229570605,0.06046869296612335
XK,2025-01,1.5,NA,1.4586212191002756,-0.041378780899724354,0.05773294262318057,1.452432824981842,-0.0475671750181581,0.060449861646694775
XK,2025-02,1.8,NA,1.74886860474035,-0.05113139525964994,0.05773754961282275,1.7518399502435944,-0.04816004975640564,0.06045671400177483
XK,2025-03,2.9,NA,2.90066938524276,6.693852427601676e-4,0.05780567320863441,2.900810979413593,8.109794135928716e-4,0.060547973122240265
XK,2025-04,3,NA,2.9981549815498054,-0.0018450184501945799,0.05780281961029943,3.002285476833566,0.002285476833566058,0.060544477741368875
XK,2025-05,3.6,NA,3.6336985033174063,0.0336985033174062,0.05785502617278651,3.6280233527939965,0.02802335279399637,0.06061447160929911
XK,2025-06,4.3,NA,4.329037734393082,0.029037734393082104,0.057883673035511736,4.338304307018448,0.038304307018448114,0.060654828673845994
XK,2025-07,4.3,NA,4.2788979529013504,-0.02110204709864938,0.05786050861755046,4.284971398855952,-0.015028601144047471,0.060623243442478214
XK,2025-08,4.5,NA,4.5377764127764175,0.03777641277641752,0.05785234092493767,4.5449828784891455,0.044982878489145506,0.060612482249584376
XK,2025-09,4.7,NA,4.677145939281857,-0.02285406071814311,0.057885542685285944,4.675135360266558,-0.024864639733442218,0.06065572341525753
XK,2025-10,5.1,NA,5.1364859669357665,0.03648596693576689,0.05788683144817131,5.143926010599609,0.0439260105996091,0.060659042191135805
XK,2025-11,5.3,NA,5.327396944806928,0.027396944806928225,0.057880839677009556,5.331950207468883,0.03195020746888311,0.06064999741739984
XK,2025-12,5.3,NA,5.2731844852549115,-0.026815514745088365,0.057821122627648214,5.272371537431786,-0.02762846256821394,0.06056906454213942
XK,2026-01,5.8,NA,5.758171912832943,-0.04182808716705644,0.057784434470067834,5.7674608855711185,-0.032539114428881355,0.060520884593801574
XK,2026-02,5.8,NA,5.767056162834527,-0.032943837165472445,0.057756014178772505,5.766096169519153,-0.03390383048084722,0.0604811581178443
XK,2026-03,6.5,NA,6.520113653357251,0.020113653357251238,0.057720955348188926,6.517126401939977,0.01712640193997661,0.06043331951106093
XK,2026-04,7.5,NA,7.516047171219609,0.016047171219608636,0.05774429195294894,7.5138678769540945,0.013867876954094527,0.06046464285814192
XK,2026-05,6.8,NA,6.781806000148882,-0.01819399985111758,0.05769678426264233,6.780684104627754,-0.01931589537224543,0.06040144286240583
XK,2026-06,6,NA,6.020710059171619,0.020710059171618944,0.05761910909982144,6.016991504247882,0.01699150424788165,0.060295701724350226
XK,2026-07,6.5,NA,6.464944649446491,-0.035055350553508724,0.05761863264389101,6.462551111997605,-0.037448888002394654,0.06029533016415666
XK,2026-08,7.3,NA,7.337495409474837,0.03749540947483698,0.05761430390780297,7.334987593052111,0.03498759305211152,0.06028957754804229
